प्रातिपदिक	अन्त्य	नामपद	लिङ्गम्	विभक्ति	वचनम्	रूपम्
राम	अ	नाम	पुं	प्रथमा	एक	रामः
राम	अ	नाम	पुं	प्रथमा	द्वि	रामौ
राम	अ	नाम	पुं	प्रथमा	बहु	रामाः
राम	अ	नाम	पुं	द्वितीया	एक	रामम्
राम	अ	नाम	पुं	द्वितीया	द्वि	रामौ
राम	अ	नाम	पुं	द्वितीया	बहु	रामान्
राम	अ	नाम	पुं	तृतीया	एक	रामेण
राम	अ	नाम	पुं	तृतीया	द्वि	रामाभ्याम्
राम	अ	नाम	पुं	तृतीया	बहु	रामैः
राम	अ	नाम	पुं	चतुर्थी	एक	रामाय
राम	अ	नाम	पुं	चतुर्थी	द्वि	रामाभ्याम्
राम	अ	नाम	पुं	चतुर्थी	बहु	रामेभ्यः
राम	अ	नाम	पुं	पञ्चमी	एक	रामात्
राम	अ	नाम	पुं	पञ्चमी	द्वि	रामाभ्याम्
राम	अ	नाम	पुं	पञ्चमी	बहु	रामेभ्यः
राम	अ	नाम	पुं	षष्ठी	एक	रामस्य
राम	अ	नाम	पुं	षष्ठी	द्वि	रामयोः
राम	अ	नाम	पुं	षष्ठी	बहु	रामाणाम्
राम	अ	नाम	पुं	सप्तमी	एक	रामे
राम	अ	नाम	पुं	सप्तमी	द्वि	रामयोः
राम	अ	नाम	पुं	सप्तमी	बहु	रामेषु
राम	अ	नाम	पुं	सम्बोधन	एक	राम
राम	अ	नाम	पुं	सम्बोधन	द्वि	हे रामौ
राम	अ	नाम	पुं	सम्बोधन	बहु	रामाः
हरि	इ 	नाम	पुं	प्रथमा	एक	हरिः
हरि	इ 	नाम	पुं	प्रथमा	द्वि	हरी
हरि	इ 	नाम	पुं	प्रथमा	बहु	हरयः
हरि	इ 	नाम	पुं	द्वितीया	एक	हरिम्
हरि	इ 	नाम	पुं	द्वितीया	द्वि	हरी
हरि	इ 	नाम	पुं	द्वितीया	बहु	हरीन्
हरि	इ 	नाम	पुं	तृतीया	एक	हरिणा
हरि	इ 	नाम	पुं	तृतीया	द्वि	हरिभ्याम्
हरि	इ 	नाम	पुं	तृतीया	बहु	हरिभिः
हरि	इ 	नाम	पुं	चतुर्थी	एक	हरये
हरि	इ 	नाम	पुं	चतुर्थी	द्वि	हरिभ्याम्
हरि	इ 	नाम	पुं	चतुर्थी	बहु	हरिभ्यः
हरि	इ 	नाम	पुं	पञ्चमी	एक	हरेः
हरि	इ 	नाम	पुं	पञ्चमी	द्वि	हरिभ्याम्
हरि	इ 	नाम	पुं	पञ्चमी	बहु	हरिभ्यः
हरि	इ 	नाम	पुं	षष्ठी	एक	हरेः
हरि	इ 	नाम	पुं	षष्ठी	द्वि	हर्य्यौः
हरि	इ 	नाम	पुं	षष्ठी	बहु	हरीणाम्
हरि	इ 	नाम	पुं	सप्तमी	एक	हरौ
हरि	इ 	नाम	पुं	सप्तमी	द्वि	हर्य्यौः
हरि	इ 	नाम	पुं	सप्तमी	बहु	हरिषु
हरि	इ 	नाम	पुं	सम्बोधन	एक	हरे
हरि	इ 	नाम	पुं	सम्बोधन	द्वि	हे हरी
हरि	इ 	नाम	पुं	सम्बोधन	बहु	हरयः
गुरु	उ	नाम	पुं	प्रथमा	एक	गुरुः
गुरु	उ	नाम	पुं	प्रथमा	द्वि	गुरू
गुरु	उ	नाम	पुं	प्रथमा	बहु	गुरवः
गुरु	उ	नाम	पुं	द्वितीया	एक	गुरुम्
गुरु	उ	नाम	पुं	द्वितीया	द्वि	गुरू
गुरु	उ	नाम	पुं	द्वितीया	बहु	गुरून्
गुरु	उ	नाम	पुं	तृतीया	एक	गुरुणा
गुरु	उ	नाम	पुं	तृतीया	द्वि	गुरुभ्याम्
गुरु	उ	नाम	पुं	तृतीया	बहु	गुरुभिः
गुरु	उ	नाम	पुं	चतुर्थी	एक	गुरवे
गुरु	उ	नाम	पुं	चतुर्थी	द्वि	गुरुभ्याम्
गुरु	उ	नाम	पुं	चतुर्थी	बहु	गुरुभ्यः
गुरु	उ	नाम	पुं	पञ्चमी	एक	गुरोः
गुरु	उ	नाम	पुं	पञ्चमी	द्वि	गुरुभ्याम्
गुरु	उ	नाम	पुं	पञ्चमी	बहु	गुरुभ्यः
गुरु	उ	नाम	पुं	षष्ठी	एक	गुरोः
गुरु	उ	नाम	पुं	षष्ठी	द्वि	गुर्वोः
गुरु	उ	नाम	पुं	षष्ठी	बहु	गुरूणाम्
गुरु	उ	नाम	पुं	सप्तमी	एक	गुरौ
गुरु	उ	नाम	पुं	सप्तमी	द्वि	गुर्वोः
गुरु	उ	नाम	पुं	सप्तमी	बहु	गुरुषु
गुरु	उ	नाम	पुं	सम्बोधन	एक	गुरो
गुरु	उ	नाम	पुं	सम्बोधन	द्वि	हे गुरू
गुरु	उ	नाम	पुं	सम्बोधन	बहु	गुरवः
पितृ	ऋ	नाम	पुं	प्रथमा	एक	पिता
पितृ	ऋ	नाम	पुं	प्रथमा	द्वि	पितरौ
पितृ	ऋ	नाम	पुं	प्रथमा	बहु	पितरः
पितृ	ऋ	नाम	पुं	द्वितीया	एक	पितरम्
पितृ	ऋ	नाम	पुं	द्वितीया	द्वि	पितरौ
पितृ	ऋ	नाम	पुं	द्वितीया	बहु	पितॄन्
पितृ	ऋ	नाम	पुं	तृतीया	एक	पित्रा
पितृ	ऋ	नाम	पुं	तृतीया	द्वि	पितृभ्याम्
पितृ	ऋ	नाम	पुं	तृतीया	बहु	पितृभिः
पितृ	ऋ	नाम	पुं	चतुर्थी	एक	पित्रे
पितृ	ऋ	नाम	पुं	चतुर्थी	द्वि	पितराभ्याम्
पितृ	ऋ	नाम	पुं	चतुर्थी	बहु	पितृभ्यः
पितृ	ऋ	नाम	पुं	पञ्चमी	एक	पितुः
पितृ	ऋ	नाम	पुं	पञ्चमी	द्वि	पितृभ्याम्
पितृ	ऋ	नाम	पुं	पञ्चमी	बहु	पितृभ्यः
पितृ	ऋ	नाम	पुं	षष्ठी	एक	पितुः
पितृ	ऋ	नाम	पुं	षष्ठी	द्वि	पित्रोः
पितृ	ऋ	नाम	पुं	षष्ठी	बहु	पितॄणाम्
पितृ	ऋ	नाम	पुं	सप्तमी	एक	पितरि
पितृ	ऋ	नाम	पुं	सप्तमी	द्वि	पित्रोः
पितृ	ऋ	नाम	पुं	सप्तमी	बहु	पितृषु
पितृ	ऋ	नाम	पुं	सम्बोधन	एक	पितः
पितृ	ऋ	नाम	पुं	सम्बोधन	द्वि	पितरौ
पितृ	ऋ	नाम	पुं	सम्बोधन	बहु	पितरः
रै	ऐ	नाम	पुं	प्रथमा	एक	राः
रै	ऐ	नाम	पुं	प्रथमा	द्वि	रायौ
रै	ऐ	नाम	पुं	प्रथमा	बहु	रायः
रै	ऐ	नाम	पुं	द्वितीया	एक	रायम्
रै	ऐ	नाम	पुं	द्वितीया	द्वि	रायौ
रै	ऐ	नाम	पुं	द्वितीया	बहु	रायः
रै	ऐ	नाम	पुं	तृतीया	एक	राया
रै	ऐ	नाम	पुं	तृतीया	द्वि	राभ्याम्
रै	ऐ	नाम	पुं	तृतीया	बहु	राभिः
रै	ऐ	नाम	पुं	चतुर्थी	एक	रायै
रै	ऐ	नाम	पुं	चतुर्थी	द्वि	राभ्याम्
रै	ऐ	नाम	पुं	चतुर्थी	बहु	राभ्यः
रै	ऐ	नाम	पुं	पञ्चमी	एक	रायः
रै	ऐ	नाम	पुं	पञ्चमी	द्वि	राभ्याम्
रै	ऐ	नाम	पुं	पञ्चमी	बहु	राभ्यः
रै	ऐ	नाम	पुं	षष्ठी	एक	रायः
रै	ऐ	नाम	पुं	षष्ठी	द्वि	रायोः
रै	ऐ	नाम	पुं	षष्ठी	बहु	रायाम्
रै	ऐ	नाम	पुं	सप्तमी	एक	रायि
रै	ऐ	नाम	पुं	सप्तमी	द्वि	रायोः
रै	ऐ	नाम	पुं	सप्तमी	बहु	रासु
रै	ऐ	नाम	पुं	सम्बोधन	एक	राः
रै	ऐ	नाम	पुं	सम्बोधन	द्वि	रायौ
रै	ऐ	नाम	पुं	सम्बोधन	बहु	रायः
गो	ओ	नाम	पुं	प्रथमा	एक	गौः
गो	ओ	नाम	पुं	प्रथमा	द्वि	गावौ
गो	ओ	नाम	पुं	प्रथमा	बहु	गावः
गो	ओ	नाम	पुं	द्वितीया	एक	गाम्
गो	ओ	नाम	पुं	द्वितीया	द्वि	गावौ
गो	ओ	नाम	पुं	द्वितीया	बहु	गाः
गो	ओ	नाम	पुं	तृतीया	एक	गवा
गो	ओ	नाम	पुं	तृतीया	द्वि	गोभ्याम्
गो	ओ	नाम	पुं	तृतीया	बहु	गोभिः
गो	ओ	नाम	पुं	चतुर्थी	एक	गवे
गो	ओ	नाम	पुं	चतुर्थी	द्वि	गोभ्याम्
गो	ओ	नाम	पुं	चतुर्थी	बहु	गोभ्यः
गो	ओ	नाम	पुं	पञ्चमी	एक	गोः
गो	ओ	नाम	पुं	पञ्चमी	द्वि	गोभ्याम्
गो	ओ	नाम	पुं	पञ्चमी	बहु	गोभ्यः
गो	ओ	नाम	पुं	षष्ठी	एक	गोः
गो	ओ	नाम	पुं	षष्ठी	द्वि	गवोः
गो	ओ	नाम	पुं	षष्ठी	बहु	गवाम्
गो	ओ	नाम	पुं	सप्तमी	एक	गवि
गो	ओ	नाम	पुं	सप्तमी	द्वि	गवोः
गो	ओ	नाम	पुं	सप्तमी	बहु	गोषु
गो	ओ	नाम	पुं	सम्बोधन	एक	गौः
गो	ओ	नाम	पुं	सम्बोधन	द्वि	गावौ
गो	ओ	नाम	पुं	सम्बोधन	बहु	गावः
ग्लौ	औ	नाम	पुं	प्रथमा	एक	ग्लौः
ग्लौ	औ	नाम	पुं	प्रथमा	द्वि	ग्लावौ
ग्लौ	औ	नाम	पुं	प्रथमा	बहु	ग्लावः
ग्लौ	औ	नाम	पुं	द्वितीया	एक	ग्लावम्
ग्लौ	औ	नाम	पुं	द्वितीया	द्वि	ग्लावौ
ग्लौ	औ	नाम	पुं	द्वितीया	बहु	ग्लावः
ग्लौ	औ	नाम	पुं	तृतीया	एक	ग्लावा
ग्लौ	औ	नाम	पुं	तृतीया	द्वि	ग्लौभ्याम्
ग्लौ	औ	नाम	पुं	तृतीया	बहु	ग्लौभिः
ग्लौ	औ	नाम	पुं	चतुर्थी	एक	ग्लावे
ग्लौ	औ	नाम	पुं	चतुर्थी	द्वि	ग्लौभ्याम्
ग्लौ	औ	नाम	पुं	चतुर्थी	बहु	ग्लौभ्यः
ग्लौ	औ	नाम	पुं	पञ्चमी	एक	ग्लावः
ग्लौ	औ	नाम	पुं	पञ्चमी	द्वि	ग्लौभ्याम्
ग्लौ	औ	नाम	पुं	पञ्चमी	बहु	ग्लौभ्यः
ग्लौ	औ	नाम	पुं	षष्ठी	एक	ग्लावः
ग्लौ	औ	नाम	पुं	षष्ठी	द्वि	ग्लावोः
ग्लौ	औ	नाम	पुं	षष्ठी	बहु	ग्लावाम्
ग्लौ	औ	नाम	पुं	सप्तमी	एक	ग्लावि
ग्लौ	औ	नाम	पुं	सप्तमी	द्वि	ग्लावोः
ग्लौ	औ	नाम	पुं	सप्तमी	बहु	ग्लौषु
ग्लौ	औ	नाम	पुं	सम्बोधन	एक	ग्लौः
ग्लौ	औ	नाम	पुं	सम्बोधन	द्वि	ग्लावौ
ग्लौ	औ	नाम	पुं	सम्बोधन	बहु	ग्लावः
पयोमुच्	च्	नाम	पुं	प्रथमा	एक	पयोमुक्
पयोमुच्	च्	नाम	पुं	प्रथमा	द्वि	पयोमुचौ
पयोमुच्	च्	नाम	पुं	प्रथमा	बहु	पयोमुचः
पयोमुच्	च्	नाम	पुं	द्वितीया	एक	पयोमुचम्
पयोमुच्	च्	नाम	पुं	द्वितीया	द्वि	पयोमुचौ
पयोमुच्	च्	नाम	पुं	द्वितीया	बहु	पयोमुचः
पयोमुच्	च्	नाम	पुं	तृतीया	एक	पयोमुचा
पयोमुच्	च्	नाम	पुं	तृतीया	द्वि	पयोमुग्भ्याम्
पयोमुच्	च्	नाम	पुं	तृतीया	बहु	पयोमुग्भिः
पयोमुच्	च्	नाम	पुं	चतुर्थी	एक	पयोमुचे
पयोमुच्	च्	नाम	पुं	चतुर्थी	द्वि	पयोमुग्भ्याम्
पयोमुच्	च्	नाम	पुं	चतुर्थी	बहु	पयोमुग्भ्यः
पयोमुच्	च्	नाम	पुं	पञ्चमी	एक	पयोमुचः
पयोमुच्	च्	नाम	पुं	पञ्चमी	द्वि	पयोमुग्भ्याम्
पयोमुच्	च्	नाम	पुं	पञ्चमी	बहु	पयोमुग्भ्यः
पयोमुच्	च्	नाम	पुं	षष्ठी	एक	पयोमुचः
पयोमुच्	च्	नाम	पुं	षष्ठी	द्वि	पयोमुचोः
पयोमुच्	च्	नाम	पुं	षष्ठी	बहु	पयोमुचाम्
पयोमुच्	च्	नाम	पुं	सप्तमी	एक	पयोमुचि
पयोमुच्	च्	नाम	पुं	सप्तमी	द्वि	पयोमुचोः
पयोमुच्	च्	नाम	पुं	सप्तमी	बहु	पयोमुक्षु
पयोमुच्	च्	नाम	पुं	सम्बोधन	एक	पयोमुक्
पयोमुच्	च्	नाम	पुं	सम्बोधन	द्वि	पयौमुचौ
पयोमुच्	च्	नाम	पुं	सम्बोधन	बहु	पयोमुचः
वणिज्	ज्	नाम	पुं	प्रथमा	एक	वणिक्
वणिज्	ज्	नाम	पुं	प्रथमा	द्वि	वणिजौ
वणिज्	ज्	नाम	पुं	प्रथमा	बहु	वणिजः
वणिज्	ज्	नाम	पुं	द्वितीया	एक	वणिजम्
वणिज्	ज्	नाम	पुं	द्वितीया	द्वि	वणिजौ
वणिज्	ज्	नाम	पुं	द्वितीया	बहु	वणिजः
वणिज्	ज्	नाम	पुं	तृतीया	एक	वणिजा
वणिज्	ज्	नाम	पुं	तृतीया	द्वि	वणिग्भ्याम्
वणिज्	ज्	नाम	पुं	तृतीया	बहु	वणिग्भिः
वणिज्	ज्	नाम	पुं	चतुर्थी	एक	वणिजे
वणिज्	ज्	नाम	पुं	चतुर्थी	द्वि	वणिग्भ्याम्
वणिज्	ज्	नाम	पुं	चतुर्थी	बहु	वणिग्भ्यः
वणिज्	ज्	नाम	पुं	पञ्चमी	एक	वणिजः
वणिज्	ज्	नाम	पुं	पञ्चमी	द्वि	वणिग्भ्याम्
वणिज्	ज्	नाम	पुं	पञ्चमी	बहु	वणिग्भ्यः
वणिज्	ज्	नाम	पुं	षष्ठी	एक	वणिजः
वणिज्	ज्	नाम	पुं	षष्ठी	द्वि	वणिजोः
वणिज्	ज्	नाम	पुं	षष्ठी	बहु	वणिजाम्
वणिज्	ज्	नाम	पुं	सप्तमी	एक	वणिजि
वणिज्	ज्	नाम	पुं	सप्तमी	द्वि	वणिजोः
वणिज्	ज्	नाम	पुं	सप्तमी	बहु	वणिक्षु
वणिज्	ज्	नाम	पुं	सम्बोधन	एक	वणिक्
वणिज्	ज्	नाम	पुं	सम्बोधन	द्वि	वणिजौ
वणिज्	ज्	नाम	पुं	सम्बोधन	बहु	वणिजः
मरुत्	त्	नाम	पुं	प्रथमा	एक	मरुत्
मरुत्	त्	नाम	पुं	प्रथमा	द्वि	मरुतौ
मरुत्	त्	नाम	पुं	प्रथमा	बहु	मरुतः
मरुत्	त्	नाम	पुं	द्वितीया	एक	मरुतम्
मरुत्	त्	नाम	पुं	द्वितीया	द्वि	मरुतौ
मरुत्	त्	नाम	पुं	द्वितीया	बहु	मरुतः
मरुत्	त्	नाम	पुं	तृतीया	एक	मरुता
मरुत्	त्	नाम	पुं	तृतीया	द्वि	मरुद्भ्याम्
मरुत्	त्	नाम	पुं	तृतीया	बहु	मरुद्भिः
मरुत्	त्	नाम	पुं	चतुर्थी	एक	मरुते
मरुत्	त्	नाम	पुं	चतुर्थी	द्वि	मरुद्भ्याम्
मरुत्	त्	नाम	पुं	चतुर्थी	बहु	मरुद्भ्यः
मरुत्	त्	नाम	पुं	पञ्चमी	एक	मरुतः
मरुत्	त्	नाम	पुं	पञ्चमी	द्वि	मरुद्भ्याम्
मरुत्	त्	नाम	पुं	पञ्चमी	बहु	मरुद्भ्यः
मरुत्	त्	नाम	पुं	षष्ठी	एक	मरुतः
मरुत्	त्	नाम	पुं	षष्ठी	द्वि	मरुतोः
मरुत्	त्	नाम	पुं	षष्ठी	बहु	मरुताम्
मरुत्	त्	नाम	पुं	सप्तमी	एक	मरुति
मरुत्	त्	नाम	पुं	सप्तमी	द्वि	मरुतोः
मरुत्	त्	नाम	पुं	सप्तमी	बहु	मरुत्सु
मरुत्	त्	नाम	पुं	सम्बोधन	एक	मरुत्
मरुत्	त्	नाम	पुं	सम्बोधन	द्वि	मरुतौ
मरुत्	त्	नाम	पुं	सम्बोधन	बहु	मरुतः
सुहृत्	द्	नाम	पुं	प्रथमा	एक	सुहृत्
सुहृत्	द्	नाम	पुं	प्रथमा	द्वि	सुहृदौ
सुहृत्	द्	नाम	पुं	प्रथमा	बहु	सुहृदः
सुहृत्	द्	नाम	पुं	द्वितीया	एक	सुहृदम्
सुहृत्	द्	नाम	पुं	द्वितीया	द्वि	सुहृदौ
सुहृत्	द्	नाम	पुं	द्वितीया	बहु	सुहृदः
सुहृत्	द्	नाम	पुं	तृतीया	एक	सुहृदा
सुहृत्	द्	नाम	पुं	तृतीया	द्वि	सुहृद्भ्याम्
सुहृत्	द्	नाम	पुं	तृतीया	बहु	सुहृद्भिः
सुहृत्	द्	नाम	पुं	चतुर्थी	एक	सुहृदे
सुहृत्	द्	नाम	पुं	चतुर्थी	द्वि	सुहृद्भ्याम्
सुहृत्	द्	नाम	पुं	चतुर्थी	बहु	सुहृद्भ्यः
सुहृत्	द्	नाम	पुं	पञ्चमी	एक	सुहृदः
सुहृत्	द्	नाम	पुं	पञ्चमी	द्वि	सुहृद्भ्याम्
सुहृत्	द्	नाम	पुं	पञ्चमी	बहु	सुहृद्भ्यः
सुहृत्	द्	नाम	पुं	षष्ठी	एक	सुहृदः
सुहृत्	द्	नाम	पुं	षष्ठी	द्वि	सुहृदोः
सुहृत्	द्	नाम	पुं	षष्ठी	बहु	सुहृदाम्
सुहृत्	द्	नाम	पुं	सप्तमी	एक	सुहृदि
सुहृत्	द्	नाम	पुं	सप्तमी	द्वि	सुहृदोः
सुहृत्	द्	नाम	पुं	सप्तमी	बहु	सुहृत्सु
सुहृत्	द्	नाम	पुं	सम्बोधन	एक	सुहृत्
सुहृत्	द्	नाम	पुं	सम्बोधन	द्वि	सुहृदौ
सुहृत्	द्	नाम	पुं	सम्बोधन	बहु	सुहृदः
बुध्	ध्	नाम	पुं	प्रथमा	एक	भुत्
बुध्	ध्	नाम	पुं	प्रथमा	द्वि	बुधौ
बुध्	ध्	नाम	पुं	प्रथमा	बहु	बुधः
बुध्	ध्	नाम	पुं	द्वितीया	एक	बुधम्
बुध्	ध्	नाम	पुं	द्वितीया	द्वि	बुधौ
बुध्	ध्	नाम	पुं	द्वितीया	बहु	बुधः
बुध्	ध्	नाम	पुं	तृतीया	एक	बुधा
बुध्	ध्	नाम	पुं	तृतीया	द्वि	भुद्भ्याम्
बुध्	ध्	नाम	पुं	तृतीया	बहु	भुद्भिः
बुध्	ध्	नाम	पुं	चतुर्थी	एक	बुधे
बुध्	ध्	नाम	पुं	चतुर्थी	द्वि	भुद्भ्याम्
बुध्	ध्	नाम	पुं	चतुर्थी	बहु	भुद्भ्यः
बुध्	ध्	नाम	पुं	पञ्चमी	एक	बुधः
बुध्	ध्	नाम	पुं	पञ्चमी	द्वि	भुद्भ्याम्
बुध्	ध्	नाम	पुं	पञ्चमी	बहु	भुद्भ्यः
बुध्	ध्	नाम	पुं	षष्ठी	एक	बुधः
बुध्	ध्	नाम	पुं	षष्ठी	द्वि	बुधोः
बुध्	ध्	नाम	पुं	षष्ठी	बहु	बुधाम्
बुध्	ध्	नाम	पुं	सप्तमी	एक	बुधि
बुध्	ध्	नाम	पुं	सप्तमी	द्वि	बुधोः
बुध्	ध्	नाम	पुं	सप्तमी	बहु	भुत्सु
बुध्	ध्	नाम	पुं	सम्बोधन	एक	भुत्
बुध्	ध्	नाम	पुं	सम्बोधन	द्वि	बुधौ
बुध्	ध्	नाम	पुं	सम्बोधन	बहु	बुधः
आत्मन् 	न्	नाम	पुं	प्रथमा	एक	आत्मा
आत्मन् 	न्	नाम	पुं	प्रथमा	द्वि	आत्मानौ
आत्मन् 	न्	नाम	पुं	प्रथमा	बहु	आत्मानः
आत्मन् 	न्	नाम	पुं	द्वितीया	एक	आत्मानम्
आत्मन् 	न्	नाम	पुं	द्वितीया	द्वि	आत्मानौ
आत्मन् 	न्	नाम	पुं	द्वितीया	बहु	आत्मनः
आत्मन् 	न्	नाम	पुं	तृतीया	एक	आत्मना
आत्मन् 	न्	नाम	पुं	तृतीया	द्वि	आत्मभ्याम्
आत्मन् 	न्	नाम	पुं	तृतीया	बहु	आत्मभिः
आत्मन् 	न्	नाम	पुं	चतुर्थी	एक	आत्मने
आत्मन् 	न्	नाम	पुं	चतुर्थी	द्वि	आत्मभ्याम्
आत्मन् 	न्	नाम	पुं	चतुर्थी	बहु	आत्मभ्यः
आत्मन् 	न्	नाम	पुं	पञ्चमी	एक	आत्मनः
आत्मन् 	न्	नाम	पुं	पञ्चमी	द्वि	आत्मभ्याम्
आत्मन् 	न्	नाम	पुं	पञ्चमी	बहु	आत्मभ्यः
आत्मन् 	न्	नाम	पुं	षष्ठी	एक	आत्मनः
आत्मन् 	न्	नाम	पुं	षष्ठी	द्वि	आत्मनोः
आत्मन् 	न्	नाम	पुं	षष्ठी	बहु	आत्मनाम्
आत्मन् 	न्	नाम	पुं	सप्तमी	एक	आत्मनि
आत्मन् 	न्	नाम	पुं	सप्तमी	द्वि	आत्मनोः
आत्मन् 	न्	नाम	पुं	सप्तमी	बहु	आत्मसु
आत्मन् 	न्	नाम	पुं	सम्बोधन	एक	आत्मन्
आत्मन् 	न्	नाम	पुं	सम्बोधन	द्वि	हे आत्मानौ
आत्मन् 	न्	नाम	पुं	सम्बोधन	बहु	आत्मानः
तादृश्	श्	नाम	पुं	प्रथमा	एक	तादृक्
तादृश्	श्	नाम	पुं	प्रथमा	द्वि	तादृशौ
तादृश्	श्	नाम	पुं	प्रथमा	बहु	तादृशः
तादृश्	श्	नाम	पुं	द्वितीया	एक	तादृशम्
तादृश्	श्	नाम	पुं	द्वितीया	द्वि	तादृशौ
तादृश्	श्	नाम	पुं	द्वितीया	बहु	तादृशः
तादृश्	श्	नाम	पुं	तृतीया	एक	तादृशा
तादृश्	श्	नाम	पुं	तृतीया	द्वि	तादृग्भ्याम्
तादृश्	श्	नाम	पुं	तृतीया	बहु	तादृग्भिः
तादृश्	श्	नाम	पुं	चतुर्थी	एक	तादृशे
तादृश्	श्	नाम	पुं	चतुर्थी	द्वि	तादृग्भ्याम्
तादृश्	श्	नाम	पुं	चतुर्थी	बहु	तादृग्भ्यः
तादृश्	श्	नाम	पुं	पञ्चमी	एक	तादृशः
तादृश्	श्	नाम	पुं	पञ्चमी	द्वि	तादृग्भ्याम्
तादृश्	श्	नाम	पुं	पञ्चमी	बहु	तादृग्भ्यः
तादृश्	श्	नाम	पुं	षष्ठी	एक	तादृशः
तादृश्	श्	नाम	पुं	षष्ठी	द्वि	तादृशोः
तादृश्	श्	नाम	पुं	षष्ठी	बहु	तादृशाम्
तादृश्	श्	नाम	पुं	सप्तमी	एक	तादृशि
तादृश्	श्	नाम	पुं	सप्तमी	द्वि	तादृशोः
तादृश्	श्	नाम	पुं	सप्तमी	बहु	तादृशु
तादृश्	श्	नाम	पुं	सम्बोधन	एक	तादृक्
तादृश्	श्	नाम	पुं	सम्बोधन	द्वि	तादृशौ
तादृश्	श्	नाम	पुं	सम्बोधन	बहु	तादृशः
चन्द्रमस्	स्	नाम	पुं	प्रथमा	एक	चन्द्रमाः
चन्द्रमस्	स्	नाम	पुं	प्रथमा	द्वि	चन्द्रमसौ
चन्द्रमस्	स्	नाम	पुं	प्रथमा	बहु	चन्द्रमसः
चन्द्रमस्	स्	नाम	पुं	द्वितीया	एक	चन्द्रमसम्
चन्द्रमस्	स्	नाम	पुं	द्वितीया	द्वि	चन्द्रमसौ
चन्द्रमस्	स्	नाम	पुं	द्वितीया	बहु	चन्द्रमसः
चन्द्रमस्	स्	नाम	पुं	तृतीया	एक	चन्द्रमसा
चन्द्रमस्	स्	नाम	पुं	तृतीया	द्वि	चन्द्रमोभ्याम्
चन्द्रमस्	स्	नाम	पुं	तृतीया	बहु	चन्द्रमोभिः
चन्द्रमस्	स्	नाम	पुं	चतुर्थी	एक	चन्द्रमसे
चन्द्रमस्	स्	नाम	पुं	चतुर्थी	द्वि	चन्द्रमोभ्याम्
चन्द्रमस्	स्	नाम	पुं	चतुर्थी	बहु	चन्द्रमोभ्यः
चन्द्रमस्	स्	नाम	पुं	पञ्चमी	एक	चन्द्रमसः
चन्द्रमस्	स्	नाम	पुं	पञ्चमी	द्वि	चन्द्रमोभ्याम्
चन्द्रमस्	स्	नाम	पुं	पञ्चमी	बहु	चन्द्रमोभ्यः
चन्द्रमस्	स्	नाम	पुं	षष्ठी	एक	चन्द्रमसः
चन्द्रमस्	स्	नाम	पुं	षष्ठी	द्वि	चन्द्रमसोः
चन्द्रमस्	स्	नाम	पुं	षष्ठी	बहु	चन्द्रमसाम्
चन्द्रमस्	स्	नाम	पुं	सप्तमी	एक	चन्द्रमसि
चन्द्रमस्	स्	नाम	पुं	सप्तमी	द्वि	चन्द्रमसोः
चन्द्रमस्	स्	नाम	पुं	सप्तमी	बहु	चन्द्रमस्सु
चन्द्रमस्	स्	नाम	पुं	सम्बोधन	एक	चन्द्रमः
चन्द्रमस्	स्	नाम	पुं	सम्बोधन	द्वि	हे चन्द्रमसौ
चन्द्रमस्	स्	नाम	पुं	सम्बोधन	बहु	चन्द्रमसः
अनडुह्	ह्	नाम	पुं	प्रथमा	एक	अनड्वान्
अनडुह्	ह्	नाम	पुं	प्रथमा	द्वि	अनड्वाहौ
अनडुह्	ह्	नाम	पुं	प्रथमा	बहु	अनड्वाहः
अनडुह्	ह्	नाम	पुं	द्वितीया	एक	अनड्वाहम्
अनडुह्	ह्	नाम	पुं	द्वितीया	द्वि	अनड्वाहौ
अनडुह्	ह्	नाम	पुं	द्वितीया	बहु	अनडुहः
अनडुह्	ह्	नाम	पुं	तृतीया	एक	अनडुहा
अनडुह्	ह्	नाम	पुं	तृतीया	द्वि	अनडुद्भ्याम्
अनडुह्	ह्	नाम	पुं	तृतीया	बहु	अनडुद्भिः
अनडुह्	ह्	नाम	पुं	चतुर्थी	एक	अनडुहे
अनडुह्	ह्	नाम	पुं	चतुर्थी	द्वि	अनडुद्भ्याम्
अनडुह्	ह्	नाम	पुं	चतुर्थी	बहु	अनडुद्भ्यः
अनडुह्	ह्	नाम	पुं	पञ्चमी	एक	अनडुहः
अनडुह्	ह्	नाम	पुं	पञ्चमी	द्वि	अनडुद्भ्याम्
अनडुह्	ह्	नाम	पुं	पञ्चमी	बहु	अनडुद्भ्यः
अनडुह्	ह्	नाम	पुं	षष्ठी	एक	अनडुहः
अनडुह्	ह्	नाम	पुं	षष्ठी	द्वि	अनडुहोः
अनडुह्	ह्	नाम	पुं	षष्ठी	बहु	अनडुहाम्
अनडुह्	ह्	नाम	पुं	सप्तमी	एक	अनडुहि
अनडुह्	ह्	नाम	पुं	सप्तमी	द्वि	अनडुहोः
अनडुह्	ह्	नाम	पुं	सप्तमी	बहु	अनडुत्सु
अनडुह्	ह्	नाम	पुं	सम्बोधन	एक	अनडुवन्
अनडुह्	ह्	नाम	पुं	सम्बोधन	द्वि	अनड्वाहौ
अनडुह्	ह्	नाम	पुं	सम्बोधन	बहु	अनड्वाहः
कर्तृ	तृच्	नाम	पुं	प्रथमा	एक	कर्ता
कर्तृ	तृच्	नाम	पुं	प्रथमा	द्वि	कर्तारौ
कर्तृ	तृच्	नाम	पुं	प्रथमा	बहु	कर्तारः
कर्तृ	तृच्	नाम	पुं	द्वितीया	एक	कर्तारम्
कर्तृ	तृच्	नाम	पुं	द्वितीया	द्वि	कर्तारौ
कर्तृ	तृच्	नाम	पुं	द्वितीया	बहु	कर्तॄन्
कर्तृ	तृच्	नाम	पुं	तृतीया	एक	कर्त्रा
कर्तृ	तृच्	नाम	पुं	तृतीया	द्वि	कर्तृभ्याम्
कर्तृ	तृच्	नाम	पुं	तृतीया	बहु	कर्तृभिः
कर्तृ	तृच्	नाम	पुं	चतुर्थी	एक	कर्त्रे
कर्तृ	तृच्	नाम	पुं	चतुर्थी	द्वि	कर्तृभ्याम्
कर्तृ	तृच्	नाम	पुं	चतुर्थी	बहु	कर्तृभ्यः
कर्तृ	तृच्	नाम	पुं	पञ्चमी	एक	कर्तुः
कर्तृ	तृच्	नाम	पुं	पञ्चमी	द्वि	कर्तृभ्याम्
कर्तृ	तृच्	नाम	पुं	पञ्चमी	बहु	कर्तृभ्यः
कर्तृ	तृच्	नाम	पुं	षष्ठी	एक	कर्तुः
कर्तृ	तृच्	नाम	पुं	षष्ठी	द्वि	कर्त्रोः
कर्तृ	तृच्	नाम	पुं	षष्ठी	बहु	कतॄणाम्
कर्तृ	तृच्	नाम	पुं	सप्तमी	एक	कर्तरि
कर्तृ	तृच्	नाम	पुं	सप्तमी	द्वि	कर्त्रोः
कर्तृ	तृच्	नाम	पुं	सप्तमी	बहु	कर्तृषु
कर्तृ	तृच्	नाम	पुं	सम्बोधन	एक	कर्तः
कर्तृ	तृच्	नाम	पुं	सम्बोधन	द्वि	हे कर्तारौ
कर्तृ	तृच्	नाम	पुं	सम्बोधन	बहु	कर्तारः
भवत्	अत्	नाम	पुं	प्रथमा	एक	भवान्
भवत्	अत्	नाम	पुं	प्रथमा	द्वि	भवन्तौ
भवत्	अत्	नाम	पुं	प्रथमा	बहु	भवन्तः
भवत्	अत्	नाम	पुं	द्वितीया	एक	भवन्तम्
भवत्	अत्	नाम	पुं	द्वितीया	द्वि	भवन्तौ
भवत्	अत्	नाम	पुं	द्वितीया	बहु	भवतः
भवत्	अत्	नाम	पुं	तृतीया	एक	भवता
भवत्	अत्	नाम	पुं	तृतीया	द्वि	भवद्भ्याम्
भवत्	अत्	नाम	पुं	तृतीया	बहु	भवद्भिः
भवत्	अत्	नाम	पुं	चतुर्थी	एक	भवते
भवत्	अत्	नाम	पुं	चतुर्थी	द्वि	भवद्भ्याम्
भवत्	अत्	नाम	पुं	चतुर्थी	बहु	भवद्भ्यः
भवत्	अत्	नाम	पुं	पञ्चमी	एक	भवतः
भवत्	अत्	नाम	पुं	पञ्चमी	द्वि	भवद्भ्याम्
भवत्	अत्	नाम	पुं	पञ्चमी	बहु	भवद्भ्यः
भवत्	अत्	नाम	पुं	षष्ठी	एक	भवतः
भवत्	अत्	नाम	पुं	षष्ठी	द्वि	भवतोः
भवत्	अत्	नाम	पुं	षष्ठी	बहु	भवताम्
भवत्	अत्	नाम	पुं	सप्तमी	एक	भवति
भवत्	अत्	नाम	पुं	सप्तमी	द्वि	भवतोः
भवत्	अत्	नाम	पुं	सप्तमी	बहु	भवत्सु
भवत्	अत्	नाम	पुं	सम्बोधन	एक	भवन्
भवत्	अत्	नाम	पुं	सम्बोधन	द्वि	भवन्तौ
भवत्	अत्	नाम	पुं	सम्बोधन	बहु	भवन्तः
करिन्	इन्	नाम	पुं	प्रथमा	एक	करी
करिन्	इन्	नाम	पुं	प्रथमा	द्वि	करिणौ
करिन्	इन्	नाम	पुं	प्रथमा	बहु	करिणः
करिन्	इन्	नाम	पुं	द्वितीया	एक	करिणम्
करिन्	इन्	नाम	पुं	द्वितीया	द्वि	करिणौ
करिन्	इन्	नाम	पुं	द्वितीया	बहु	करिणः
करिन्	इन्	नाम	पुं	तृतीया	एक	करिणा
करिन्	इन्	नाम	पुं	तृतीया	द्वि	करिभ्याम्
करिन्	इन्	नाम	पुं	तृतीया	बहु	करिभिः
करिन्	इन्	नाम	पुं	चतुर्थी	एक	करिणे
करिन्	इन्	नाम	पुं	चतुर्थी	द्वि	करिभ्याम्
करिन्	इन्	नाम	पुं	चतुर्थी	बहु	करिभ्यः
करिन्	इन्	नाम	पुं	पञ्चमी	एक	करिणः
करिन्	इन्	नाम	पुं	पञ्चमी	द्वि	करिभ्याम्
करिन्	इन्	नाम	पुं	पञ्चमी	बहु	करिभ्यः
करिन्	इन्	नाम	पुं	षष्ठी	एक	करिणः
करिन्	इन्	नाम	पुं	षष्ठी	द्वि	करिणोः
करिन्	इन्	नाम	पुं	षष्ठी	बहु	करीणाम्
करिन्	इन्	नाम	पुं	सप्तमी	एक	करिणि
करिन्	इन्	नाम	पुं	सप्तमी	द्वि	करिणोः
करिन्	इन्	नाम	पुं	सप्तमी	बहु	करिषु
करिन्	इन्	नाम	पुं	सम्बोधन	एक	करिन्
करिन्	इन्	नाम	पुं	सम्बोधन	द्वि	हे करिणौ
करिन्	इन्	नाम	पुं	सम्बोधन	बहु	करिणः
भगवत्	वत्	नाम	पुं	प्रथमा	एक	भगवान्
भगवत्	वत्	नाम	पुं	प्रथमा	द्वि	भगवन्तौ
भगवत्	वत्	नाम	पुं	प्रथमा	बहु	भगवन्तः
भगवत्	वत्	नाम	पुं	द्वितीया	एक	भगवन्तम्
भगवत्	वत्	नाम	पुं	द्वितीया	द्वि	भगवन्तौ
भगवत्	वत्	नाम	पुं	द्वितीया	बहु	भगवतः
भगवत्	वत्	नाम	पुं	तृतीया	एक	भगवता
भगवत्	वत्	नाम	पुं	तृतीया	द्वि	भगवद्भ्याम्
भगवत्	वत्	नाम	पुं	तृतीया	बहु	भगवद्भिः
भगवत्	वत्	नाम	पुं	चतुर्थी	एक	भगवते
भगवत्	वत्	नाम	पुं	चतुर्थी	द्वि	भगवद्भ्याम्
भगवत्	वत्	नाम	पुं	चतुर्थी	बहु	भगवद्भ्यः
भगवत्	वत्	नाम	पुं	पञ्चमी	एक	भगवतः
भगवत्	वत्	नाम	पुं	पञ्चमी	द्वि	भगवद्भ्याम्
भगवत्	वत्	नाम	पुं	पञ्चमी	बहु	भगवद्भ्यः
भगवत्	वत्	नाम	पुं	षष्ठी	एक	भगवतः
भगवत्	वत्	नाम	पुं	षष्ठी	द्वि	भगवतोः
भगवत्	वत्	नाम	पुं	षष्ठी	बहु	भगवताम्
भगवत्	वत्	नाम	पुं	सप्तमी	एक	भगवति
भगवत्	वत्	नाम	पुं	सप्तमी	द्वि	भगवतोः
भगवत्	वत्	नाम	पुं	सप्तमी	बहु	भगवत्सु
भगवत्	वत्	नाम	पुं	सम्बोधन	एक	भगवन्
भगवत्	वत्	नाम	पुं	सम्बोधन	द्वि	हे भगवन्तौ
भगवत्	वत्	नाम	पुं	सम्बोधन	बहु	भगवन्तः
धीमत्	मत्	नाम	पुं	प्रथमा	एक	धीमान्
धीमत्	मत्	नाम	पुं	प्रथमा	द्वि	धीमन्तौ
धीमत्	मत्	नाम	पुं	प्रथमा	बहु	धीमन्तः
धीमत्	मत्	नाम	पुं	द्वितीया	एक	धीमन्तम्
धीमत्	मत्	नाम	पुं	द्वितीया	द्वि	धीमन्तौ
धीमत्	मत्	नाम	पुं	द्वितीया	बहु	धीमतः
धीमत्	मत्	नाम	पुं	तृतीया	एक	धीमता
धीमत्	मत्	नाम	पुं	तृतीया	द्वि	धीमद्भ्याम्
धीमत्	मत्	नाम	पुं	तृतीया	बहु	धीमद्भिः
धीमत्	मत्	नाम	पुं	चतुर्थी	एक	धीमते
धीमत्	मत्	नाम	पुं	चतुर्थी	द्वि	धीमद्भ्याम्
धीमत्	मत्	नाम	पुं	चतुर्थी	बहु	धीमद्भ्यः
धीमत्	मत्	नाम	पुं	पञ्चमी	एक	धीमतः
धीमत्	मत्	नाम	पुं	पञ्चमी	द्वि	धीमद्भ्याम्
धीमत्	मत्	नाम	पुं	पञ्चमी	बहु	धीमद्भ्यः
धीमत्	मत्	नाम	पुं	षष्ठी	एक	धीमतः
धीमत्	मत्	नाम	पुं	षष्ठी	द्वि	धीमतोः
धीमत्	मत्	नाम	पुं	षष्ठी	बहु	धीमताम्
धीमत्	मत्	नाम	पुं	सप्तमी	एक	धीमति
धीमत्	मत्	नाम	पुं	सप्तमी	द्वि	धीमतोः
धीमत्	मत्	नाम	पुं	सप्तमी	बहु	धीमत्सु
धीमत्	मत्	नाम	पुं	सम्बोधन	एक	धीमन्
धीमत्	मत्	नाम	पुं	सम्बोधन	द्वि	धीमन्तौ
धीमत्	मत्	नाम	पुं	सम्बोधन	बहु	धीमन्तः
विद्वस्	वस्	नाम	पुं	प्रथमा	एक	विद्वान्
विद्वस्	वस्	नाम	पुं	प्रथमा	द्वि	विद्वांसौ
विद्वस्	वस्	नाम	पुं	प्रथमा	बहु	विद्वांसः
विद्वस्	वस्	नाम	पुं	द्वितीया	एक	विद्वांसम्
विद्वस्	वस्	नाम	पुं	द्वितीया	द्वि	विद्वांसौ
विद्वस्	वस्	नाम	पुं	द्वितीया	बहु	विदुषः
विद्वस्	वस्	नाम	पुं	तृतीया	एक	विदुषा
विद्वस्	वस्	नाम	पुं	तृतीया	द्वि	विद्वद्भ्याम्
विद्वस्	वस्	नाम	पुं	तृतीया	बहु	विद्वद्भिः
विद्वस्	वस्	नाम	पुं	चतुर्थी	एक	विदुषे
विद्वस्	वस्	नाम	पुं	चतुर्थी	द्वि	विद्वद्भ्याम्
विद्वस्	वस्	नाम	पुं	चतुर्थी	बहु	विद्वद्भ्यः
विद्वस्	वस्	नाम	पुं	पञ्चमी	एक	विदुषः
विद्वस्	वस्	नाम	पुं	पञ्चमी	द्वि	विद्वद्भ्याम्
विद्वस्	वस्	नाम	पुं	पञ्चमी	बहु	विद्वद्भ्यः
विद्वस्	वस्	नाम	पुं	षष्ठी	एक	विदुषः
विद्वस्	वस्	नाम	पुं	षष्ठी	द्वि	विदुषोः
विद्वस्	वस्	नाम	पुं	षष्ठी	बहु	विदुषाम्
विद्वस्	वस्	नाम	पुं	सप्तमी	एक	विदुषि
विद्वस्	वस्	नाम	पुं	सप्तमी	द्वि	विदुषोः
विद्वस्	वस्	नाम	पुं	सप्तमी	बहु	विद्वत्सु
विद्वस्	वस्	नाम	पुं	सम्बोधन	एक	विद्वन्
विद्वस्	वस्	नाम	पुं	सम्बोधन	द्वि	विद्वांसौ
विद्वस्	वस्	नाम	पुं	सम्बोधन	बहु	विद्वांसः
श्रेयस्	ईयस्	नाम	पुं	प्रथमा	एक	श्रेयान्
श्रेयस्	ईयस्	नाम	पुं	प्रथमा	द्वि	श्रेयांसौ
श्रेयस्	ईयस्	नाम	पुं	प्रथमा	बहु	श्रेयांसः
श्रेयस्	ईयस्	नाम	पुं	द्वितीया	एक	श्रेयांसम्
श्रेयस्	ईयस्	नाम	पुं	द्वितीया	द्वि	श्रेयांसौ
श्रेयस्	ईयस्	नाम	पुं	द्वितीया	बहु	श्रेयसः
श्रेयस्	ईयस्	नाम	पुं	तृतीया	एक	श्रेयसा
श्रेयस्	ईयस्	नाम	पुं	तृतीया	द्वि	श्रेयोभ्याम्
श्रेयस्	ईयस्	नाम	पुं	तृतीया	बहु	श्रेयोभिः
श्रेयस्	ईयस्	नाम	पुं	चतुर्थी	एक	श्रेयसे
श्रेयस्	ईयस्	नाम	पुं	चतुर्थी	द्वि	श्रेयोभ्याम्
श्रेयस्	ईयस्	नाम	पुं	चतुर्थी	बहु	श्रेयोभ्यः
श्रेयस्	ईयस्	नाम	पुं	पञ्चमी	एक	श्रेयसः
श्रेयस्	ईयस्	नाम	पुं	पञ्चमी	द्वि	श्रेयोभ्याम्
श्रेयस्	ईयस्	नाम	पुं	पञ्चमी	बहु	श्रेयोभ्यः
श्रेयस्	ईयस्	नाम	पुं	षष्ठी	एक	श्रेयसः
श्रेयस्	ईयस्	नाम	पुं	षष्ठी	द्वि	श्रेयसोः
श्रेयस्	ईयस्	नाम	पुं	षष्ठी	बहु	श्रेयसाम्
श्रेयस्	ईयस्	नाम	पुं	सप्तमी	एक	श्रेयसि
श्रेयस्	ईयस्	नाम	पुं	सप्तमी	द्वि	श्रेयसोः
श्रेयस्	ईयस्	नाम	पुं	सप्तमी	बहु	श्रेयस्सु
श्रेयस्	ईयस्	नाम	पुं	सम्बोधन	एक	श्रेयन्
श्रेयस्	ईयस्	नाम	पुं	सम्बोधन	द्वि	श्रेयांसौ
श्रेयस्	ईयस्	नाम	पुं	सम्बोधन	बहु	श्रेयांसः
विश्वपा	आ	नाम	पुं	प्रथमा	एक	विश्वपाः
विश्वपा	आ	नाम	पुं	प्रथमा	द्वि	विश्वपौ
विश्वपा	आ	नाम	पुं	प्रथमा	बहु	विश्वपाः
विश्वपा	आ	नाम	पुं	द्वितीया	एक	विश्वपाम्
विश्वपा	आ	नाम	पुं	द्वितीया	द्वि	विश्वपौ
विश्वपा	आ	नाम	पुं	द्वितीया	बहु	विश्वपः
विश्वपा	आ	नाम	पुं	तृतीया	एक	विश्वपा
विश्वपा	आ	नाम	पुं	तृतीया	द्वि	विश्वपाभ्याम्
विश्वपा	आ	नाम	पुं	तृतीया	बहु	विश्वपाभिः
विश्वपा	आ	नाम	पुं	चतुर्थी	एक	विश्वपे
विश्वपा	आ	नाम	पुं	चतुर्थी	द्वि	विश्वपाभ्याम्
विश्वपा	आ	नाम	पुं	चतुर्थी	बहु	विश्वपाभ्यः
विश्वपा	आ	नाम	पुं	पञ्चमी	एक	विश्वपः
विश्वपा	आ	नाम	पुं	पञ्चमी	द्वि	विश्वपाभ्याम्
विश्वपा	आ	नाम	पुं	पञ्चमी	बहु	विश्वपाभ्यः
विश्वपा	आ	नाम	पुं	षष्ठी	एक	विश्वपः
विश्वपा	आ	नाम	पुं	षष्ठी	द्वि	विश्वपोः
विश्वपा	आ	नाम	पुं	षष्ठी	बहु	विश्वपाम्
विश्वपा	आ	नाम	पुं	सप्तमी	एक	विश्वपि
विश्वपा	आ	नाम	पुं	सप्तमी	द्वि	विश्वपोः
विश्वपा	आ	नाम	पुं	सप्तमी	बहु	विश्वपासु
विश्वपा	आ	नाम	पुं	सम्बोधन	एक	विश्वपाः
विश्वपा	आ	नाम	पुं	सम्बोधन	द्वि	विश्वपौ
विश्वपा	आ	नाम	पुं	सम्बोधन	बहु	विश्वपाः
ग्रामणी	ई	नाम	पुं	प्रथमा	एक	ग्रामणीः
ग्रामणी	ई	नाम	पुं	प्रथमा	द्वि	ग्रामण्यौ
ग्रामणी	ई	नाम	पुं	प्रथमा	बहु	ग्रामण्यः
ग्रामणी	ई	नाम	पुं	द्वितीया	एक	ग्रामण्यम्
ग्रामणी	ई	नाम	पुं	द्वितीया	द्वि	ग्रामण्यौ
ग्रामणी	ई	नाम	पुं	द्वितीया	बहु	ग्रामण्यः
ग्रामणी	ई	नाम	पुं	तृतीया	एक	ग्रामण्या
ग्रामणी	ई	नाम	पुं	तृतीया	द्वि	ग्रामणीभ्याम्
ग्रामणी	ई	नाम	पुं	तृतीया	बहु	ग्रामणीभिः
ग्रामणी	ई	नाम	पुं	चतुर्थी	एक	ग्रामण्ये
ग्रामणी	ई	नाम	पुं	चतुर्थी	द्वि	ग्रामणीभ्याम्
ग्रामणी	ई	नाम	पुं	चतुर्थी	बहु	ग्रामणीभ्यः
ग्रामणी	ई	नाम	पुं	पञ्चमी	एक	ग्रामण्यः
ग्रामणी	ई	नाम	पुं	पञ्चमी	द्वि	ग्रामणीभ्याम्
ग्रामणी	ई	नाम	पुं	पञ्चमी	बहु	ग्रामणीभ्यः
ग्रामणी	ई	नाम	पुं	षष्ठी	एक	ग्रामण्यः
ग्रामणी	ई	नाम	पुं	षष्ठी	द्वि	ग्रामण्योः
ग्रामणी	ई	नाम	पुं	षष्ठी	बहु	ग्रामण्याम्
ग्रामणी	ई	नाम	पुं	सप्तमी	एक	ग्रामण्याम्
ग्रामणी	ई	नाम	पुं	सप्तमी	द्वि	ग्रामण्योः
ग्रामणी	ई	नाम	पुं	सप्तमी	बहु	ग्रामणीषु
ग्रामणी	ई	नाम	पुं	सम्बोधन	एक	ग्रामणीः
ग्रामणी	ई	नाम	पुं	सम्बोधन	द्वि	ग्रामण्यौ
ग्रामणी	ई	नाम	पुं	सम्बोधन	बहु	ग्रामण्यः
स्वभू	ऊ	नाम	पुं	प्रथमा	एक	स्वभूः
स्वभू	ऊ	नाम	पुं	प्रथमा	द्वि	स्वभुवौ
स्वभू	ऊ	नाम	पुं	प्रथमा	बहु	स्वभुवः
स्वभू	ऊ	नाम	पुं	द्वितीया	एक	स्वभुवम्
स्वभू	ऊ	नाम	पुं	द्वितीया	द्वि	स्वभुवौ
स्वभू	ऊ	नाम	पुं	द्वितीया	बहु	स्वभुवः
स्वभू	ऊ	नाम	पुं	तृतीया	एक	स्वभुवा
स्वभू	ऊ	नाम	पुं	तृतीया	द्वि	स्वभूभ्याम्
स्वभू	ऊ	नाम	पुं	तृतीया	बहु	स्वभूभिः
स्वभू	ऊ	नाम	पुं	चतुर्थी	एक	स्वभुवे
स्वभू	ऊ	नाम	पुं	चतुर्थी	द्वि	स्वभूभ्याम्
स्वभू	ऊ	नाम	पुं	चतुर्थी	बहु	स्वभूभ्यः
स्वभू	ऊ	नाम	पुं	पञ्चमी	एक	स्वभुवः
स्वभू	ऊ	नाम	पुं	पञ्चमी	द्वि	स्वभूभ्याम्
स्वभू	ऊ	नाम	पुं	पञ्चमी	बहु	स्वभूभ्यः
स्वभू	ऊ	नाम	पुं	षष्ठी	एक	स्वभुवः
स्वभू	ऊ	नाम	पुं	षष्ठी	द्वि	स्वभुवोः
स्वभू	ऊ	नाम	पुं	षष्ठी	बहु	स्वभुवाम्
स्वभू	ऊ	नाम	पुं	सप्तमी	एक	स्वभुवि
स्वभू	ऊ	नाम	पुं	सप्तमी	द्वि	स्वभुवोः
स्वभू	ऊ	नाम	पुं	सप्तमी	बहु	स्वभूषु
स्वभू	ऊ	नाम	पुं	सम्बोधन	एक	स्वभूः
स्वभू	ऊ	नाम	पुं	सम्बोधन	द्वि	स्वभुवौ
स्वभू	ऊ	नाम	पुं	सम्बोधन	बहु	स्वभुवः
रमा	आ	नाम	स्त्री	प्रथमा	एक	रमा
रमा	आ	नाम	स्त्री	प्रथमा	द्वि	रमे
रमा	आ	नाम	स्त्री	प्रथमा	बहु	रमाः
रमा	आ	नाम	स्त्री	द्वितीया	एक	रमाम्
रमा	आ	नाम	स्त्री	द्वितीया	द्वि	रमे
रमा	आ	नाम	स्त्री	द्वितीया	बहु	रमाः
रमा	आ	नाम	स्त्री	तृतीया	एक	रमया
रमा	आ	नाम	स्त्री	तृतीया	द्वि	रमाभ्याम्
रमा	आ	नाम	स्त्री	तृतीया	बहु	रमाभिः
रमा	आ	नाम	स्त्री	चतुर्थी	एक	रमायै
रमा	आ	नाम	स्त्री	चतुर्थी	द्वि	रमाभ्याम्
रमा	आ	नाम	स्त्री	चतुर्थी	बहु	रमाभ्यः
रमा	आ	नाम	स्त्री	पञ्चमी	एक	रमायाः
रमा	आ	नाम	स्त्री	पञ्चमी	द्वि	रमाभ्याम्
रमा	आ	नाम	स्त्री	पञ्चमी	बहु	रमाभ्यः
रमा	आ	नाम	स्त्री	षष्ठी	एक	रमायाः
रमा	आ	नाम	स्त्री	षष्ठी	द्वि	रमयोः
रमा	आ	नाम	स्त्री	षष्ठी	बहु	रमाणाम्
रमा	आ	नाम	स्त्री	सप्तमी	एक	रमायाम्
रमा	आ	नाम	स्त्री	सप्तमी	द्वि	रमयोः
रमा	आ	नाम	स्त्री	सप्तमी	बहु	रमासु
रमा	आ	नाम	स्त्री	सम्बोधन	एक	रमे
रमा	आ	नाम	स्त्री	सम्बोधन	द्वि	हे रमे
रमा	आ	नाम	स्त्री	सम्बोधन	बहु	रमाः
मति	इ	नाम	स्त्री	प्रथमा	एक	मतिः
मति	इ	नाम	स्त्री	प्रथमा	द्वि	मती
मति	इ	नाम	स्त्री	प्रथमा	बहु	मतयः
मति	इ	नाम	स्त्री	द्वितीया	एक	मतिम्
मति	इ	नाम	स्त्री	द्वितीया	द्वि	मती
मति	इ	नाम	स्त्री	द्वितीया	बहु	मतीः
मति	इ	नाम	स्त्री	तृतीया	एक	मत्या
मति	इ	नाम	स्त्री	तृतीया	द्वि	मतिभ्याम्
मति	इ	नाम	स्त्री	तृतीया	बहु	मतिभिः
मति	इ	नाम	स्त्री	चतुर्थी	एक	मत्यै, मतये
मति	इ	नाम	स्त्री	चतुर्थी	द्वि	मतिभ्याम्
मति	इ	नाम	स्त्री	चतुर्थी	बहु	मतिभ्यः
मति	इ	नाम	स्त्री	पञ्चमी	एक	मत्याः, मतेः
मति	इ	नाम	स्त्री	पञ्चमी	द्वि	मतिभ्याम्
मति	इ	नाम	स्त्री	पञ्चमी	बहु	मतिभ्यः
मति	इ	नाम	स्त्री	षष्ठी	एक	मत्याः, मतेः
मति	इ	नाम	स्त्री	षष्ठी	द्वि	मत्योः
मति	इ	नाम	स्त्री	षष्ठी	बहु	मतीनाम्
मति	इ	नाम	स्त्री	सप्तमी	एक	मत्याम्, मतौ
मति	इ	नाम	स्त्री	सप्तमी	द्वि	मत्योः
मति	इ	नाम	स्त्री	सप्तमी	बहु	मतिषु
मति	इ	नाम	स्त्री	सम्बोधन	एक	मते
मति	इ	नाम	स्त्री	सम्बोधन	द्वि	हे मती
मति	इ	नाम	स्त्री	सम्बोधन	बहु	मतयः
नदी	ई	नाम	स्त्री	प्रथमा	एक	नदी
नदी	ई	नाम	स्त्री	प्रथमा	द्वि	नद्यौ
नदी	ई	नाम	स्त्री	प्रथमा	बहु	नद्यः
नदी	ई	नाम	स्त्री	द्वितीया	एक	नदीम्
नदी	ई	नाम	स्त्री	द्वितीया	द्वि	नद्यौ
नदी	ई	नाम	स्त्री	द्वितीया	बहु	नदीः
नदी	ई	नाम	स्त्री	तृतीया	एक	नद्या
नदी	ई	नाम	स्त्री	तृतीया	द्वि	नदीभ्याम्
नदी	ई	नाम	स्त्री	तृतीया	बहु	नदीभिः
नदी	ई	नाम	स्त्री	चतुर्थी	एक	नद्यै
नदी	ई	नाम	स्त्री	चतुर्थी	द्वि	नदीभ्याम्
नदी	ई	नाम	स्त्री	चतुर्थी	बहु	नदीभ्यः
नदी	ई	नाम	स्त्री	पञ्चमी	एक	नद्याः
नदी	ई	नाम	स्त्री	पञ्चमी	द्वि	नदीभ्याम्
नदी	ई	नाम	स्त्री	पञ्चमी	बहु	नदीभ्यः
नदी	ई	नाम	स्त्री	षष्ठी	एक	नद्याः
नदी	ई	नाम	स्त्री	षष्ठी	द्वि	नद्योः
नदी	ई	नाम	स्त्री	षष्ठी	बहु	नदीनाम्
नदी	ई	नाम	स्त्री	सप्तमी	एक	नद्याम्
नदी	ई	नाम	स्त्री	सप्तमी	द्वि	नद्योः
नदी	ई	नाम	स्त्री	सप्तमी	बहु	नदीषु
नदी	ई	नाम	स्त्री	सम्बोधन	एक	नदि
नदी	ई	नाम	स्त्री	सम्बोधन	द्वि	हे नद्यौ
नदी	ई	नाम	स्त्री	सम्बोधन	बहु	नद्यः
धेनु	उ	नाम	स्त्री	प्रथमा	एक	धेनुः
धेनु	उ	नाम	स्त्री	प्रथमा	द्वि	धेनू
धेनु	उ	नाम	स्त्री	प्रथमा	बहु	धेनवः
धेनु	उ	नाम	स्त्री	द्वितीया	एक	धेनुम्
धेनु	उ	नाम	स्त्री	द्वितीया	द्वि	धेनू
धेनु	उ	नाम	स्त्री	द्वितीया	बहु	धेनूः
धेनु	उ	नाम	स्त्री	तृतीया	एक	धेन्वा
धेनु	उ	नाम	स्त्री	तृतीया	द्वि	धेनुभ्याम्
धेनु	उ	नाम	स्त्री	तृतीया	बहु	धेनुभिः
धेनु	उ	नाम	स्त्री	चतुर्थी	एक	धेन्वै, धेनवे
धेनु	उ	नाम	स्त्री	चतुर्थी	द्वि	धेनुभ्याम्
धेनु	उ	नाम	स्त्री	चतुर्थी	बहु	धेनुभ्यः
धेनु	उ	नाम	स्त्री	पञ्चमी	एक	धेन्वाः, धेनोः
धेनु	उ	नाम	स्त्री	पञ्चमी	द्वि	धेनुभ्याम्
धेनु	उ	नाम	स्त्री	पञ्चमी	बहु	धेनुभ्यः
धेनु	उ	नाम	स्त्री	षष्ठी	एक	धेन्वाः, धेनोः
धेनु	उ	नाम	स्त्री	षष्ठी	द्वि	धेन्वोः
धेनु	उ	नाम	स्त्री	षष्ठी	बहु	धेनूनाम्
धेनु	उ	नाम	स्त्री	सप्तमी	एक	धेन्वाम्, धेनौ
धेनु	उ	नाम	स्त्री	सप्तमी	द्वि	धेन्वोः
धेनु	उ	नाम	स्त्री	सप्तमी	बहु	धेनुषु
धेनु	उ	नाम	स्त्री	सम्बोधन	एक	धेनो
धेनु	उ	नाम	स्त्री	सम्बोधन	द्वि	हे धेनू
धेनु	उ	नाम	स्त्री	सम्बोधन	बहु	धेनवः
वधू	ऊ	नाम	स्त्री	प्रथमा	एक	वधूः
वधू	ऊ	नाम	स्त्री	प्रथमा	द्वि	वध्वौ
वधू	ऊ	नाम	स्त्री	प्रथमा	बहु	वध्वः
वधू	ऊ	नाम	स्त्री	द्वितीया	एक	वधूम्
वधू	ऊ	नाम	स्त्री	द्वितीया	द्वि	वध्वौ
वधू	ऊ	नाम	स्त्री	द्वितीया	बहु	वधूः
वधू	ऊ	नाम	स्त्री	तृतीया	एक	वध्वा
वधू	ऊ	नाम	स्त्री	तृतीया	द्वि	वधूभ्याम्
वधू	ऊ	नाम	स्त्री	तृतीया	बहु	वधूभिः
वधू	ऊ	नाम	स्त्री	चतुर्थी	एक	वध्वै
वधू	ऊ	नाम	स्त्री	चतुर्थी	द्वि	वधूभ्याम्
वधू	ऊ	नाम	स्त्री	चतुर्थी	बहु	वधूभ्यः
वधू	ऊ	नाम	स्त्री	पञ्चमी	एक	वध्वाः
वधू	ऊ	नाम	स्त्री	पञ्चमी	द्वि	वधूभ्याम्
वधू	ऊ	नाम	स्त्री	पञ्चमी	बहु	वधूभ्यः
वधू	ऊ	नाम	स्त्री	षष्ठी	एक	वध्वाः
वधू	ऊ	नाम	स्त्री	षष्ठी	द्वि	वध्वोः
वधू	ऊ	नाम	स्त्री	षष्ठी	बहु	वधूनाम्
वधू	ऊ	नाम	स्त्री	सप्तमी	एक	वध्वाम्
वधू	ऊ	नाम	स्त्री	सप्तमी	द्वि	वध्वोः
वधू	ऊ	नाम	स्त्री	सप्तमी	बहु	वधूषु
वधू	ऊ	नाम	स्त्री	सम्बोधन	एक	वधु
वधू	ऊ	नाम	स्त्री	सम्बोधन	द्वि	वध्वौ
वधू	ऊ	नाम	स्त्री	सम्बोधन	बहु	वध्वः
स्वसृ	ऋ	नाम	स्त्री	प्रथमा	एक	स्वसा
स्वसृ	ऋ	नाम	स्त्री	प्रथमा	द्वि	स्वसारौ
स्वसृ	ऋ	नाम	स्त्री	प्रथमा	बहु	स्वसारः
स्वसृ	ऋ	नाम	स्त्री	द्वितीया	एक	स्वसारम्
स्वसृ	ऋ	नाम	स्त्री	द्वितीया	द्वि	स्वसारौ
स्वसृ	ऋ	नाम	स्त्री	द्वितीया	बहु	स्वसृः
स्वसृ	ऋ	नाम	स्त्री	तृतीया	एक	स्वस्रा
स्वसृ	ऋ	नाम	स्त्री	तृतीया	द्वि	स्वसृभ्याम्
स्वसृ	ऋ	नाम	स्त्री	तृतीया	बहु	स्वसृभिः
स्वसृ	ऋ	नाम	स्त्री	चतुर्थी	एक	स्वस्रे
स्वसृ	ऋ	नाम	स्त्री	चतुर्थी	द्वि	स्वसृभ्याम्
स्वसृ	ऋ	नाम	स्त्री	चतुर्थी	बहु	स्वसृभ्यः
स्वसृ	ऋ	नाम	स्त्री	पञ्चमी	एक	स्वसुः
स्वसृ	ऋ	नाम	स्त्री	पञ्चमी	द्वि	स्वसृभ्याम्
स्वसृ	ऋ	नाम	स्त्री	पञ्चमी	बहु	स्वसृभ्यः
स्वसृ	ऋ	नाम	स्त्री	षष्ठी	एक	स्वसुः
स्वसृ	ऋ	नाम	स्त्री	षष्ठी	द्वि	स्वस्त्रोः
स्वसृ	ऋ	नाम	स्त्री	षष्ठी	बहु	स्वसॄणाम्
स्वसृ	ऋ	नाम	स्त्री	सप्तमी	एक	स्वसरि
स्वसृ	ऋ	नाम	स्त्री	सप्तमी	द्वि	स्वस्त्रोः
स्वसृ	ऋ	नाम	स्त्री	सप्तमी	बहु	स्वसृषु
स्वसृ	ऋ	नाम	स्त्री	सम्बोधन	एक	स्वसः
स्वसृ	ऋ	नाम	स्त्री	सम्बोधन	द्वि	हे स्वसारौ
स्वसृ	ऋ	नाम	स्त्री	सम्बोधन	बहु	स्वसारः
रै	ऐ	नाम	स्त्री	प्रथमा	एक	राः
रै	ऐ	नाम	स्त्री	प्रथमा	द्वि	रायौ
रै	ऐ	नाम	स्त्री	प्रथमा	बहु	रायः
रै	ऐ	नाम	स्त्री	द्वितीया	एक	रायम्
रै	ऐ	नाम	स्त्री	द्वितीया	द्वि	रायौ
रै	ऐ	नाम	स्त्री	द्वितीया	बहु	रायः
रै	ऐ	नाम	स्त्री	तृतीया	एक	राया
रै	ऐ	नाम	स्त्री	तृतीया	द्वि	राभ्याम्
रै	ऐ	नाम	स्त्री	तृतीया	बहु	राभिः
रै	ऐ	नाम	स्त्री	चतुर्थी	एक	रायै
रै	ऐ	नाम	स्त्री	चतुर्थी	द्वि	राभ्याम्
रै	ऐ	नाम	स्त्री	चतुर्थी	बहु	राभ्यः
रै	ऐ	नाम	स्त्री	पञ्चमी	एक	रायः
रै	ऐ	नाम	स्त्री	पञ्चमी	द्वि	राभ्याम्
रै	ऐ	नाम	स्त्री	पञ्चमी	बहु	राभ्यः
रै	ऐ	नाम	स्त्री	षष्ठी	एक	रायः
रै	ऐ	नाम	स्त्री	षष्ठी	द्वि	रायोः
रै	ऐ	नाम	स्त्री	षष्ठी	बहु	रायाम्
रै	ऐ	नाम	स्त्री	सप्तमी	एक	रायि
रै	ऐ	नाम	स्त्री	सप्तमी	द्वि	रायोः
रै	ऐ	नाम	स्त्री	सप्तमी	बहु	रासु
रै	ऐ	नाम	स्त्री	सम्बोधन	एक	राः
रै	ऐ	नाम	स्त्री	सम्बोधन	द्वि	रायौ
रै	ऐ	नाम	स्त्री	सम्बोधन	बहु	रायः
गो	ओ	नाम	स्त्री	प्रथमा	एक	गौः
गो	ओ	नाम	स्त्री	प्रथमा	द्वि	गावौ
गो	ओ	नाम	स्त्री	प्रथमा	बहु	गावः
गो	ओ	नाम	स्त्री	द्वितीया	एक	गाम्
गो	ओ	नाम	स्त्री	द्वितीया	द्वि	गावौ
गो	ओ	नाम	स्त्री	द्वितीया	बहु	गाः
गो	ओ	नाम	स्त्री	तृतीया	एक	गवा
गो	ओ	नाम	स्त्री	तृतीया	द्वि	गोभ्याम्
गो	ओ	नाम	स्त्री	तृतीया	बहु	गोभिः
गो	ओ	नाम	स्त्री	चतुर्थी	एक	गवे
गो	ओ	नाम	स्त्री	चतुर्थी	द्वि	गोभ्याम्
गो	ओ	नाम	स्त्री	चतुर्थी	बहु	गोभ्यः
गो	ओ	नाम	स्त्री	पञ्चमी	एक	गोः
गो	ओ	नाम	स्त्री	पञ्चमी	द्वि	गोभ्याम्
गो	ओ	नाम	स्त्री	पञ्चमी	बहु	गोभ्यः
गो	ओ	नाम	स्त्री	षष्ठी	एक	गोः
गो	ओ	नाम	स्त्री	षष्ठी	द्वि	गवोः
गो	ओ	नाम	स्त्री	षष्ठी	बहु	गवाम्
गो	ओ	नाम	स्त्री	सप्तमी	एक	गवि
गो	ओ	नाम	स्त्री	सप्तमी	द्वि	गवोः
गो	ओ	नाम	स्त्री	सप्तमी	बहु	गोषु
गो	ओ	नाम	स्त्री	सम्बोधन	एक	गौः
गो	ओ	नाम	स्त्री	सम्बोधन	द्वि	गावौ
गो	ओ	नाम	स्त्री	सम्बोधन	बहु	गावः
नौ	औ	नाम	स्त्री	प्रथमा	एक	नौः
नौ	औ	नाम	स्त्री	प्रथमा	द्वि	ग्लावौ
नौ	औ	नाम	स्त्री	प्रथमा	बहु	नावः
नौ	औ	नाम	स्त्री	द्वितीया	एक	नावम्
नौ	औ	नाम	स्त्री	द्वितीया	द्वि	ग्लावौ
नौ	औ	नाम	स्त्री	द्वितीया	बहु	नावः
नौ	औ	नाम	स्त्री	तृतीया	एक	नावा
नौ	औ	नाम	स्त्री	तृतीया	द्वि	ग्लौभ्याम्
नौ	औ	नाम	स्त्री	तृतीया	बहु	नौभिः
नौ	औ	नाम	स्त्री	चतुर्थी	एक	नावे
नौ	औ	नाम	स्त्री	चतुर्थी	द्वि	ग्लौभ्याम्
नौ	औ	नाम	स्त्री	चतुर्थी	बहु	नौभ्यः
नौ	औ	नाम	स्त्री	पञ्चमी	एक	नावः
नौ	औ	नाम	स्त्री	पञ्चमी	द्वि	ग्लौभ्याम्
नौ	औ	नाम	स्त्री	पञ्चमी	बहु	नौभ्यः
नौ	औ	नाम	स्त्री	षष्ठी	एक	नावः
नौ	औ	नाम	स्त्री	षष्ठी	द्वि	ग्लावोः
नौ	औ	नाम	स्त्री	षष्ठी	बहु	नावाम्
नौ	औ	नाम	स्त्री	सप्तमी	एक	नावि
नौ	औ	नाम	स्त्री	सप्तमी	द्वि	ग्लावोः
नौ	औ	नाम	स्त्री	सप्तमी	बहु	नौषु
नौ	औ	नाम	स्त्री	सम्बोधन	एक	नौः
नौ	औ	नाम	स्त्री	सम्बोधन	द्वि	ग्लावौ
नौ	औ	नाम	स्त्री	सम्बोधन	बहु	नावः
वाच्	च्	नाम	स्त्री	प्रथमा	एक	वाक्-ग्
वाच्	च्	नाम	स्त्री	प्रथमा	द्वि	वाचौ
वाच्	च्	नाम	स्त्री	प्रथमा	बहु	वाचः
वाच्	च्	नाम	स्त्री	द्वितीया	एक	वाचम्
वाच्	च्	नाम	स्त्री	द्वितीया	द्वि	वाचौ
वाच्	च्	नाम	स्त्री	द्वितीया	बहु	वाचः
वाच्	च्	नाम	स्त्री	तृतीया	एक	वाचा
वाच्	च्	नाम	स्त्री	तृतीया	द्वि	वाग्भ्याम्
वाच्	च्	नाम	स्त्री	तृतीया	बहु	वाग्भिः
वाच्	च्	नाम	स्त्री	चतुर्थी	एक	वाचे
वाच्	च्	नाम	स्त्री	चतुर्थी	द्वि	वाग्भ्याम्
वाच्	च्	नाम	स्त्री	चतुर्थी	बहु	वाग्भ्यः
वाच्	च्	नाम	स्त्री	पञ्चमी	एक	वाचः
वाच्	च्	नाम	स्त्री	पञ्चमी	द्वि	वाग्भ्याम्
वाच्	च्	नाम	स्त्री	पञ्चमी	बहु	वाग्भ्यः
वाच्	च्	नाम	स्त्री	षष्ठी	एक	वाचः
वाच्	च्	नाम	स्त्री	षष्ठी	द्वि	वाचोः
वाच्	च्	नाम	स्त्री	षष्ठी	बहु	वाचाम्
वाच्	च्	नाम	स्त्री	सप्तमी	एक	वाचि
वाच्	च्	नाम	स्त्री	सप्तमी	द्वि	वाचोः
वाच्	च्	नाम	स्त्री	सप्तमी	बहु	वाक्षु
वाच्	च्	नाम	स्त्री	सम्बोधन	एक	वाक्-ग्
वाच्	च्	नाम	स्त्री	सम्बोधन	द्वि	वाचौ
वाच्	च्	नाम	स्त्री	सम्बोधन	बहु	वाचः
स्रज्	ज्	नाम	स्त्री	प्रथमा	एक	स्रक्
स्रज्	ज्	नाम	स्त्री	प्रथमा	द्वि	स्रजौ
स्रज्	ज्	नाम	स्त्री	प्रथमा	बहु	स्रजः
स्रज्	ज्	नाम	स्त्री	द्वितीया	एक	स्रजम्
स्रज्	ज्	नाम	स्त्री	द्वितीया	द्वि	स्रजौ
स्रज्	ज्	नाम	स्त्री	द्वितीया	बहु	स्रजः
स्रज्	ज्	नाम	स्त्री	तृतीया	एक	स्रजा
स्रज्	ज्	नाम	स्त्री	तृतीया	द्वि	स्रग्भ्याम्
स्रज्	ज्	नाम	स्त्री	तृतीया	बहु	स्रग्भिः
स्रज्	ज्	नाम	स्त्री	चतुर्थी	एक	स्रजे
स्रज्	ज्	नाम	स्त्री	चतुर्थी	द्वि	स्रग्भ्याम्
स्रज्	ज्	नाम	स्त्री	चतुर्थी	बहु	स्रग्भ्यः
स्रज्	ज्	नाम	स्त्री	पञ्चमी	एक	स्रजः
स्रज्	ज्	नाम	स्त्री	पञ्चमी	द्वि	स्रग्भ्याम्
स्रज्	ज्	नाम	स्त्री	पञ्चमी	बहु	स्रग्भ्यः
स्रज्	ज्	नाम	स्त्री	षष्ठी	एक	स्रजः
स्रज्	ज्	नाम	स्त्री	षष्ठी	द्वि	स्रजोः
स्रज्	ज्	नाम	स्त्री	षष्ठी	बहु	स्रजाम्
स्रज्	ज्	नाम	स्त्री	सप्तमी	एक	स्रजि
स्रज्	ज्	नाम	स्त्री	सप्तमी	द्वि	स्रजोः
स्रज्	ज्	नाम	स्त्री	सप्तमी	बहु	स्रक्षु
स्रज्	ज्	नाम	स्त्री	सम्बोधन	एक	स्रक्
स्रज्	ज्	नाम	स्त्री	सम्बोधन	द्वि	स्रजौ
स्रज्	ज्	नाम	स्त्री	सम्बोधन	बहु	स्रजः
सरित्	त्	नाम	स्त्री	प्रथमा	एक	सरित्
सरित्	त्	नाम	स्त्री	प्रथमा	द्वि	सरितौ
सरित्	त्	नाम	स्त्री	प्रथमा	बहु	सरितः
सरित्	त्	नाम	स्त्री	द्वितीया	एक	सरितम्
सरित्	त्	नाम	स्त्री	द्वितीया	द्वि	सरितौ
सरित्	त्	नाम	स्त्री	द्वितीया	बहु	सरितः
सरित्	त्	नाम	स्त्री	तृतीया	एक	सरिता
सरित्	त्	नाम	स्त्री	तृतीया	द्वि	सरिद्भ्याम्
सरित्	त्	नाम	स्त्री	तृतीया	बहु	सरिद्भिः
सरित्	त्	नाम	स्त्री	चतुर्थी	एक	सरिते
सरित्	त्	नाम	स्त्री	चतुर्थी	द्वि	सरिद्भ्याम्
सरित्	त्	नाम	स्त्री	चतुर्थी	बहु	सरिद्भ्यः
सरित्	त्	नाम	स्त्री	पञ्चमी	एक	सरितः
सरित्	त्	नाम	स्त्री	पञ्चमी	द्वि	सरिद्भ्याम्
सरित्	त्	नाम	स्त्री	पञ्चमी	बहु	सरिद्भ्यः
सरित्	त्	नाम	स्त्री	षष्ठी	एक	सरितः
सरित्	त्	नाम	स्त्री	षष्ठी	द्वि	सरितोः
सरित्	त्	नाम	स्त्री	षष्ठी	बहु	सरिताम्
सरित्	त्	नाम	स्त्री	सप्तमी	एक	सरिति
सरित्	त्	नाम	स्त्री	सप्तमी	द्वि	सरितोः
सरित्	त्	नाम	स्त्री	सप्तमी	बहु	सरित्सु
सरित्	त्	नाम	स्त्री	सम्बोधन	एक	सरित्
सरित्	त्	नाम	स्त्री	सम्बोधन	द्वि	सरितौ
सरित्	त्	नाम	स्त्री	सम्बोधन	बहु	सरितः
आपद्	द्	नाम	स्त्री	प्रथमा	एक	आपद्
आपद्	द्	नाम	स्त्री	प्रथमा	द्वि	आपदौ
आपद्	द्	नाम	स्त्री	प्रथमा	बहु	आपदः
आपद्	द्	नाम	स्त्री	द्वितीया	एक	आपदम्
आपद्	द्	नाम	स्त्री	द्वितीया	द्वि	आपदौ
आपद्	द्	नाम	स्त्री	द्वितीया	बहु	आपदः
आपद्	द्	नाम	स्त्री	तृतीया	एक	आपदा
आपद्	द्	नाम	स्त्री	तृतीया	द्वि	आपद्भ्याम्
आपद्	द्	नाम	स्त्री	तृतीया	बहु	आपद्भिः
आपद्	द्	नाम	स्त्री	चतुर्थी	एक	आपदे
आपद्	द्	नाम	स्त्री	चतुर्थी	द्वि	आपद्भ्याम्
आपद्	द्	नाम	स्त्री	चतुर्थी	बहु	आपद्भ्यः
आपद्	द्	नाम	स्त्री	पञ्चमी	एक	आपदः
आपद्	द्	नाम	स्त्री	पञ्चमी	द्वि	आपद्भ्याम्
आपद्	द्	नाम	स्त्री	पञ्चमी	बहु	आपद्भ्यः
आपद्	द्	नाम	स्त्री	षष्ठी	एक	आपदः
आपद्	द्	नाम	स्त्री	षष्ठी	द्वि	आपदोः
आपद्	द्	नाम	स्त्री	षष्ठी	बहु	आपद्भ्याम्
आपद्	द्	नाम	स्त्री	सप्तमी	एक	आपदि
आपद्	द्	नाम	स्त्री	सप्तमी	द्वि	आपदोः
आपद्	द्	नाम	स्त्री	सप्तमी	बहु	आपत्सु
आपद्	द्	नाम	स्त्री	सम्बोधन	एक	आपद्
आपद्	द्	नाम	स्त्री	सम्बोधन	द्वि	आपदौ
आपद्	द्	नाम	स्त्री	सम्बोधन	बहु	आपदः
समिध्	ध्	नाम	स्त्री	प्रथमा	एक	समित्
समिध्	ध्	नाम	स्त्री	प्रथमा	द्वि	समिधौ
समिध्	ध्	नाम	स्त्री	प्रथमा	बहु	समिधः
समिध्	ध्	नाम	स्त्री	द्वितीया	एक	समिधम्
समिध्	ध्	नाम	स्त्री	द्वितीया	द्वि	समिधौ
समिध्	ध्	नाम	स्त्री	द्वितीया	बहु	समिधः
समिध्	ध्	नाम	स्त्री	तृतीया	एक	समिधा
समिध्	ध्	नाम	स्त्री	तृतीया	द्वि	समिद्भ्याम्
समिध्	ध्	नाम	स्त्री	तृतीया	बहु	समिद्भिः
समिध्	ध्	नाम	स्त्री	चतुर्थी	एक	समिधे
समिध्	ध्	नाम	स्त्री	चतुर्थी	द्वि	समिद्भ्याम्
समिध्	ध्	नाम	स्त्री	चतुर्थी	बहु	समिद्भ्यः
समिध्	ध्	नाम	स्त्री	पञ्चमी	एक	समिधः
समिध्	ध्	नाम	स्त्री	पञ्चमी	द्वि	समिद्भ्याम्
समिध्	ध्	नाम	स्त्री	पञ्चमी	बहु	समिद्भ्यः
समिध्	ध्	नाम	स्त्री	षष्ठी	एक	समिधः
समिध्	ध्	नाम	स्त्री	षष्ठी	द्वि	समिधोः
समिध्	ध्	नाम	स्त्री	षष्ठी	बहु	समिधाम्
समिध्	ध्	नाम	स्त्री	सप्तमी	एक	समिधि
समिध्	ध्	नाम	स्त्री	सप्तमी	द्वि	समिधोः
समिध्	ध्	नाम	स्त्री	सप्तमी	बहु	समित्सु
समिध्	ध्	नाम	स्त्री	सम्बोधन	एक	समित्
समिध्	ध्	नाम	स्त्री	सम्बोधन	द्वि	समिधौ
समिध्	ध्	नाम	स्त्री	सम्बोधन	बहु	समिधः
सीमन्	न्	नाम	स्त्री	प्रथमा	एक	सीमा
सीमन्	न्	नाम	स्त्री	प्रथमा	द्वि	सीम्नौ
सीमन्	न्	नाम	स्त्री	प्रथमा	बहु	सीमानः
सीमन्	न्	नाम	स्त्री	द्वितीया	एक	सीमानम्
सीमन्	न्	नाम	स्त्री	द्वितीया	द्वि	सीम्नौ
सीमन्	न्	नाम	स्त्री	द्वितीया	बहु	सीम्नः
सीमन्	न्	नाम	स्त्री	तृतीया	एक	सीम्ना
सीमन्	न्	नाम	स्त्री	तृतीया	द्वि	सीमभ्याम्
सीमन्	न्	नाम	स्त्री	तृतीया	बहु	सीमभिः
सीमन्	न्	नाम	स्त्री	चतुर्थी	एक	सीम्ने
सीमन्	न्	नाम	स्त्री	चतुर्थी	द्वि	सीमभ्याम्
सीमन्	न्	नाम	स्त्री	चतुर्थी	बहु	सीमभ्यः
सीमन्	न्	नाम	स्त्री	पञ्चमी	एक	सीम्नः
सीमन्	न्	नाम	स्त्री	पञ्चमी	द्वि	सीमभ्याम्
सीमन्	न्	नाम	स्त्री	पञ्चमी	बहु	सीमभ्यः
सीमन्	न्	नाम	स्त्री	षष्ठी	एक	सीम्नः
सीमन्	न्	नाम	स्त्री	षष्ठी	द्वि	सीम्नोः
सीमन्	न्	नाम	स्त्री	षष्ठी	बहु	सीम्नाम्
सीमन्	न्	नाम	स्त्री	सप्तमी	एक	सीम्नि
सीमन्	न्	नाम	स्त्री	सप्तमी	द्वि	सीम्नोः
सीमन्	न्	नाम	स्त्री	सप्तमी	बहु	सीमसु
सीमन्	न्	नाम	स्त्री	सम्बोधन	एक	सीमन्
सीमन्	न्	नाम	स्त्री	सम्बोधन	द्वि	सीम्नौ
सीमन्	न्	नाम	स्त्री	सम्बोधन	बहु	सीमानः
अप्	प्	नाम	स्त्री	प्रथमा	एक	,,
अप्	प्	नाम	स्त्री	प्रथमा	द्वि	
अप्	प्	नाम	स्त्री	प्रथमा	बहु	आपः
अप्	प्	नाम	स्त्री	द्वितीया	एक	
अप्	प्	नाम	स्त्री	द्वितीया	द्वि	
अप्	प्	नाम	स्त्री	द्वितीया	बहु	अपः
अप्	प्	नाम	स्त्री	तृतीया	एक	
अप्	प्	नाम	स्त्री	तृतीया	द्वि	
अप्	प्	नाम	स्त्री	तृतीया	बहु	अद्भिः
अप्	प्	नाम	स्त्री	चतुर्थी	एक	
अप्	प्	नाम	स्त्री	चतुर्थी	द्वि	
अप्	प्	नाम	स्त्री	चतुर्थी	बहु	अद्भ्यः
अप्	प्	नाम	स्त्री	पञ्चमी	एक	
अप्	प्	नाम	स्त्री	पञ्चमी	द्वि	
अप्	प्	नाम	स्त्री	पञ्चमी	बहु	अद्भ्यः
अप्	प्	नाम	स्त्री	षष्ठी	एक	
अप्	प्	नाम	स्त्री	षष्ठी	द्वि	
अप्	प्	नाम	स्त्री	षष्ठी	बहु	अपाम्
अप्	प्	नाम	स्त्री	सप्तमी	एक	
अप्	प्	नाम	स्त्री	सप्तमी	द्वि	
अप्	प्	नाम	स्त्री	सप्तमी	बहु	अप्सु
अप्	प्	नाम	स्त्री	सम्बोधन	एक	
अप्	प्	नाम	स्त्री	सम्बोधन	द्वि	
अप्	प्	नाम	स्त्री	सम्बोधन	बहु	आपः
ककुभ्	भ्	नाम	स्त्री	प्रथमा	एक	ककुप्
ककुभ्	भ्	नाम	स्त्री	प्रथमा	द्वि	ककुभः
ककुभ्	भ्	नाम	स्त्री	प्रथमा	बहु	ककुभः
ककुभ्	भ्	नाम	स्त्री	द्वितीया	एक	ककुभम्
ककुभ्	भ्	नाम	स्त्री	द्वितीया	द्वि	ककुभः
ककुभ्	भ्	नाम	स्त्री	द्वितीया	बहु	ककुभः
ककुभ्	भ्	नाम	स्त्री	तृतीया	एक	ककुभा
ककुभ्	भ्	नाम	स्त्री	तृतीया	द्वि	ककुब्भिः
ककुभ्	भ्	नाम	स्त्री	तृतीया	बहु	ककुब्भिः
ककुभ्	भ्	नाम	स्त्री	चतुर्थी	एक	ककुभे
ककुभ्	भ्	नाम	स्त्री	चतुर्थी	द्वि	ककुब्भ्यः
ककुभ्	भ्	नाम	स्त्री	चतुर्थी	बहु	ककुब्भ्यः
ककुभ्	भ्	नाम	स्त्री	पञ्चमी	एक	ककुभः
ककुभ्	भ्	नाम	स्त्री	पञ्चमी	द्वि	ककुब्भ्यः
ककुभ्	भ्	नाम	स्त्री	पञ्चमी	बहु	ककुब्भ्यः
ककुभ्	भ्	नाम	स्त्री	षष्ठी	एक	ककुभः
ककुभ्	भ्	नाम	स्त्री	षष्ठी	द्वि	ककुभाम्
ककुभ्	भ्	नाम	स्त्री	षष्ठी	बहु	ककुभाम्
ककुभ्	भ्	नाम	स्त्री	सप्तमी	एक	ककुभि
ककुभ्	भ्	नाम	स्त्री	सप्तमी	द्वि	ककुप्सु
ककुभ्	भ्	नाम	स्त्री	सप्तमी	बहु	ककुप्सु
ककुभ्	भ्	नाम	स्त्री	सम्बोधन	एक	ककुप्
ककुभ्	भ्	नाम	स्त्री	सम्बोधन	द्वि	ककुभः
ककुभ्	भ्	नाम	स्त्री	सम्बोधन	बहु	ककुभः
गिर्	र्	नाम	स्त्री	प्रथमा	एक	गीः
गिर्	र्	नाम	स्त्री	प्रथमा	द्वि	गिरः
गिर्	र्	नाम	स्त्री	प्रथमा	बहु	गिरः
गिर्	र्	नाम	स्त्री	द्वितीया	एक	गिरम्
गिर्	र्	नाम	स्त्री	द्वितीया	द्वि	गिरः
गिर्	र्	नाम	स्त्री	द्वितीया	बहु	गिरः
गिर्	र्	नाम	स्त्री	तृतीया	एक	गिरा
गिर्	र्	नाम	स्त्री	तृतीया	द्वि	गीर्भिः
गिर्	र्	नाम	स्त्री	तृतीया	बहु	गीर्भिः
गिर्	र्	नाम	स्त्री	चतुर्थी	एक	गिरे
गिर्	र्	नाम	स्त्री	चतुर्थी	द्वि	गीर्भ्यः
गिर्	र्	नाम	स्त्री	चतुर्थी	बहु	गीर्भ्यः
गिर्	र्	नाम	स्त्री	पञ्चमी	एक	गिरः
गिर्	र्	नाम	स्त्री	पञ्चमी	द्वि	गीर्भ्यः
गिर्	र्	नाम	स्त्री	पञ्चमी	बहु	गीर्भ्यः
गिर्	र्	नाम	स्त्री	षष्ठी	एक	गिरः
गिर्	र्	नाम	स्त्री	षष्ठी	द्वि	गिराम्
गिर्	र्	नाम	स्त्री	षष्ठी	बहु	गिराम्
गिर्	र्	नाम	स्त्री	सप्तमी	एक	गिरि
गिर्	र्	नाम	स्त्री	सप्तमी	द्वि	गीर्षु
गिर्	र्	नाम	स्त्री	सप्तमी	बहु	गीर्षु
गिर्	र्	नाम	स्त्री	सम्बोधन	एक	गीः
गिर्	र्	नाम	स्त्री	सम्बोधन	द्वि	गिरः
गिर्	र्	नाम	स्त्री	सम्बोधन	बहु	गिरः
दिव्	व्	नाम	स्त्री	प्रथमा	एक	द्यौः
दिव्	व्	नाम	स्त्री	प्रथमा	द्वि	दिवौ
दिव्	व्	नाम	स्त्री	प्रथमा	बहु	दिवः
दिव्	व्	नाम	स्त्री	द्वितीया	एक	दिवम्
दिव्	व्	नाम	स्त्री	द्वितीया	द्वि	दिवौ
दिव्	व्	नाम	स्त्री	द्वितीया	बहु	दिवः
दिव्	व्	नाम	स्त्री	तृतीया	एक	दिवा
दिव्	व्	नाम	स्त्री	तृतीया	द्वि	द्युभ्याम्
दिव्	व्	नाम	स्त्री	तृतीया	बहु	द्युभिः
दिव्	व्	नाम	स्त्री	चतुर्थी	एक	दिवे
दिव्	व्	नाम	स्त्री	चतुर्थी	द्वि	द्युभ्याम्
दिव्	व्	नाम	स्त्री	चतुर्थी	बहु	द्युभ्यः
दिव्	व्	नाम	स्त्री	पञ्चमी	एक	दिवः
दिव्	व्	नाम	स्त्री	पञ्चमी	द्वि	द्युभ्याम्
दिव्	व्	नाम	स्त्री	पञ्चमी	बहु	द्युभ्यः
दिव्	व्	नाम	स्त्री	षष्ठी	एक	दिवः
दिव्	व्	नाम	स्त्री	षष्ठी	द्वि	दिवोः
दिव्	व्	नाम	स्त्री	षष्ठी	बहु	दिवाम्
दिव्	व्	नाम	स्त्री	सप्तमी	एक	दिवि
दिव्	व्	नाम	स्त्री	सप्तमी	द्वि	दिवोः
दिव्	व्	नाम	स्त्री	सप्तमी	बहु	द्युषु
दिव्	व्	नाम	स्त्री	सम्बोधन	एक	द्यौः
दिव्	व्	नाम	स्त्री	सम्बोधन	द्वि	दिवौ
दिव्	व्	नाम	स्त्री	सम्बोधन	बहु	दिवः
दिश्	श्	नाम	स्त्री	प्रथमा	एक	दिक्
दिश्	श्	नाम	स्त्री	प्रथमा	द्वि	दिशौ
दिश्	श्	नाम	स्त्री	प्रथमा	बहु	दिशः
दिश्	श्	नाम	स्त्री	द्वितीया	एक	दिशम्
दिश्	श्	नाम	स्त्री	द्वितीया	द्वि	दिशौ
दिश्	श्	नाम	स्त्री	द्वितीया	बहु	दिशः
दिश्	श्	नाम	स्त्री	तृतीया	एक	दिशा
दिश्	श्	नाम	स्त्री	तृतीया	द्वि	दिग्भ्याम्
दिश्	श्	नाम	स्त्री	तृतीया	बहु	दिग्भिः
दिश्	श्	नाम	स्त्री	चतुर्थी	एक	दिशे
दिश्	श्	नाम	स्त्री	चतुर्थी	द्वि	दिग्भ्याम्
दिश्	श्	नाम	स्त्री	चतुर्थी	बहु	दिग्भ्यः
दिश्	श्	नाम	स्त्री	पञ्चमी	एक	दिशः
दिश्	श्	नाम	स्त्री	पञ्चमी	द्वि	दिग्भ्याम्
दिश्	श्	नाम	स्त्री	पञ्चमी	बहु	दिग्भ्यः
दिश्	श्	नाम	स्त्री	षष्ठी	एक	दिशः
दिश्	श्	नाम	स्त्री	षष्ठी	द्वि	दिशोः
दिश्	श्	नाम	स्त्री	षष्ठी	बहु	दिशाम्
दिश्	श्	नाम	स्त्री	सप्तमी	एक	दिशि
दिश्	श्	नाम	स्त्री	सप्तमी	द्वि	दिशोः
दिश्	श्	नाम	स्त्री	सप्तमी	बहु	दिक्षु
दिश्	श्	नाम	स्त्री	सम्बोधन	एक	दिक्
दिश्	श्	नाम	स्त्री	सम्बोधन	द्वि	दिशौ
दिश्	श्	नाम	स्त्री	सम्बोधन	बहु	दिशः
प्रावृष्	ष्	नाम	स्त्री	प्रथमा	एक	प्रावृट्
प्रावृष्	ष्	नाम	स्त्री	प्रथमा	द्वि	प्रावृषौ
प्रावृष्	ष्	नाम	स्त्री	प्रथमा	बहु	प्रावृषः
प्रावृष्	ष्	नाम	स्त्री	द्वितीया	एक	प्रावृषम्
प्रावृष्	ष्	नाम	स्त्री	द्वितीया	द्वि	प्रावृषौ
प्रावृष्	ष्	नाम	स्त्री	द्वितीया	बहु	प्रावृषः
प्रावृष्	ष्	नाम	स्त्री	तृतीया	एक	प्रावृषा
प्रावृष्	ष्	नाम	स्त्री	तृतीया	द्वि	प्रावृड्भ्याम्
प्रावृष्	ष्	नाम	स्त्री	तृतीया	बहु	प्रावृड्भिः
प्रावृष्	ष्	नाम	स्त्री	चतुर्थी	एक	प्रावृषे
प्रावृष्	ष्	नाम	स्त्री	चतुर्थी	द्वि	प्रावृड्भ्याम्
प्रावृष्	ष्	नाम	स्त्री	चतुर्थी	बहु	प्रावृड्भ्यः
प्रावृष्	ष्	नाम	स्त्री	पञ्चमी	एक	प्रावृषः
प्रावृष्	ष्	नाम	स्त्री	पञ्चमी	द्वि	प्रावृड्भ्याम्
प्रावृष्	ष्	नाम	स्त्री	पञ्चमी	बहु	प्रावृड्भ्यः
प्रावृष्	ष्	नाम	स्त्री	षष्ठी	एक	प्रावृषः
प्रावृष्	ष्	नाम	स्त्री	षष्ठी	द्वि	प्रावृषोः
प्रावृष्	ष्	नाम	स्त्री	षष्ठी	बहु	प्रावृषाम्
प्रावृष्	ष्	नाम	स्त्री	सप्तमी	एक	प्रावृषि
प्रावृष्	ष्	नाम	स्त्री	सप्तमी	द्वि	प्रावृषोः
प्रावृष्	ष्	नाम	स्त्री	सप्तमी	बहु	प्रावृषु
प्रावृष्	ष्	नाम	स्त्री	सम्बोधन	एक	प्रावृट्
प्रावृष्	ष्	नाम	स्त्री	सम्बोधन	द्वि	प्रावृषौ
प्रावृष्	ष्	नाम	स्त्री	सम्बोधन	बहु	प्रावृषः
भास्	स्	नाम	स्त्री	प्रथमा	एक	भाः
भास्	स्	नाम	स्त्री	प्रथमा	द्वि	भासौ
भास्	स्	नाम	स्त्री	प्रथमा	बहु	भासः
भास्	स्	नाम	स्त्री	द्वितीया	एक	भासम्
भास्	स्	नाम	स्त्री	द्वितीया	द्वि	भासौ
भास्	स्	नाम	स्त्री	द्वितीया	बहु	भासः
भास्	स्	नाम	स्त्री	तृतीया	एक	भासा
भास्	स्	नाम	स्त्री	तृतीया	द्वि	भाभ्याम्
भास्	स्	नाम	स्त्री	तृतीया	बहु	भाभिः
भास्	स्	नाम	स्त्री	चतुर्थी	एक	भासे
भास्	स्	नाम	स्त्री	चतुर्थी	द्वि	भाभ्याम्
भास्	स्	नाम	स्त्री	चतुर्थी	बहु	भाभ्यः
भास्	स्	नाम	स्त्री	पञ्चमी	एक	भासः
भास्	स्	नाम	स्त्री	पञ्चमी	द्वि	भाभ्याम्
भास्	स्	नाम	स्त्री	पञ्चमी	बहु	भाभ्यः
भास्	स्	नाम	स्त्री	षष्ठी	एक	भासः
भास्	स्	नाम	स्त्री	षष्ठी	द्वि	भासोः
भास्	स्	नाम	स्त्री	षष्ठी	बहु	भासाम्
भास्	स्	नाम	स्त्री	सप्तमी	एक	भासि
भास्	स्	नाम	स्त्री	सप्तमी	द्वि	भासोः
भास्	स्	नाम	स्त्री	सप्तमी	बहु	भासु
भास्	स्	नाम	स्त्री	सम्बोधन	एक	भाः
भास्	स्	नाम	स्त्री	सम्बोधन	द्वि	भासौ
भास्	स्	नाम	स्त्री	सम्बोधन	बहु	भासः
उपानह्	ह्	नाम	स्त्री	प्रथमा	एक	उपानत्
उपानह्	ह्	नाम	स्त्री	प्रथमा	द्वि	उपानहः
उपानह्	ह्	नाम	स्त्री	प्रथमा	बहु	उपानहः
उपानह्	ह्	नाम	स्त्री	द्वितीया	एक	उपानहम्
उपानह्	ह्	नाम	स्त्री	द्वितीया	द्वि	उपानहः
उपानह्	ह्	नाम	स्त्री	द्वितीया	बहु	उपानहः
उपानह्	ह्	नाम	स्त्री	तृतीया	एक	उपानहा
उपानह्	ह्	नाम	स्त्री	तृतीया	द्वि	उपानद्भिः
उपानह्	ह्	नाम	स्त्री	तृतीया	बहु	उपानद्भिः
उपानह्	ह्	नाम	स्त्री	चतुर्थी	एक	उपानहे
उपानह्	ह्	नाम	स्त्री	चतुर्थी	द्वि	उपानद्भ्यः
उपानह्	ह्	नाम	स्त्री	चतुर्थी	बहु	उपानद्भ्यः
उपानह्	ह्	नाम	स्त्री	पञ्चमी	एक	उपानहः
उपानह्	ह्	नाम	स्त्री	पञ्चमी	द्वि	उपानद्भ्यः
उपानह्	ह्	नाम	स्त्री	पञ्चमी	बहु	उपानद्भ्यः
उपानह्	ह्	नाम	स्त्री	षष्ठी	एक	उपानहः
उपानह्	ह्	नाम	स्त्री	षष्ठी	द्वि	उपानहाम्
उपानह्	ह्	नाम	स्त्री	षष्ठी	बहु	उपानहाम्
उपानह्	ह्	नाम	स्त्री	सप्तमी	एक	उपानहि
उपानह्	ह्	नाम	स्त्री	सप्तमी	द्वि	उपानत्सु
उपानह्	ह्	नाम	स्त्री	सप्तमी	बहु	उपानत्सु
उपानह्	ह्	नाम	स्त्री	सम्बोधन	एक	उपानत्
उपानह्	ह्	नाम	स्त्री	सम्बोधन	द्वि	उपानहः
उपानह्	ह्	नाम	स्त्री	सम्बोधन	बहु	उपानहः
फल	अ	नाम	नपुंसक	प्रथमा	एक	फलम्
फल	अ	नाम	नपुंसक	प्रथमा	द्वि	फले
फल	अ	नाम	नपुंसक	प्रथमा	बहु	फलानि
फल	अ	नाम	नपुंसक	द्वितीया	एक	फलम्
फल	अ	नाम	नपुंसक	द्वितीया	द्वि	फले
फल	अ	नाम	नपुंसक	द्वितीया	बहु	फलानि
फल	अ	नाम	नपुंसक	तृतीया	एक	फलेन
फल	अ	नाम	नपुंसक	तृतीया	द्वि	फलाभ्याम्
फल	अ	नाम	नपुंसक	तृतीया	बहु	फलैः
फल	अ	नाम	नपुंसक	चतुर्थी	एक	फलाय
फल	अ	नाम	नपुंसक	चतुर्थी	द्वि	फलाभ्याम्
फल	अ	नाम	नपुंसक	चतुर्थी	बहु	फलेभ्यः
फल	अ	नाम	नपुंसक	पञ्चमी	एक	फलात्
फल	अ	नाम	नपुंसक	पञ्चमी	द्वि	फलाभ्याम्
फल	अ	नाम	नपुंसक	पञ्चमी	बहु	फलेभ्यः
फल	अ	नाम	नपुंसक	षष्ठी	एक	फलस्य
फल	अ	नाम	नपुंसक	षष्ठी	द्वि	फलयोः
फल	अ	नाम	नपुंसक	षष्ठी	बहु	फलानाम्
फल	अ	नाम	नपुंसक	सप्तमी	एक	फले
फल	अ	नाम	नपुंसक	सप्तमी	द्वि	फलयोः
फल	अ	नाम	नपुंसक	सप्तमी	बहु	फलेषु
फल	अ	नाम	नपुंसक	सम्बोधन	एक	फल
फल	अ	नाम	नपुंसक	सम्बोधन	द्वि	फले
फल	अ	नाम	नपुंसक	सम्बोधन	बहु	हे फल
वारि	इ 	नाम	नपुंसक	प्रथमा	एक	वारि
वारि	इ 	नाम	नपुंसक	प्रथमा	द्वि	वारी
वारि	इ 	नाम	नपुंसक	प्रथमा	बहु	वारीणि
वारि	इ 	नाम	नपुंसक	द्वितीया	एक	वारि
वारि	इ 	नाम	नपुंसक	द्वितीया	द्वि	वारी
वारि	इ 	नाम	नपुंसक	द्वितीया	बहु	वारीणि
वारि	इ 	नाम	नपुंसक	तृतीया	एक	वारिणा
वारि	इ 	नाम	नपुंसक	तृतीया	द्वि	वार्भ्याम्
वारि	इ 	नाम	नपुंसक	तृतीया	बहु	वारिभिः
वारि	इ 	नाम	नपुंसक	चतुर्थी	एक	वारिणे
वारि	इ 	नाम	नपुंसक	चतुर्थी	द्वि	वार्भ्याम्
वारि	इ 	नाम	नपुंसक	चतुर्थी	बहु	वारिभ्यः
वारि	इ 	नाम	नपुंसक	पञ्चमी	एक	वारिणः
वारि	इ 	नाम	नपुंसक	पञ्चमी	द्वि	वार्भ्याम्
वारि	इ 	नाम	नपुंसक	पञ्चमी	बहु	वारिभ्यः
वारि	इ 	नाम	नपुंसक	षष्ठी	एक	वारिणः
वारि	इ 	नाम	नपुंसक	षष्ठी	द्वि	वारोः
वारि	इ 	नाम	नपुंसक	षष्ठी	बहु	वारीणाम्
वारि	इ 	नाम	नपुंसक	सप्तमी	एक	वारिणि
वारि	इ 	नाम	नपुंसक	सप्तमी	द्वि	वारोः
वारि	इ 	नाम	नपुंसक	सप्तमी	बहु	वारीषु
वारि	इ 	नाम	नपुंसक	सम्बोधन	एक	वारि
वारि	इ 	नाम	नपुंसक	सम्बोधन	द्वि	हे वारी
वारि	इ 	नाम	नपुंसक	सम्बोधन	बहु	वारीणि
मधु	उ	नाम	नपुंसक	प्रथमा	एक	मधु
मधु	उ	नाम	नपुंसक	प्रथमा	द्वि	मधुनी
मधु	उ	नाम	नपुंसक	प्रथमा	बहु	मधूनि
मधु	उ	नाम	नपुंसक	द्वितीया	एक	मधु
मधु	उ	नाम	नपुंसक	द्वितीया	द्वि	मधुनी
मधु	उ	नाम	नपुंसक	द्वितीया	बहु	मधूनि
मधु	उ	नाम	नपुंसक	तृतीया	एक	मधुना
मधु	उ	नाम	नपुंसक	तृतीया	द्वि	मधुभ्याम्
मधु	उ	नाम	नपुंसक	तृतीया	बहु	मधुभिः
मधु	उ	नाम	नपुंसक	चतुर्थी	एक	मधुने
मधु	उ	नाम	नपुंसक	चतुर्थी	द्वि	मधुभ्याम्
मधु	उ	नाम	नपुंसक	चतुर्थी	बहु	मधुभ्यः
मधु	उ	नाम	नपुंसक	पञ्चमी	एक	मधुनः
मधु	उ	नाम	नपुंसक	पञ्चमी	द्वि	मधुभ्याम्
मधु	उ	नाम	नपुंसक	पञ्चमी	बहु	मधुभ्यः
मधु	उ	नाम	नपुंसक	षष्ठी	एक	मधुनः
मधु	उ	नाम	नपुंसक	षष्ठी	द्वि	मधुनोः
मधु	उ	नाम	नपुंसक	षष्ठी	बहु	मधूनाम्
मधु	उ	नाम	नपुंसक	सप्तमी	एक	मधुनि
मधु	उ	नाम	नपुंसक	सप्तमी	द्वि	मधुनोः
मधु	उ	नाम	नपुंसक	सप्तमी	बहु	मधुषु
मधु	उ	नाम	नपुंसक	सम्बोधन	एक	मधो, मधु
मधु	उ	नाम	नपुंसक	सम्बोधन	द्वि	हे मधुनी
मधु	उ	नाम	नपुंसक	सम्बोधन	बहु	मधूनि
दातृ	ऋ	नाम	नपुंसक	प्रथमा	एक	दातृ
दातृ	ऋ	नाम	नपुंसक	प्रथमा	द्वि	दातृणी
दातृ	ऋ	नाम	नपुंसक	प्रथमा	बहु	दातॄणि
दातृ	ऋ	नाम	नपुंसक	द्वितीया	एक	दातृ
दातृ	ऋ	नाम	नपुंसक	द्वितीया	द्वि	दातृणी
दातृ	ऋ	नाम	नपुंसक	द्वितीया	बहु	दातॄणि
दातृ	ऋ	नाम	नपुंसक	तृतीया	एक	दातृणा
दातृ	ऋ	नाम	नपुंसक	तृतीया	द्वि	दातृभ्याम्
दातृ	ऋ	नाम	नपुंसक	तृतीया	बहु	दातृभिः
दातृ	ऋ	नाम	नपुंसक	चतुर्थी	एक	दातृणे
दातृ	ऋ	नाम	नपुंसक	चतुर्थी	द्वि	दातृभ्याम्
दातृ	ऋ	नाम	नपुंसक	चतुर्थी	बहु	दातृभ्यः
दातृ	ऋ	नाम	नपुंसक	पञ्चमी	एक	दातृणः
दातृ	ऋ	नाम	नपुंसक	पञ्चमी	द्वि	दातृभ्याम्
दातृ	ऋ	नाम	नपुंसक	पञ्चमी	बहु	दातृभ्यः
दातृ	ऋ	नाम	नपुंसक	षष्ठी	एक	दातृणः
दातृ	ऋ	नाम	नपुंसक	षष्ठी	द्वि	दातृणोः-दात्रोः
दातृ	ऋ	नाम	नपुंसक	षष्ठी	बहु	दातॄणाम्
दातृ	ऋ	नाम	नपुंसक	सप्तमी	एक	दातृणि
दातृ	ऋ	नाम	नपुंसक	सप्तमी	द्वि	दातृणोः-दात्रोः
दातृ	ऋ	नाम	नपुंसक	सप्तमी	बहु	दातृषु
दातृ	ऋ	नाम	नपुंसक	सम्बोधन	एक	दातः, दातृ
दातृ	ऋ	नाम	नपुंसक	सम्बोधन	द्वि	दातृणी
दातृ	ऋ	नाम	नपुंसक	सम्बोधन	बहु	दातॄणि
सुवाच्	च्	नाम	नपुंसक	प्रथमा	एक	सुवाक्
सुवाच्	च्	नाम	नपुंसक	प्रथमा	द्वि	सुवाची
सुवाच्	च्	नाम	नपुंसक	प्रथमा	बहु	सुवाञ्चि
सुवाच्	च्	नाम	नपुंसक	द्वितीया	एक	सुवाक्
सुवाच्	च्	नाम	नपुंसक	द्वितीया	द्वि	सुवाची
सुवाच्	च्	नाम	नपुंसक	द्वितीया	बहु	सुवाञ्चि
सुवाच्	च्	नाम	नपुंसक	तृतीया	एक	सुवाचा
सुवाच्	च्	नाम	नपुंसक	तृतीया	द्वि	सुवाग्भ्याम्
सुवाच्	च्	नाम	नपुंसक	तृतीया	बहु	सुवाग्भिः
सुवाच्	च्	नाम	नपुंसक	चतुर्थी	एक	सुवाचे
सुवाच्	च्	नाम	नपुंसक	चतुर्थी	द्वि	सुवाग्भ्याम्
सुवाच्	च्	नाम	नपुंसक	चतुर्थी	बहु	सुवाग्भ्यः
सुवाच्	च्	नाम	नपुंसक	पञ्चमी	एक	सुवाचः
सुवाच्	च्	नाम	नपुंसक	पञ्चमी	द्वि	सुवाग्भ्याम्
सुवाच्	च्	नाम	नपुंसक	पञ्चमी	बहु	सुवाग्भ्यः
सुवाच्	च्	नाम	नपुंसक	षष्ठी	एक	सुवाचः
सुवाच्	च्	नाम	नपुंसक	षष्ठी	द्वि	सुवचोः
सुवाच्	च्	नाम	नपुंसक	षष्ठी	बहु	सुवचाम्
सुवाच्	च्	नाम	नपुंसक	सप्तमी	एक	सुवाचि
सुवाच्	च्	नाम	नपुंसक	सप्तमी	द्वि	सुवचोः
सुवाच्	च्	नाम	नपुंसक	सप्तमी	बहु	सुवाक्षु
सुवाच्	च्	नाम	नपुंसक	सम्बोधन	एक	सुवाक्
सुवाच्	च्	नाम	नपुंसक	सम्बोधन	द्वि	सुवाची
सुवाच्	च्	नाम	नपुंसक	सम्बोधन	बहु	सुवाञ्चि
असृज्	ज्	नाम	नपुंसक	प्रथमा	एक	असृक्
असृज्	ज्	नाम	नपुंसक	प्रथमा	द्वि	असृजी
असृज्	ज्	नाम	नपुंसक	प्रथमा	बहु	असृजः
असृज्	ज्	नाम	नपुंसक	द्वितीया	एक	असृक्
असृज्	ज्	नाम	नपुंसक	द्वितीया	द्वि	असृजी
असृज्	ज्	नाम	नपुंसक	द्वितीया	बहु	असृजः
असृज्	ज्	नाम	नपुंसक	तृतीया	एक	असृजा
असृज्	ज्	नाम	नपुंसक	तृतीया	द्वि	असृग्भ्याम्
असृज्	ज्	नाम	नपुंसक	तृतीया	बहु	असृग्भिः
असृज्	ज्	नाम	नपुंसक	चतुर्थी	एक	असृजे
असृज्	ज्	नाम	नपुंसक	चतुर्थी	द्वि	असृग्भ्याम्
असृज्	ज्	नाम	नपुंसक	चतुर्थी	बहु	असृग्भ्यः
असृज्	ज्	नाम	नपुंसक	पञ्चमी	एक	असृजः
असृज्	ज्	नाम	नपुंसक	पञ्चमी	द्वि	असृग्भ्याम्
असृज्	ज्	नाम	नपुंसक	पञ्चमी	बहु	असृग्भ्यः
असृज्	ज्	नाम	नपुंसक	षष्ठी	एक	असृजः
असृज्	ज्	नाम	नपुंसक	षष्ठी	द्वि	असृजोः
असृज्	ज्	नाम	नपुंसक	षष्ठी	बहु	असृजाम्
असृज्	ज्	नाम	नपुंसक	सप्तमी	एक	असृजि
असृज्	ज्	नाम	नपुंसक	सप्तमी	द्वि	असजोः
असृज्	ज्	नाम	नपुंसक	सप्तमी	बहु	असृक्षु
असृज्	ज्	नाम	नपुंसक	सम्बोधन	एक	असृक्
असृज्	ज्	नाम	नपुंसक	सम्बोधन	द्वि	असृजी
असृज्	ज्	नाम	नपुंसक	सम्बोधन	बहु	असृजः
जगत्	त्	नाम	नपुंसक	प्रथमा	एक	जगत्
जगत्	त्	नाम	नपुंसक	प्रथमा	द्वि	जगती
जगत्	त्	नाम	नपुंसक	प्रथमा	बहु	जगन्ति
जगत्	त्	नाम	नपुंसक	द्वितीया	एक	जगत्
जगत्	त्	नाम	नपुंसक	द्वितीया	द्वि	जगती
जगत्	त्	नाम	नपुंसक	द्वितीया	बहु	जगन्ति
जगत्	त्	नाम	नपुंसक	तृतीया	एक	जगता
जगत्	त्	नाम	नपुंसक	तृतीया	द्वि	जगद्भ्याम्
जगत्	त्	नाम	नपुंसक	तृतीया	बहु	जगद्भिः
जगत्	त्	नाम	नपुंसक	चतुर्थी	एक	जगते
जगत्	त्	नाम	नपुंसक	चतुर्थी	द्वि	जगद्भ्याम्
जगत्	त्	नाम	नपुंसक	चतुर्थी	बहु	जगद्भ्यः
जगत्	त्	नाम	नपुंसक	पञ्चमी	एक	जगतः
जगत्	त्	नाम	नपुंसक	पञ्चमी	द्वि	जगद्भ्याम्
जगत्	त्	नाम	नपुंसक	पञ्चमी	बहु	जगद्भ्यः
जगत्	त्	नाम	नपुंसक	षष्ठी	एक	जगतः
जगत्	त्	नाम	नपुंसक	षष्ठी	द्वि	जगतोः
जगत्	त्	नाम	नपुंसक	षष्ठी	बहु	जगताम्
जगत्	त्	नाम	नपुंसक	सप्तमी	एक	जगति
जगत्	त्	नाम	नपुंसक	सप्तमी	द्वि	जगतोः
जगत्	त्	नाम	नपुंसक	सप्तमी	बहु	जगत्सु
जगत्	त्	नाम	नपुंसक	सम्बोधन	एक	जगत्
जगत्	त्	नाम	नपुंसक	सम्बोधन	द्वि	जगती
जगत्	त्	नाम	नपुंसक	सम्बोधन	बहु	जगन्ति
तुदत्	द्	नाम	नपुंसक	प्रथमा	एक	तुदत्
तुदत्	द्	नाम	नपुंसक	प्रथमा	द्वि	तुदन्ती-तुदती
तुदत्	द्	नाम	नपुंसक	प्रथमा	बहु	तुदन्ति
तुदत्	द्	नाम	नपुंसक	द्वितीया	एक	तुदत्
तुदत्	द्	नाम	नपुंसक	द्वितीया	द्वि	तुदन्ती-तुदती
तुदत्	द्	नाम	नपुंसक	द्वितीया	बहु	तुदन्ति
तुदत्	द्	नाम	नपुंसक	तृतीया	एक	तुदता
तुदत्	द्	नाम	नपुंसक	तृतीया	द्वि	तुदद्भ्याम्
तुदत्	द्	नाम	नपुंसक	तृतीया	बहु	तुदद्भिः
तुदत्	द्	नाम	नपुंसक	चतुर्थी	एक	तुदते
तुदत्	द्	नाम	नपुंसक	चतुर्थी	द्वि	तुदद्भ्याम्
तुदत्	द्	नाम	नपुंसक	चतुर्थी	बहु	तुदद्भ्यः
तुदत्	द्	नाम	नपुंसक	पञ्चमी	एक	तुदतः
तुदत्	द्	नाम	नपुंसक	पञ्चमी	द्वि	तुदद्भ्याम्
तुदत्	द्	नाम	नपुंसक	पञ्चमी	बहु	तुदद्भ्यः
तुदत्	द्	नाम	नपुंसक	षष्ठी	एक	तुदतः
तुदत्	द्	नाम	नपुंसक	षष्ठी	द्वि	तुदतोः
तुदत्	द्	नाम	नपुंसक	षष्ठी	बहु	तुदताम्
तुदत्	द्	नाम	नपुंसक	सप्तमी	एक	तुदति
तुदत्	द्	नाम	नपुंसक	सप्तमी	द्वि	तुदतोः
तुदत्	द्	नाम	नपुंसक	सप्तमी	बहु	तुदत्सु
तुदत्	द्	नाम	नपुंसक	सम्बोधन	एक	तुदत्
तुदत्	द्	नाम	नपुंसक	सम्बोधन	द्वि	तुदन्ती-तुदती
तुदत्	द्	नाम	नपुंसक	सम्बोधन	बहु	तुदन्ति
नामन्	न्	नाम	नपुंसक	प्रथमा	एक	नाम
नामन्	न्	नाम	नपुंसक	प्रथमा	द्वि	नाम्नी-नामनी
नामन्	न्	नाम	नपुंसक	प्रथमा	बहु	नामानि
नामन्	न्	नाम	नपुंसक	द्वितीया	एक	नाम
नामन्	न्	नाम	नपुंसक	द्वितीया	द्वि	नाम्नी-नामनी
नामन्	न्	नाम	नपुंसक	द्वितीया	बहु	नामानि
नामन्	न्	नाम	नपुंसक	तृतीया	एक	नाम्ना
नामन्	न्	नाम	नपुंसक	तृतीया	द्वि	नामभ्याम्
नामन्	न्	नाम	नपुंसक	तृतीया	बहु	नामभिः
नामन्	न्	नाम	नपुंसक	चतुर्थी	एक	नाम्ने
नामन्	न्	नाम	नपुंसक	चतुर्थी	द्वि	नामभ्याम्
नामन्	न्	नाम	नपुंसक	चतुर्थी	बहु	नामभ्यः
नामन्	न्	नाम	नपुंसक	पञ्चमी	एक	नाम्नः
नामन्	न्	नाम	नपुंसक	पञ्चमी	द्वि	नामभ्याम्
नामन्	न्	नाम	नपुंसक	पञ्चमी	बहु	नामभ्यः
नामन्	न्	नाम	नपुंसक	षष्ठी	एक	नाम्नः
नामन्	न्	नाम	नपुंसक	षष्ठी	द्वि	नाम्नोः
नामन्	न्	नाम	नपुंसक	षष्ठी	बहु	नाम्नाम्
नामन्	न्	नाम	नपुंसक	सप्तमी	एक	नाम्नि
नामन्	न्	नाम	नपुंसक	सप्तमी	द्वि	नाम्नोः
नामन्	न्	नाम	नपुंसक	सप्तमी	बहु	नामसु
नामन्	न्	नाम	नपुंसक	सम्बोधन	एक	नामन्, नाम
नामन्	न्	नाम	नपुंसक	सम्बोधन	द्वि	नाम्नी-नामनी
नामन्	न्	नाम	नपुंसक	सम्बोधन	बहु	नामानि
तादृश्	श्	नाम	नपुंसक	प्रथमा	एक	तादृक्
तादृश्	श्	नाम	नपुंसक	प्रथमा	द्वि	तादृशी
तादृश्	श्	नाम	नपुंसक	प्रथमा	बहु	तादृंशि
तादृश्	श्	नाम	नपुंसक	द्वितीया	एक	तादृक्
तादृश्	श्	नाम	नपुंसक	द्वितीया	द्वि	तादृशी
तादृश्	श्	नाम	नपुंसक	द्वितीया	बहु	तादृंशि
तादृश्	श्	नाम	नपुंसक	तृतीया	एक	तादृशा
तादृश्	श्	नाम	नपुंसक	तृतीया	द्वि	तादृग्भ्याम्
तादृश्	श्	नाम	नपुंसक	तृतीया	बहु	तादृग्भिः
तादृश्	श्	नाम	नपुंसक	चतुर्थी	एक	तादृशे
तादृश्	श्	नाम	नपुंसक	चतुर्थी	द्वि	तादृग्भ्याम्
तादृश्	श्	नाम	नपुंसक	चतुर्थी	बहु	तादृग्भ्यः
तादृश्	श्	नाम	नपुंसक	पञ्चमी	एक	तादृशः
तादृश्	श्	नाम	नपुंसक	पञ्चमी	द्वि	तादृग्भ्याम्
तादृश्	श्	नाम	नपुंसक	पञ्चमी	बहु	तादृग्भ्यः
तादृश्	श्	नाम	नपुंसक	षष्ठी	एक	तादृशः
तादृश्	श्	नाम	नपुंसक	षष्ठी	द्वि	तादृशोः
तादृश्	श्	नाम	नपुंसक	षष्ठी	बहु	तादृशाम्
तादृश्	श्	नाम	नपुंसक	सप्तमी	एक	तादृशि
तादृश्	श्	नाम	नपुंसक	सप्तमी	द्वि	तादृशोः
तादृश्	श्	नाम	नपुंसक	सप्तमी	बहु	तादृग्षु
तादृश्	श्	नाम	नपुंसक	सम्बोधन	एक	तादृक्
तादृश्	श्	नाम	नपुंसक	सम्बोधन	द्वि	तादृशौ
तादृश्	श्	नाम	नपुंसक	सम्बोधन	बहु	तादृंशि
हविष्	ष्	नाम	नपुंसक	प्रथमा	एक	हविः
हविष्	ष्	नाम	नपुंसक	प्रथमा	द्वि	हविषी
हविष्	ष्	नाम	नपुंसक	प्रथमा	बहु	हवींषि
हविष्	ष्	नाम	नपुंसक	द्वितीया	एक	हविः
हविष्	ष्	नाम	नपुंसक	द्वितीया	द्वि	हविषी
हविष्	ष्	नाम	नपुंसक	द्वितीया	बहु	हवींषि
हविष्	ष्	नाम	नपुंसक	तृतीया	एक	हविषा
हविष्	ष्	नाम	नपुंसक	तृतीया	द्वि	हविर्भ्याम्
हविष्	ष्	नाम	नपुंसक	तृतीया	बहु	हविर्भिः
हविष्	ष्	नाम	नपुंसक	चतुर्थी	एक	हविषे
हविष्	ष्	नाम	नपुंसक	चतुर्थी	द्वि	हविर्भ्याम्
हविष्	ष्	नाम	नपुंसक	चतुर्थी	बहु	हविर्भ्यः
हविष्	ष्	नाम	नपुंसक	पञ्चमी	एक	हविषः
हविष्	ष्	नाम	नपुंसक	पञ्चमी	द्वि	हविर्भ्याम्
हविष्	ष्	नाम	नपुंसक	पञ्चमी	बहु	हविर्भ्यः
हविष्	ष्	नाम	नपुंसक	षष्ठी	एक	हविषः
हविष्	ष्	नाम	नपुंसक	षष्ठी	द्वि	हविषोः
हविष्	ष्	नाम	नपुंसक	षष्ठी	बहु	हवीनाम्
हविष्	ष्	नाम	नपुंसक	सप्तमी	एक	हविषि
हविष्	ष्	नाम	नपुंसक	सप्तमी	द्वि	हविषोः
हविष्	ष्	नाम	नपुंसक	सप्तमी	बहु	हविष्षु
हविष्	ष्	नाम	नपुंसक	सम्बोधन	एक	हविः
हविष्	ष्	नाम	नपुंसक	सम्बोधन	द्वि	हविषी
हविष्	ष्	नाम	नपुंसक	सम्बोधन	बहु	हवींषि
मनस्	स्	नाम	नपुंसक	प्रथमा	एक	मनः
मनस्	स्	नाम	नपुंसक	प्रथमा	द्वि	मनसी
मनस्	स्	नाम	नपुंसक	प्रथमा	बहु	मनांसि
मनस्	स्	नाम	नपुंसक	द्वितीया	एक	मनः
मनस्	स्	नाम	नपुंसक	द्वितीया	द्वि	मनसी
मनस्	स्	नाम	नपुंसक	द्वितीया	बहु	मनांसि
मनस्	स्	नाम	नपुंसक	तृतीया	एक	मनसा
मनस्	स्	नाम	नपुंसक	तृतीया	द्वि	मनोभ्याम्
मनस्	स्	नाम	नपुंसक	तृतीया	बहु	मनोभिः
मनस्	स्	नाम	नपुंसक	चतुर्थी	एक	मनसे
मनस्	स्	नाम	नपुंसक	चतुर्थी	द्वि	मनोभ्याम्
मनस्	स्	नाम	नपुंसक	चतुर्थी	बहु	मनोभ्यः
मनस्	स्	नाम	नपुंसक	पञ्चमी	एक	मनसः
मनस्	स्	नाम	नपुंसक	पञ्चमी	द्वि	मनोभ्याम्
मनस्	स्	नाम	नपुंसक	पञ्चमी	बहु	मनोभ्यः
मनस्	स्	नाम	नपुंसक	षष्ठी	एक	मनसः
मनस्	स्	नाम	नपुंसक	षष्ठी	द्वि	मनसोः
मनस्	स्	नाम	नपुंसक	षष्ठी	बहु	मनसाम्
मनस्	स्	नाम	नपुंसक	सप्तमी	एक	मनसि
मनस्	स्	नाम	नपुंसक	सप्तमी	द्वि	मनसोः
मनस्	स्	नाम	नपुंसक	सप्तमी	बहु	मनस्सु
मनस्	स्	नाम	नपुंसक	सम्बोधन	एक	मनः
मनस्	स्	नाम	नपुंसक	सम्बोधन	द्वि	मनसी
मनस्	स्	नाम	नपुंसक	सम्बोधन	बहु	मनांसि
अम्भोरुह्	ह्	नाम	नपुंसक	प्रथमा	एक	अम्भोरुट्
अम्भोरुह्	ह्	नाम	नपुंसक	प्रथमा	द्वि	अम्भोरुही
अम्भोरुह्	ह्	नाम	नपुंसक	प्रथमा	बहु	अम्भोरुंहि
अम्भोरुह्	ह्	नाम	नपुंसक	द्वितीया	एक	अम्भोरुट्
अम्भोरुह्	ह्	नाम	नपुंसक	द्वितीया	द्वि	अम्भोरुही
अम्भोरुह्	ह्	नाम	नपुंसक	द्वितीया	बहु	अम्भोरुंहि
अम्भोरुह्	ह्	नाम	नपुंसक	तृतीया	एक	अम्भोरुहा
अम्भोरुह्	ह्	नाम	नपुंसक	तृतीया	द्वि	अम्भोरुड्भ्याम्
अम्भोरुह्	ह्	नाम	नपुंसक	तृतीया	बहु	अम्भोरुड्भिः
अम्भोरुह्	ह्	नाम	नपुंसक	चतुर्थी	एक	अम्भोरुहे
अम्भोरुह्	ह्	नाम	नपुंसक	चतुर्थी	द्वि	अम्भोरुड्भ्याम्
अम्भोरुह्	ह्	नाम	नपुंसक	चतुर्थी	बहु	अम्भोरुड्भ्यः
अम्भोरुह्	ह्	नाम	नपुंसक	पञ्चमी	एक	अम्भोरुहः
अम्भोरुह्	ह्	नाम	नपुंसक	पञ्चमी	द्वि	अम्भोरुड्भ्याम्
अम्भोरुह्	ह्	नाम	नपुंसक	पञ्चमी	बहु	अम्भोरड्भ्यः
अम्भोरुह्	ह्	नाम	नपुंसक	षष्ठी	एक	अम्भोरुहः
अम्भोरुह्	ह्	नाम	नपुंसक	षष्ठी	द्वि	अम्भोरुहोः
अम्भोरुह्	ह्	नाम	नपुंसक	षष्ठी	बहु	अम्भोरुहाम्
अम्भोरुह्	ह्	नाम	नपुंसक	सप्तमी	एक	अम्भोरुहि
अम्भोरुह्	ह्	नाम	नपुंसक	सप्तमी	द्वि	अम्भोरुहोः
अम्भोरुह्	ह्	नाम	नपुंसक	सप्तमी	बहु	अम्बोरुट्सु
अम्भोरुह्	ह्	नाम	नपुंसक	सम्बोधन	एक	अम्भोरुट्
अम्भोरुह्	ह्	नाम	नपुंसक	सम्बोधन	द्वि	अम्भोरुही
अम्भोरुह्	ह्	नाम	नपुंसक	सम्बोधन	बहु	अम्भोरुंहि
