धातु	गण	उपग्रह	लकार	पुरुष	वचनम्	रूपम्
पठ्	भ्वादि	परस्मैपद	लट्	प्रथम	एक	पठति
पठ्	भ्वादि	परस्मैपद	लट्	प्रथम	द्वि	पठतः
पठ्	भ्वादि	परस्मैपद	लट्	प्रथम	बहु	पठन्ति
पठ्	भ्वादि	परस्मैपद	लट्	मध्यम	एक	पठसि
पठ्	भ्वादि	परस्मैपद	लट्	मध्यम	द्वि	पठथः
पठ्	भ्वादि	परस्मैपद	लट्	मध्यम	बहु	पठथ
पठ्	भ्वादि	परस्मैपद	लट्	उत्तम	एक	पठामि
पठ्	भ्वादि	परस्मैपद	लट्	उत्तम	द्वि	पठावः
पठ्	भ्वादि	परस्मैपद	लट्	उत्तम	बहु	पठामः
पठ्	भ्वादि	परस्मैपद	लोट्	प्रथम	एक	पठतु
पठ्	भ्वादि	परस्मैपद	लोट्	प्रथम	द्वि	पठताम्
पठ्	भ्वादि	परस्मैपद	लोट्	प्रथम	बहु	पठन्तु
पठ्	भ्वादि	परस्मैपद	लोट्	मध्यम	एक	पठ
पठ्	भ्वादि	परस्मैपद	लोट्	मध्यम	द्वि	पठतम्
पठ्	भ्वादि	परस्मैपद	लोट्	मध्यम	बहु	पठत
पठ्	भ्वादि	परस्मैपद	लोट्	उत्तम	एक	पठानि
पठ्	भ्वादि	परस्मैपद	लोट्	उत्तम	द्वि	पठाव
पठ्	भ्वादि	परस्मैपद	लोट्	उत्तम	बहु	पठाम
पठ्	भ्वादि	परस्मैपद	लङ्	प्रथम	एक	अपठत्
पठ्	भ्वादि	परस्मैपद	लङ्	प्रथम	द्वि	अपठताम्
पठ्	भ्वादि	परस्मैपद	लङ्	प्रथम	बहु	अपठन्
पठ्	भ्वादि	परस्मैपद	लङ्	मध्यम	एक	अपठः
पठ्	भ्वादि	परस्मैपद	लङ्	मध्यम	द्वि	अपठतम्
पठ्	भ्वादि	परस्मैपद	लङ्	मध्यम	बहु	अपठत
पठ्	भ्वादि	परस्मैपद	लङ्	उत्तम	एक	अपठम्
पठ्	भ्वादि	परस्मैपद	लङ्	उत्तम	द्वि	अपठाव
पठ्	भ्वादि	परस्मैपद	लङ्	उत्तम	बहु	अपठाम
पठ्	भ्वादि	परस्मैपद	विधिलिङ्	प्रथम	एक	पठेत्
पठ्	भ्वादि	परस्मैपद	विधिलिङ्	प्रथम	द्वि	पठेताम्
पठ्	भ्वादि	परस्मैपद	विधिलिङ्	प्रथम	बहु	पठेयुः
पठ्	भ्वादि	परस्मैपद	विधिलिङ्	मध्यम	एक	पठेः
पठ्	भ्वादि	परस्मैपद	विधिलिङ्	मध्यम	द्वि	पठेतम्
पठ्	भ्वादि	परस्मैपद	विधिलिङ्	मध्यम	बहु	पठेत
पठ्	भ्वादि	परस्मैपद	विधिलिङ्	उत्तम	एक	पठेयम्
पठ्	भ्वादि	परस्मैपद	विधिलिङ्	उत्तम	द्वि	पठेव
पठ्	भ्वादि	परस्मैपद	विधिलिङ्	उत्तम	बहु	पठेम
पठ्	भ्वादि	परस्मैपद	लृट्	प्रथम	एक	पठिष्यति
पठ्	भ्वादि	परस्मैपद	लृट्	प्रथम	द्वि	पठिष्यतः
पठ्	भ्वादि	परस्मैपद	लृट्	प्रथम	बहु	पठिष्यन्ति
पठ्	भ्वादि	परस्मैपद	लृट्	मध्यम	एक	पठिष्यसि
पठ्	भ्वादि	परस्मैपद	लृट्	मध्यम	द्वि	पठिष्यथः
पठ्	भ्वादि	परस्मैपद	लृट्	मध्यम	बहु	पठिष्यथ
पठ्	भ्वादि	परस्मैपद	लृट्	उत्तम	एक	पठिष्यामि
पठ्	भ्वादि	परस्मैपद	लृट्	उत्तम	द्वि	पठिष्यावः
पठ्	भ्वादि	परस्मैपद	लृट्	उत्तम	बहु	पठिष्यामः
पठ्	भ्वादि	परस्मैपद	लुट्	प्रथम	एक	पठिता
पठ्	भ्वादि	परस्मैपद	लुट्	प्रथम	द्वि	पठितारौ
पठ्	भ्वादि	परस्मैपद	लुट्	प्रथम	बहु	पठितारः
पठ्	भ्वादि	परस्मैपद	लुट्	मध्यम	एक	पठितासि
पठ्	भ्वादि	परस्मैपद	लुट्	मध्यम	द्वि	पठतास्थः
पठ्	भ्वादि	परस्मैपद	लुट्	मध्यम	बहु	पठितास्थ
पठ्	भ्वादि	परस्मैपद	लुट्	उत्तम	एक	पठितास्मि
पठ्	भ्वादि	परस्मैपद	लुट्	उत्तम	द्वि	पठितास्वः
पठ्	भ्वादि	परस्मैपद	लुट्	उत्तम	बहु	पठितास्मः
पठ्	भ्वादि	परस्मैपद	आशीर्लिङ्	प्रथम	एक	पठ्यात्
पठ्	भ्वादि	परस्मैपद	आशीर्लिङ्	प्रथम	द्वि	पठ्यास्ताम्
पठ्	भ्वादि	परस्मैपद	आशीर्लिङ्	प्रथम	बहु	पठ्यासुः
पठ्	भ्वादि	परस्मैपद	आशीर्लिङ्	मध्यम	एक	पठ्याः
पठ्	भ्वादि	परस्मैपद	आशीर्लिङ्	मध्यम	द्वि	पठ्यास्तम्
पठ्	भ्वादि	परस्मैपद	आशीर्लिङ्	मध्यम	बहु	पठ्यास्त
पठ्	भ्वादि	परस्मैपद	आशीर्लिङ्	उत्तम	एक	पठ्यासम्
पठ्	भ्वादि	परस्मैपद	आशीर्लिङ्	उत्तम	द्वि	पठ्यास्व
पठ्	भ्वादि	परस्मैपद	आशीर्लिङ्	उत्तम	बहु	पठ्यास्म
पठ्	भ्वादि	परस्मैपद	लृङ्	प्रथम	एक	अपठिष्यत्
पठ्	भ्वादि	परस्मैपद	लृङ्	प्रथम	द्वि	अपठिष्यताम्
पठ्	भ्वादि	परस्मैपद	लृङ्	प्रथम	बहु	अपठिष्यन्
पठ्	भ्वादि	परस्मैपद	लृङ्	मध्यम	एक	अपठिष्यः
पठ्	भ्वादि	परस्मैपद	लृङ्	मध्यम	द्वि	अपठिष्यतम्
पठ्	भ्वादि	परस्मैपद	लृङ्	मध्यम	बहु	अपठिष्यत
पठ्	भ्वादि	परस्मैपद	लृङ्	उत्तम	एक	अपठिष्यम्
पठ्	भ्वादि	परस्मैपद	लृङ्	उत्तम	द्वि	अपठिष्याव
पठ्	भ्वादि	परस्मैपद	लृङ्	उत्तम	बहु	अपठिष्याम
पठ्	भ्वादि	परस्मैपद	लिट्	प्रथम	एक	पपाठ
पठ्	भ्वादि	परस्मैपद	लिट्	प्रथम	द्वि	पेठतुः
पठ्	भ्वादि	परस्मैपद	लिट्	प्रथम	बहु	पेठुः
पठ्	भ्वादि	परस्मैपद	लिट्	मध्यम	एक	पेठित
पठ्	भ्वादि	परस्मैपद	लिट्	मध्यम	द्वि	पेठतुः
पठ्	भ्वादि	परस्मैपद	लिट्	मध्यम	बहु	पेठ
पठ्	भ्वादि	परस्मैपद	लिट्	उत्तम	एक	पपाठ
पठ्	भ्वादि	परस्मैपद	लिट्	उत्तम	द्वि	पेठिव
पठ्	भ्वादि	परस्मैपद	लिट्	उत्तम	बहु	पेठिम
पठ्	भ्वादि	परस्मैपद	लुङ्	प्रथम	एक	अपाठीत्
पठ्	भ्वादि	परस्मैपद	लुङ्	प्रथम	द्वि	अपाठिष्टाम्
पठ्	भ्वादि	परस्मैपद	लुङ्	प्रथम	बहु	अपाठिषुः
पठ्	भ्वादि	परस्मैपद	लुङ्	मध्यम	एक	अपाठीः
पठ्	भ्वादि	परस्मैपद	लुङ्	मध्यम	द्वि	अपाठिष्टम्
पठ्	भ्वादि	परस्मैपद	लुङ्	मध्यम	बहु	अपाठिष्ट
पठ्	भ्वादि	परस्मैपद	लुङ्	उत्तम	एक	अपाठिषम्
पठ्	भ्वादि	परस्मैपद	लुङ्	उत्तम	द्वि	अपाठिष्व
पठ्	भ्वादि	परस्मैपद	लुङ्	उत्तम	बहु	अपाठिष्म
या	अदादि	परस्मैपद	लट्	प्रथम	एक	याति
या	अदादि	परस्मैपद	लट्	प्रथम	द्वि	यातः
या	अदादि	परस्मैपद	लट्	प्रथम	बहु	यान्ति
या	अदादि	परस्मैपद	लट्	मध्यम	एक	यासि
या	अदादि	परस्मैपद	लट्	मध्यम	द्वि	याथः
या	अदादि	परस्मैपद	लट्	मध्यम	बहु	याथ
या	अदादि	परस्मैपद	लट्	उत्तम	एक	यामि
या	अदादि	परस्मैपद	लट्	उत्तम	द्वि	यावः
या	अदादि	परस्मैपद	लट्	उत्तम	बहु	यामः
या	अदादि	परस्मैपद	लोट्	प्रथम	एक	यातु
या	अदादि	परस्मैपद	लोट्	प्रथम	द्वि	याताम्
या	अदादि	परस्मैपद	लोट्	प्रथम	बहु	यान्तु
या	अदादि	परस्मैपद	लोट्	मध्यम	एक	याहि
या	अदादि	परस्मैपद	लोट्	मध्यम	द्वि	यातम्
या	अदादि	परस्मैपद	लोट्	मध्यम	बहु	यात
या	अदादि	परस्मैपद	लोट्	उत्तम	एक	यानि
या	अदादि	परस्मैपद	लोट्	उत्तम	द्वि	याव
या	अदादि	परस्मैपद	लोट्	उत्तम	बहु	याम
या	अदादि	परस्मैपद	लङ्	प्रथम	एक	आयात्
या	अदादि	परस्मैपद	लङ्	प्रथम	द्वि	आयातम्
या	अदादि	परस्मैपद	लङ्	प्रथम	बहु	अयुः-अयान्
या	अदादि	परस्मैपद	लङ्	मध्यम	एक	अयाः
या	अदादि	परस्मैपद	लङ्	मध्यम	द्वि	अयातम्
या	अदादि	परस्मैपद	लङ्	मध्यम	बहु	अयात
या	अदादि	परस्मैपद	लङ्	उत्तम	एक	अयाम्
या	अदादि	परस्मैपद	लङ्	उत्तम	द्वि	अयाव
या	अदादि	परस्मैपद	लङ्	उत्तम	बहु	अयाम
या	अदादि	परस्मैपद	विधिलिङ्	प्रथम	एक	यायात्
या	अदादि	परस्मैपद	विधिलिङ्	प्रथम	द्वि	यायातम्
या	अदादि	परस्मैपद	विधिलिङ्	प्रथम	बहु	यायुः
या	अदादि	परस्मैपद	विधिलिङ्	मध्यम	एक	यायाः
या	अदादि	परस्मैपद	विधिलिङ्	मध्यम	द्वि	यायातम्
या	अदादि	परस्मैपद	विधिलिङ्	मध्यम	बहु	यायात
या	अदादि	परस्मैपद	विधिलिङ्	उत्तम	एक	यायाम्
या	अदादि	परस्मैपद	विधिलिङ्	उत्तम	द्वि	यायाव
या	अदादि	परस्मैपद	विधिलिङ्	उत्तम	बहु	यायाम
या	अदादि	परस्मैपद	लृट्	प्रथम	एक	यास्यति
या	अदादि	परस्मैपद	लृट्	प्रथम	द्वि	यास्यतः
या	अदादि	परस्मैपद	लृट्	प्रथम	बहु	यास्यन्ति
या	अदादि	परस्मैपद	लृट्	मध्यम	एक	यास्यसि
या	अदादि	परस्मैपद	लृट्	मध्यम	द्वि	यास्यथः
या	अदादि	परस्मैपद	लृट्	मध्यम	बहु	यास्यथ
या	अदादि	परस्मैपद	लृट्	उत्तम	एक	यास्यामि
या	अदादि	परस्मैपद	लृट्	उत्तम	द्वि	यास्यावः
या	अदादि	परस्मैपद	लृट्	उत्तम	बहु	यास्यामः
या	अदादि	परस्मैपद	लुट्	प्रथम	एक	याता
या	अदादि	परस्मैपद	लुट्	प्रथम	द्वि	यातारौ
या	अदादि	परस्मैपद	लुट्	प्रथम	बहु	यातारः
या	अदादि	परस्मैपद	लुट्	मध्यम	एक	यातासि
या	अदादि	परस्मैपद	लुट्	मध्यम	द्वि	यातास्थः
या	अदादि	परस्मैपद	लुट्	मध्यम	बहु	यातास्थ
या	अदादि	परस्मैपद	लुट्	उत्तम	एक	यातास्मि
या	अदादि	परस्मैपद	लुट्	उत्तम	द्वि	यातास्वः
या	अदादि	परस्मैपद	लुट्	उत्तम	बहु	यातास्मः
या	अदादि	परस्मैपद	आशीर्लिङ्	प्रथम	एक	यायात्
या	अदादि	परस्मैपद	आशीर्लिङ्	प्रथम	द्वि	यायास्तम्
या	अदादि	परस्मैपद	आशीर्लिङ्	प्रथम	बहु	यायासुः
या	अदादि	परस्मैपद	आशीर्लिङ्	मध्यम	एक	यायाः
या	अदादि	परस्मैपद	आशीर्लिङ्	मध्यम	द्वि	यायास्तम्
या	अदादि	परस्मैपद	आशीर्लिङ्	मध्यम	बहु	यायास्त
या	अदादि	परस्मैपद	आशीर्लिङ्	उत्तम	एक	यायासम्
या	अदादि	परस्मैपद	आशीर्लिङ्	उत्तम	द्वि	यायास्व
या	अदादि	परस्मैपद	आशीर्लिङ्	उत्तम	बहु	यायास्म
या	अदादि	परस्मैपद	लृङ्	प्रथम	एक	अयास्यत्
या	अदादि	परस्मैपद	लृङ्	प्रथम	द्वि	अयास्यताम्
या	अदादि	परस्मैपद	लृङ्	प्रथम	बहु	अयास्यन्
या	अदादि	परस्मैपद	लृङ्	मध्यम	एक	अयास्यः
या	अदादि	परस्मैपद	लृङ्	मध्यम	द्वि	अयास्यतम्
या	अदादि	परस्मैपद	लृङ्	मध्यम	बहु	अयास्यत
या	अदादि	परस्मैपद	लृङ्	उत्तम	एक	अयास्यम्
या	अदादि	परस्मैपद	लृङ्	उत्तम	द्वि	अयास्व
या	अदादि	परस्मैपद	लृङ्	उत्तम	बहु	आयास्म
या	अदादि	परस्मैपद	लिट्	प्रथम	एक	ययौ
या	अदादि	परस्मैपद	लिट्	प्रथम	द्वि	ययतुः
या	अदादि	परस्मैपद	लिट्	प्रथम	बहु	ययुः
या	अदादि	परस्मैपद	लिट्	मध्यम	एक	ययाथ
या	अदादि	परस्मैपद	लिट्	मध्यम	द्वि	ययथुः
या	अदादि	परस्मैपद	लिट्	मध्यम	बहु	यय
या	अदादि	परस्मैपद	लिट्	उत्तम	एक	ययौ
या	अदादि	परस्मैपद	लिट्	उत्तम	द्वि	ययिव
या	अदादि	परस्मैपद	लिट्	उत्तम	बहु	ययिम
या	अदादि	परस्मैपद	लुङ्	प्रथम	एक	अयासीत्
या	अदादि	परस्मैपद	लुङ्	प्रथम	द्वि	अयासिष्टाम्
या	अदादि	परस्मैपद	लुङ्	प्रथम	बहु	अयासिषुः
या	अदादि	परस्मैपद	लुङ्	मध्यम	एक	अयासीः
या	अदादि	परस्मैपद	लुङ्	मध्यम	द्वि	अयासिष्टम्
या	अदादि	परस्मैपद	लुङ्	मध्यम	बहु	अयासिष्ट
या	अदादि	परस्मैपद	लुङ्	उत्तम	एक	अयासिषम्
या	अदादि	परस्मैपद	लुङ्	उत्तम	द्वि	अयासिष्व
या	अदादि	परस्मैपद	लुङ्	उत्तम	बहु	अयासिष्म
हु	जुहोत्यादि	परस्मैपद	लट्	प्रथम	एक	जहाति
हु	जुहोत्यादि	परस्मैपद	लट्	प्रथम	द्वि	जहीतः
हु	जुहोत्यादि	परस्मैपद	लट्	प्रथम	बहु	जहति
हु	जुहोत्यादि	परस्मैपद	लट्	मध्यम	एक	जहासि
हु	जुहोत्यादि	परस्मैपद	लट्	मध्यम	द्वि	जहीथः
हु	जुहोत्यादि	परस्मैपद	लट्	मध्यम	बहु	जहीथ
हु	जुहोत्यादि	परस्मैपद	लट्	उत्तम	एक	जहामि
हु	जुहोत्यादि	परस्मैपद	लट्	उत्तम	द्वि	जहीवः
हु	जुहोत्यादि	परस्मैपद	लट्	उत्तम	बहु	जहीमः
हु	जुहोत्यादि	परस्मैपद	लोट्	प्रथम	एक	जहातु
हु	जुहोत्यादि	परस्मैपद	लोट्	प्रथम	द्वि	जहीताम्
हु	जुहोत्यादि	परस्मैपद	लोट्	प्रथम	बहु	जहतु
हु	जुहोत्यादि	परस्मैपद	लोट्	मध्यम	एक	जहीहि
हु	जुहोत्यादि	परस्मैपद	लोट्	मध्यम	द्वि	जहीतम्
हु	जुहोत्यादि	परस्मैपद	लोट्	मध्यम	बहु	जहीत
हु	जुहोत्यादि	परस्मैपद	लोट्	उत्तम	एक	जहानि
हु	जुहोत्यादि	परस्मैपद	लोट्	उत्तम	द्वि	जहाव
हु	जुहोत्यादि	परस्मैपद	लोट्	उत्तम	बहु	जहाम
हु	जुहोत्यादि	परस्मैपद	लङ्	प्रथम	एक	अजहात्
हु	जुहोत्यादि	परस्मैपद	लङ्	प्रथम	द्वि	अजहीताम्
हु	जुहोत्यादि	परस्मैपद	लङ्	प्रथम	बहु	अजहीत
हु	जुहोत्यादि	परस्मैपद	लङ्	मध्यम	एक	अजहाः
हु	जुहोत्यादि	परस्मैपद	लङ्	मध्यम	द्वि	अजहीतम्
हु	जुहोत्यादि	परस्मैपद	लङ्	मध्यम	बहु	अजहीत
हु	जुहोत्यादि	परस्मैपद	लङ्	उत्तम	एक	अजहाम्
हु	जुहोत्यादि	परस्मैपद	लङ्	उत्तम	द्वि	अजहीव
हु	जुहोत्यादि	परस्मैपद	लङ्	उत्तम	बहु	अजहीम
हु	जुहोत्यादि	परस्मैपद	विधिलिङ्	प्रथम	एक	जह्यात्
हु	जुहोत्यादि	परस्मैपद	विधिलिङ्	प्रथम	द्वि	जह्याताम्
हु	जुहोत्यादि	परस्मैपद	विधिलिङ्	प्रथम	बहु	जह्युः
हु	जुहोत्यादि	परस्मैपद	विधिलिङ्	मध्यम	एक	जह्याः
हु	जुहोत्यादि	परस्मैपद	विधिलिङ्	मध्यम	द्वि	जह्यातम्
हु	जुहोत्यादि	परस्मैपद	विधिलिङ्	मध्यम	बहु	जह्यात
हु	जुहोत्यादि	परस्मैपद	विधिलिङ्	उत्तम	एक	जह्याम्
हु	जुहोत्यादि	परस्मैपद	विधिलिङ्	उत्तम	द्वि	जह्याव
हु	जुहोत्यादि	परस्मैपद	विधिलिङ्	उत्तम	बहु	जह्याम
हु	जुहोत्यादि	परस्मैपद	लृट्	प्रथम	एक	हास्यति
हु	जुहोत्यादि	परस्मैपद	लृट्	प्रथम	द्वि	हास्यतः
हु	जुहोत्यादि	परस्मैपद	लृट्	प्रथम	बहु	हास्यन्ति
हु	जुहोत्यादि	परस्मैपद	लृट्	मध्यम	एक	हास्यसि
हु	जुहोत्यादि	परस्मैपद	लृट्	मध्यम	द्वि	हास्यथः
हु	जुहोत्यादि	परस्मैपद	लृट्	मध्यम	बहु	हास्यथ
हु	जुहोत्यादि	परस्मैपद	लृट्	उत्तम	एक	हास्यामि
हु	जुहोत्यादि	परस्मैपद	लृट्	उत्तम	द्वि	हास्यावः
हु	जुहोत्यादि	परस्मैपद	लृट्	उत्तम	बहु	हास्यामः
हु	जुहोत्यादि	परस्मैपद	लुट्	प्रथम	एक	हाता
हु	जुहोत्यादि	परस्मैपद	लुट्	प्रथम	द्वि	हातारौ
हु	जुहोत्यादि	परस्मैपद	लुट्	प्रथम	बहु	हातारः
हु	जुहोत्यादि	परस्मैपद	लुट्	मध्यम	एक	हातासि
हु	जुहोत्यादि	परस्मैपद	लुट्	मध्यम	द्वि	हातास्थः
हु	जुहोत्यादि	परस्मैपद	लुट्	मध्यम	बहु	हातास्थ
हु	जुहोत्यादि	परस्मैपद	लुट्	उत्तम	एक	हातास्मि
हु	जुहोत्यादि	परस्मैपद	लुट्	उत्तम	द्वि	हातास्वः
हु	जुहोत्यादि	परस्मैपद	लुट्	उत्तम	बहु	हातास्मः
हु	जुहोत्यादि	परस्मैपद	आशीर्लिङ्	प्रथम	एक	हेयात्
हु	जुहोत्यादि	परस्मैपद	आशीर्लिङ्	प्रथम	द्वि	हेयास्ताम्
हु	जुहोत्यादि	परस्मैपद	आशीर्लिङ्	प्रथम	बहु	हेयासुः
हु	जुहोत्यादि	परस्मैपद	आशीर्लिङ्	मध्यम	एक	हेयाः
हु	जुहोत्यादि	परस्मैपद	आशीर्लिङ्	मध्यम	द्वि	हेयास्तम्
हु	जुहोत्यादि	परस्मैपद	आशीर्लिङ्	मध्यम	बहु	हेयास्त
हु	जुहोत्यादि	परस्मैपद	आशीर्लिङ्	उत्तम	एक	हेयासम्
हु	जुहोत्यादि	परस्मैपद	आशीर्लिङ्	उत्तम	द्वि	हेयास्व
हु	जुहोत्यादि	परस्मैपद	आशीर्लिङ्	उत्तम	बहु	हेयास्म
हु	जुहोत्यादि	परस्मैपद	लृङ्	प्रथम	एक	अहास्यत्
हु	जुहोत्यादि	परस्मैपद	लृङ्	प्रथम	द्वि	अहास्यताम्
हु	जुहोत्यादि	परस्मैपद	लृङ्	प्रथम	बहु	अहास्यन्
हु	जुहोत्यादि	परस्मैपद	लृङ्	मध्यम	एक	अहास्यः
हु	जुहोत्यादि	परस्मैपद	लृङ्	मध्यम	द्वि	अहास्यतम्
हु	जुहोत्यादि	परस्मैपद	लृङ्	मध्यम	बहु	अहास्यत
हु	जुहोत्यादि	परस्मैपद	लृङ्	उत्तम	एक	अहास्यम्
हु	जुहोत्यादि	परस्मैपद	लृङ्	उत्तम	द्वि	अहास्याव
हु	जुहोत्यादि	परस्मैपद	लृङ्	उत्तम	बहु	अहास्याम
हु	जुहोत्यादि	परस्मैपद	लिट्	प्रथम	एक	जहौ
हु	जुहोत्यादि	परस्मैपद	लिट्	प्रथम	द्वि	जहतुः
हु	जुहोत्यादि	परस्मैपद	लिट्	प्रथम	बहु	जहुः
हु	जुहोत्यादि	परस्मैपद	लिट्	मध्यम	एक	जहाथ
हु	जुहोत्यादि	परस्मैपद	लिट्	मध्यम	द्वि	जहथुः
हु	जुहोत्यादि	परस्मैपद	लिट्	मध्यम	बहु	जह
हु	जुहोत्यादि	परस्मैपद	लिट्	उत्तम	एक	जहौ
हु	जुहोत्यादि	परस्मैपद	लिट्	उत्तम	द्वि	जहिव
हु	जुहोत्यादि	परस्मैपद	लिट्	उत्तम	बहु	जहिम
हु	जुहोत्यादि	परस्मैपद	लुङ्	प्रथम	एक	अहासीत्
हु	जुहोत्यादि	परस्मैपद	लुङ्	प्रथम	द्वि	अहासिष्टम्
हु	जुहोत्यादि	परस्मैपद	लुङ्	प्रथम	बहु	अहासिष्ट
हु	जुहोत्यादि	परस्मैपद	लुङ्	मध्यम	एक	अहासीः
हु	जुहोत्यादि	परस्मैपद	लुङ्	मध्यम	द्वि	अहासिष्टम्
हु	जुहोत्यादि	परस्मैपद	लुङ्	मध्यम	बहु	अहासिष्ट
हु	जुहोत्यादि	परस्मैपद	लुङ्	उत्तम	एक	अहासिषम्
हु	जुहोत्यादि	परस्मैपद	लुङ्	उत्तम	द्वि	अहासिष्व
हु	जुहोत्यादि	परस्मैपद	लुङ्	उत्तम	बहु	अहासिष्म
क्षिप्	दिवादि	परस्मैपद	लट्	प्रथम	एक	क्षिप्यति
क्षिप्	दिवादि	परस्मैपद	लट्	प्रथम	द्वि	क्षिप्यतः
क्षिप्	दिवादि	परस्मैपद	लट्	प्रथम	बहु	क्षिप्यन्ति
क्षिप्	दिवादि	परस्मैपद	लट्	मध्यम	एक	क्षिप्यसि
क्षिप्	दिवादि	परस्मैपद	लट्	मध्यम	द्वि	क्षिप्यथः
क्षिप्	दिवादि	परस्मैपद	लट्	मध्यम	बहु	क्षिप्यथ
क्षिप्	दिवादि	परस्मैपद	लट्	उत्तम	एक	क्षिप्यामि
क्षिप्	दिवादि	परस्मैपद	लट्	उत्तम	द्वि	क्षिप्यावः
क्षिप्	दिवादि	परस्मैपद	लट्	उत्तम	बहु	क्षिप्यामः
क्षिप्	दिवादि	परस्मैपद	लोट्	प्रथम	एक	क्षिप्यतु
क्षिप्	दिवादि	परस्मैपद	लोट्	प्रथम	द्वि	क्षिप्यताम्
क्षिप्	दिवादि	परस्मैपद	लोट्	प्रथम	बहु	क्षिप्यन्तु
क्षिप्	दिवादि	परस्मैपद	लोट्	मध्यम	एक	क्षिप्य
क्षिप्	दिवादि	परस्मैपद	लोट्	मध्यम	द्वि	क्षिप्यतम्
क्षिप्	दिवादि	परस्मैपद	लोट्	मध्यम	बहु	क्षिप्यत
क्षिप्	दिवादि	परस्मैपद	लोट्	उत्तम	एक	क्षिप्यामि
क्षिप्	दिवादि	परस्मैपद	लोट्	उत्तम	द्वि	क्षिप्यावः
क्षिप्	दिवादि	परस्मैपद	लोट्	उत्तम	बहु	क्षिप्यामः
क्षिप्	दिवादि	परस्मैपद	लङ्	प्रथम	एक	अक्षिप्यत्
क्षिप्	दिवादि	परस्मैपद	लङ्	प्रथम	द्वि	अक्षिप्यताम्
क्षिप्	दिवादि	परस्मैपद	लङ्	प्रथम	बहु	अक्षिप्यन्
क्षिप्	दिवादि	परस्मैपद	लङ्	मध्यम	एक	अक्षिप्यः
क्षिप्	दिवादि	परस्मैपद	लङ्	मध्यम	द्वि	अक्षिप्यतम्
क्षिप्	दिवादि	परस्मैपद	लङ्	मध्यम	बहु	अक्षिप्यत
क्षिप्	दिवादि	परस्मैपद	लङ्	उत्तम	एक	अक्षिप्यम्
क्षिप्	दिवादि	परस्मैपद	लङ्	उत्तम	द्वि	अक्षिप्याव
क्षिप्	दिवादि	परस्मैपद	लङ्	उत्तम	बहु	अक्षिप्याम
क्षिप्	दिवादि	परस्मैपद	विधिलिङ्	प्रथम	एक	क्षिप्येत्
क्षिप्	दिवादि	परस्मैपद	विधिलिङ्	प्रथम	द्वि	क्षिप्येताम्
क्षिप्	दिवादि	परस्मैपद	विधिलिङ्	प्रथम	बहु	क्षिप्येयुः
क्षिप्	दिवादि	परस्मैपद	विधिलिङ्	मध्यम	एक	क्षिप्येः
क्षिप्	दिवादि	परस्मैपद	विधिलिङ्	मध्यम	द्वि	क्षिप्येतम्
क्षिप्	दिवादि	परस्मैपद	विधिलिङ्	मध्यम	बहु	क्षिप्येत
क्षिप्	दिवादि	परस्मैपद	विधिलिङ्	उत्तम	एक	क्षिप्येयम्
क्षिप्	दिवादि	परस्मैपद	विधिलिङ्	उत्तम	द्वि	क्षिप्येव
क्षिप्	दिवादि	परस्मैपद	विधिलिङ्	उत्तम	बहु	क्षिप्येम
क्षिप्	दिवादि	परस्मैपद	लृट्	प्रथम	एक	क्षेप्स्यति
क्षिप्	दिवादि	परस्मैपद	लृट्	प्रथम	द्वि	क्षेप्स्यतः
क्षिप्	दिवादि	परस्मैपद	लृट्	प्रथम	बहु	क्षेप्स्यन्ति
क्षिप्	दिवादि	परस्मैपद	लृट्	मध्यम	एक	क्षेप्स्यसि
क्षिप्	दिवादि	परस्मैपद	लृट्	मध्यम	द्वि	क्षेप्स्यथः
क्षिप्	दिवादि	परस्मैपद	लृट्	मध्यम	बहु	क्षेप्स्यथ
क्षिप्	दिवादि	परस्मैपद	लृट्	उत्तम	एक	क्षेप्स्यामि
क्षिप्	दिवादि	परस्मैपद	लृट्	उत्तम	द्वि	क्षेप्स्यावः
क्षिप्	दिवादि	परस्मैपद	लृट्	उत्तम	बहु	क्षेप्स्यामः
क्षिप्	दिवादि	परस्मैपद	लुट्	प्रथम	एक	क्षेप्ता
क्षिप्	दिवादि	परस्मैपद	लुट्	प्रथम	द्वि	क्षेप्तारौ
क्षिप्	दिवादि	परस्मैपद	लुट्	प्रथम	बहु	क्षेप्तारः
क्षिप्	दिवादि	परस्मैपद	लुट्	मध्यम	एक	क्षेप्तासि
क्षिप्	दिवादि	परस्मैपद	लुट्	मध्यम	द्वि	क्षेप्तास्थः
क्षिप्	दिवादि	परस्मैपद	लुट्	मध्यम	बहु	क्षेप्तास्थ
क्षिप्	दिवादि	परस्मैपद	लुट्	उत्तम	एक	क्षेप्तास्मि
क्षिप्	दिवादि	परस्मैपद	लुट्	उत्तम	द्वि	क्षेप्तास्वः
क्षिप्	दिवादि	परस्मैपद	लुट्	उत्तम	बहु	क्षेप्तास्मः
क्षिप्	दिवादि	परस्मैपद	आशीर्लिङ्	प्रथम	एक	क्षिप्यात्
क्षिप्	दिवादि	परस्मैपद	आशीर्लिङ्	प्रथम	द्वि	क्षिप्यास्ताम्
क्षिप्	दिवादि	परस्मैपद	आशीर्लिङ्	प्रथम	बहु	क्षिप्यासुः
क्षिप्	दिवादि	परस्मैपद	आशीर्लिङ्	मध्यम	एक	क्षिप्याः
क्षिप्	दिवादि	परस्मैपद	आशीर्लिङ्	मध्यम	द्वि	क्षिप्यास्तम्
क्षिप्	दिवादि	परस्मैपद	आशीर्लिङ्	मध्यम	बहु	क्षिप्यास्त
क्षिप्	दिवादि	परस्मैपद	आशीर्लिङ्	उत्तम	एक	क्षिप्यासम्
क्षिप्	दिवादि	परस्मैपद	आशीर्लिङ्	उत्तम	द्वि	क्षिप्यास्व
क्षिप्	दिवादि	परस्मैपद	आशीर्लिङ्	उत्तम	बहु	क्षिप्यास्म
क्षिप्	दिवादि	परस्मैपद	लृङ्	प्रथम	एक	अक्षेप्स्यत्
क्षिप्	दिवादि	परस्मैपद	लृङ्	प्रथम	द्वि	अक्षेप्स्यताम्
क्षिप्	दिवादि	परस्मैपद	लृङ्	प्रथम	बहु	अक्षेप्स्यन्
क्षिप्	दिवादि	परस्मैपद	लृङ्	मध्यम	एक	अक्षेप्स्यः
क्षिप्	दिवादि	परस्मैपद	लृङ्	मध्यम	द्वि	अक्षेप्स्यतम्
क्षिप्	दिवादि	परस्मैपद	लृङ्	मध्यम	बहु	अक्षेप्स्यत
क्षिप्	दिवादि	परस्मैपद	लृङ्	उत्तम	एक	अक्षेप्स्यम्
क्षिप्	दिवादि	परस्मैपद	लृङ्	उत्तम	द्वि	अक्षेप्स्याव
क्षिप्	दिवादि	परस्मैपद	लृङ्	उत्तम	बहु	अक्षेप्स्याम
क्षिप्	दिवादि	परस्मैपद	लिट्	प्रथम	एक	चिक्षेप
क्षिप्	दिवादि	परस्मैपद	लिट्	प्रथम	द्वि	चिक्षिपतुः
क्षिप्	दिवादि	परस्मैपद	लिट्	प्रथम	बहु	चिक्षिपुः
क्षिप्	दिवादि	परस्मैपद	लिट्	मध्यम	एक	चिक्षेपिथ
क्षिप्	दिवादि	परस्मैपद	लिट्	मध्यम	द्वि	चिक्षिपथुः
क्षिप्	दिवादि	परस्मैपद	लिट्	मध्यम	बहु	चिक्षिप
क्षिप्	दिवादि	परस्मैपद	लिट्	उत्तम	एक	चिक्षेप
क्षिप्	दिवादि	परस्मैपद	लिट्	उत्तम	द्वि	चिक्षिपिव
क्षिप्	दिवादि	परस्मैपद	लिट्	उत्तम	बहु	चिक्षिपिम
क्षिप्	दिवादि	परस्मैपद	लुङ्	प्रथम	एक	अक्षिपत्
क्षिप्	दिवादि	परस्मैपद	लुङ्	प्रथम	द्वि	अक्षिपताम्
क्षिप्	दिवादि	परस्मैपद	लुङ्	प्रथम	बहु	अक्षिपन्
क्षिप्	दिवादि	परस्मैपद	लुङ्	मध्यम	एक	अक्षिपः
क्षिप्	दिवादि	परस्मैपद	लुङ्	मध्यम	द्वि	अक्षिपतम्
क्षिप्	दिवादि	परस्मैपद	लुङ्	मध्यम	बहु	अक्षिपत
क्षिप्	दिवादि	परस्मैपद	लुङ्	उत्तम	एक	अक्षिपम्
क्षिप्	दिवादि	परस्मैपद	लुङ्	उत्तम	द्वि	अक्षिपाव
क्षिप्	दिवादि	परस्मैपद	लुङ्	उत्तम	बहु	अक्षिपाम
आप्	स्वादि	परस्मैपद	लट्	प्रथम	एक	आप्नोति
आप्	स्वादि	परस्मैपद	लट्	प्रथम	द्वि	आप्नुतः
आप्	स्वादि	परस्मैपद	लट्	प्रथम	बहु	आप्नुवन्ति
आप्	स्वादि	परस्मैपद	लट्	मध्यम	एक	आप्नोषि
आप्	स्वादि	परस्मैपद	लट्	मध्यम	द्वि	आप्नुथः
आप्	स्वादि	परस्मैपद	लट्	मध्यम	बहु	आप्नुथ
आप्	स्वादि	परस्मैपद	लट्	उत्तम	एक	आप्नोमि
आप्	स्वादि	परस्मैपद	लट्	उत्तम	द्वि	आप्नुमः
आप्	स्वादि	परस्मैपद	लट्	उत्तम	बहु	आप्नुमः
आप्	स्वादि	परस्मैपद	लोट्	प्रथम	एक	आप्नोतु
आप्	स्वादि	परस्मैपद	लोट्	प्रथम	द्वि	आप्नुतः
आप्	स्वादि	परस्मैपद	लोट्	प्रथम	बहु	आप्नुवन्तु
आप्	स्वादि	परस्मैपद	लोट्	मध्यम	एक	आप्नुहि
आप्	स्वादि	परस्मैपद	लोट्	मध्यम	द्वि	आप्नुतम्
आप्	स्वादि	परस्मैपद	लोट्	मध्यम	बहु	आप्नुत
आप्	स्वादि	परस्मैपद	लोट्	उत्तम	एक	आप्नोमि
आप्	स्वादि	परस्मैपद	लोट्	उत्तम	द्वि	आप्नुवः
आप्	स्वादि	परस्मैपद	लोट्	उत्तम	बहु	आप्नुमः
आप्	स्वादि	परस्मैपद	लङ्	प्रथम	एक	आप्नोत्
आप्	स्वादि	परस्मैपद	लङ्	प्रथम	द्वि	आप्नुताम्
आप्	स्वादि	परस्मैपद	लङ्	प्रथम	बहु	आप्नुवन्
आप्	स्वादि	परस्मैपद	लङ्	मध्यम	एक	आप्नोः
आप्	स्वादि	परस्मैपद	लङ्	मध्यम	द्वि	आप्नुतम्
आप्	स्वादि	परस्मैपद	लङ्	मध्यम	बहु	आप्नुत
आप्	स्वादि	परस्मैपद	लङ्	उत्तम	एक	आप्नवम्
आप्	स्वादि	परस्मैपद	लङ्	उत्तम	द्वि	आप्नुव
आप्	स्वादि	परस्मैपद	लङ्	उत्तम	बहु	आप्नुम
आप्	स्वादि	परस्मैपद	विधिलिङ्	प्रथम	एक	आप्नुयात्
आप्	स्वादि	परस्मैपद	विधिलिङ्	प्रथम	द्वि	आप्नुयाताम्
आप्	स्वादि	परस्मैपद	विधिलिङ्	प्रथम	बहु	आप्नुयुः
आप्	स्वादि	परस्मैपद	विधिलिङ्	मध्यम	एक	आप्नुयाः
आप्	स्वादि	परस्मैपद	विधिलिङ्	मध्यम	द्वि	आप्नुयातम्
आप्	स्वादि	परस्मैपद	विधिलिङ्	मध्यम	बहु	आप्नुयात
आप्	स्वादि	परस्मैपद	विधिलिङ्	उत्तम	एक	आप्नुयाम्
आप्	स्वादि	परस्मैपद	विधिलिङ्	उत्तम	द्वि	आप्नुयाव
आप्	स्वादि	परस्मैपद	विधिलिङ्	उत्तम	बहु	आप्नुयाम
आप्	स्वादि	परस्मैपद	लृट्	प्रथम	एक	आप्स्यति
आप्	स्वादि	परस्मैपद	लृट्	प्रथम	द्वि	आप्स्यतः
आप्	स्वादि	परस्मैपद	लृट्	प्रथम	बहु	आप्स्यन्ति
आप्	स्वादि	परस्मैपद	लृट्	मध्यम	एक	आप्स्यसि
आप्	स्वादि	परस्मैपद	लृट्	मध्यम	द्वि	आप्स्यथः
आप्	स्वादि	परस्मैपद	लृट्	मध्यम	बहु	आप्स्यथ
आप्	स्वादि	परस्मैपद	लृट्	उत्तम	एक	आप्स्यामि
आप्	स्वादि	परस्मैपद	लृट्	उत्तम	द्वि	आप्स्यावः
आप्	स्वादि	परस्मैपद	लृट्	उत्तम	बहु	आप्स्यामः
आप्	स्वादि	परस्मैपद	लुट्	प्रथम	एक	आप्ता
आप्	स्वादि	परस्मैपद	लुट्	प्रथम	द्वि	आप्तारौ
आप्	स्वादि	परस्मैपद	लुट्	प्रथम	बहु	आप्तारः
आप्	स्वादि	परस्मैपद	लुट्	मध्यम	एक	आप्तासि
आप्	स्वादि	परस्मैपद	लुट्	मध्यम	द्वि	आप्तास्थः
आप्	स्वादि	परस्मैपद	लुट्	मध्यम	बहु	आप्तास्थ
आप्	स्वादि	परस्मैपद	लुट्	उत्तम	एक	आप्तास्मि
आप्	स्वादि	परस्मैपद	लुट्	उत्तम	द्वि	आप्तास्वः
आप्	स्वादि	परस्मैपद	लुट्	उत्तम	बहु	आप्तास्मः
आप्	स्वादि	परस्मैपद	आशीर्लिङ्	प्रथम	एक	आप्यात्
आप्	स्वादि	परस्मैपद	आशीर्लिङ्	प्रथम	द्वि	आप्यास्ताम्
आप्	स्वादि	परस्मैपद	आशीर्लिङ्	प्रथम	बहु	आप्यासुः
आप्	स्वादि	परस्मैपद	आशीर्लिङ्	मध्यम	एक	आप्याः
आप्	स्वादि	परस्मैपद	आशीर्लिङ्	मध्यम	द्वि	आप्यास्तम्
आप्	स्वादि	परस्मैपद	आशीर्लिङ्	मध्यम	बहु	आप्यास्त
आप्	स्वादि	परस्मैपद	आशीर्लिङ्	उत्तम	एक	आप्यासम्
आप्	स्वादि	परस्मैपद	आशीर्लिङ्	उत्तम	द्वि	आप्यास्व
आप्	स्वादि	परस्मैपद	आशीर्लिङ्	उत्तम	बहु	आप्यास्म
आप्	स्वादि	परस्मैपद	लृङ्	प्रथम	एक	आप्स्यत्
आप्	स्वादि	परस्मैपद	लृङ्	प्रथम	द्वि	आप्स्यताम्
आप्	स्वादि	परस्मैपद	लृङ्	प्रथम	बहु	आप्स्यन्
आप्	स्वादि	परस्मैपद	लृङ्	मध्यम	एक	आप्स्यः
आप्	स्वादि	परस्मैपद	लृङ्	मध्यम	द्वि	आप्स्यतम्
आप्	स्वादि	परस्मैपद	लृङ्	मध्यम	बहु	आप्स्यत
आप्	स्वादि	परस्मैपद	लृङ्	उत्तम	एक	आप्स्यम्
आप्	स्वादि	परस्मैपद	लृङ्	उत्तम	द्वि	आप्स्याव
आप्	स्वादि	परस्मैपद	लृङ्	उत्तम	बहु	आप्स्याम
आप्	स्वादि	परस्मैपद	लिट्	प्रथम	एक	आप
आप्	स्वादि	परस्मैपद	लिट्	प्रथम	द्वि	आपतुः
आप्	स्वादि	परस्मैपद	लिट्	प्रथम	बहु	आपुः
आप्	स्वादि	परस्मैपद	लिट्	मध्यम	एक	आपिथ
आप्	स्वादि	परस्मैपद	लिट्	मध्यम	द्वि	आपथुः
आप्	स्वादि	परस्मैपद	लिट्	मध्यम	बहु	आप
आप्	स्वादि	परस्मैपद	लिट्	उत्तम	एक	आप
आप्	स्वादि	परस्मैपद	लिट्	उत्तम	द्वि	आपिव
आप्	स्वादि	परस्मैपद	लिट्	उत्तम	बहु	आपिम
आप्	स्वादि	परस्मैपद	लुङ्	प्रथम	एक	आपत्
आप्	स्वादि	परस्मैपद	लुङ्	प्रथम	द्वि	आपताम्
आप्	स्वादि	परस्मैपद	लुङ्	प्रथम	बहु	आपन्
आप्	स्वादि	परस्मैपद	लुङ्	मध्यम	एक	आपः
आप्	स्वादि	परस्मैपद	लुङ्	मध्यम	द्वि	आपतम्
आप्	स्वादि	परस्मैपद	लुङ्	मध्यम	बहु	आपत
आप्	स्वादि	परस्मैपद	लुङ्	उत्तम	एक	आपम्
आप्	स्वादि	परस्मैपद	लुङ्	उत्तम	द्वि	आपाव
आप्	स्वादि	परस्मैपद	लुङ्	उत्तम	बहु	आपाम
लिख्	तुदादि	परस्मैपद	लट्	प्रथम	एक	लिखति
लिख्	तुदादि	परस्मैपद	लट्	प्रथम	द्वि	लिखतः
लिख्	तुदादि	परस्मैपद	लट्	प्रथम	बहु	लिखन्ति
लिख्	तुदादि	परस्मैपद	लट्	मध्यम	एक	लिखसि
लिख्	तुदादि	परस्मैपद	लट्	मध्यम	द्वि	लिखथः
लिख्	तुदादि	परस्मैपद	लट्	मध्यम	बहु	लिखथ
लिख्	तुदादि	परस्मैपद	लट्	उत्तम	एक	लिखामि
लिख्	तुदादि	परस्मैपद	लट्	उत्तम	द्वि	लिखावः
लिख्	तुदादि	परस्मैपद	लट्	उत्तम	बहु	लिखामः
लिख्	तुदादि	परस्मैपद	लोट्	प्रथम	एक	लिखतु
लिख्	तुदादि	परस्मैपद	लोट्	प्रथम	द्वि	लिखताम्
लिख्	तुदादि	परस्मैपद	लोट्	प्रथम	बहु	लिखन्तु
लिख्	तुदादि	परस्मैपद	लोट्	मध्यम	एक	लिख
लिख्	तुदादि	परस्मैपद	लोट्	मध्यम	द्वि	लिखतम्
लिख्	तुदादि	परस्मैपद	लोट्	मध्यम	बहु	लिखत
लिख्	तुदादि	परस्मैपद	लोट्	उत्तम	एक	लिखानि
लिख्	तुदादि	परस्मैपद	लोट्	उत्तम	द्वि	लिखाव
लिख्	तुदादि	परस्मैपद	लोट्	उत्तम	बहु	लिखाम
लिख्	तुदादि	परस्मैपद	लङ्	प्रथम	एक	अलिखत्
लिख्	तुदादि	परस्मैपद	लङ्	प्रथम	द्वि	अलिखताम्
लिख्	तुदादि	परस्मैपद	लङ्	प्रथम	बहु	अलिखन्
लिख्	तुदादि	परस्मैपद	लङ्	मध्यम	एक	अलिखः
लिख्	तुदादि	परस्मैपद	लङ्	मध्यम	द्वि	अलिखतम्
लिख्	तुदादि	परस्मैपद	लङ्	मध्यम	बहु	अलिखत
लिख्	तुदादि	परस्मैपद	लङ्	उत्तम	एक	अलिखम्
लिख्	तुदादि	परस्मैपद	लङ्	उत्तम	द्वि	अलिखाव
लिख्	तुदादि	परस्मैपद	लङ्	उत्तम	बहु	अलिखाम
लिख्	तुदादि	परस्मैपद	विधिलिङ्	प्रथम	एक	लिखेत्
लिख्	तुदादि	परस्मैपद	विधिलिङ्	प्रथम	द्वि	लिखेताम्
लिख्	तुदादि	परस्मैपद	विधिलिङ्	प्रथम	बहु	लिखेयुः
लिख्	तुदादि	परस्मैपद	विधिलिङ्	मध्यम	एक	लिखेः
लिख्	तुदादि	परस्मैपद	विधिलिङ्	मध्यम	द्वि	लिखेतम्
लिख्	तुदादि	परस्मैपद	विधिलिङ्	मध्यम	बहु	लिखेत
लिख्	तुदादि	परस्मैपद	विधिलिङ्	उत्तम	एक	लिखेयम्
लिख्	तुदादि	परस्मैपद	विधिलिङ्	उत्तम	द्वि	लिखेव
लिख्	तुदादि	परस्मैपद	विधिलिङ्	उत्तम	बहु	लिखेम
लिख्	तुदादि	परस्मैपद	लृट्	प्रथम	एक	लेखिष्यति
लिख्	तुदादि	परस्मैपद	लृट्	प्रथम	द्वि	लेखिष्यतः
लिख्	तुदादि	परस्मैपद	लृट्	प्रथम	बहु	लेखिष्यन्ति
लिख्	तुदादि	परस्मैपद	लृट्	मध्यम	एक	लेखिष्यसि
लिख्	तुदादि	परस्मैपद	लृट्	मध्यम	द्वि	लेखिष्यथः
लिख्	तुदादि	परस्मैपद	लृट्	मध्यम	बहु	लेखिष्यथ
लिख्	तुदादि	परस्मैपद	लृट्	उत्तम	एक	लेखिष्यामि
लिख्	तुदादि	परस्मैपद	लृट्	उत्तम	द्वि	लेखिष्यावः
लिख्	तुदादि	परस्मैपद	लृट्	उत्तम	बहु	लेखिष्यामः
लिख्	तुदादि	परस्मैपद	लुट्	प्रथम	एक	लेखिता
लिख्	तुदादि	परस्मैपद	लुट्	प्रथम	द्वि	लेखितारौ
लिख्	तुदादि	परस्मैपद	लुट्	प्रथम	बहु	लेखितारः
लिख्	तुदादि	परस्मैपद	लुट्	मध्यम	एक	लेखितासि
लिख्	तुदादि	परस्मैपद	लुट्	मध्यम	द्वि	लेखितास्थः
लिख्	तुदादि	परस्मैपद	लुट्	मध्यम	बहु	लेखितास्थ
लिख्	तुदादि	परस्मैपद	लुट्	उत्तम	एक	लेखितास्मि
लिख्	तुदादि	परस्मैपद	लुट्	उत्तम	द्वि	लेखितास्वः
लिख्	तुदादि	परस्मैपद	लुट्	उत्तम	बहु	लेखितास्मः
लिख्	तुदादि	परस्मैपद	आशीर्लिङ्	प्रथम	एक	लिख्यात्
लिख्	तुदादि	परस्मैपद	आशीर्लिङ्	प्रथम	द्वि	लिख्यास्ताम्
लिख्	तुदादि	परस्मैपद	आशीर्लिङ्	प्रथम	बहु	लिख्यासुः
लिख्	तुदादि	परस्मैपद	आशीर्लिङ्	मध्यम	एक	लिख्याः
लिख्	तुदादि	परस्मैपद	आशीर्लिङ्	मध्यम	द्वि	लिख्यास्तम्
लिख्	तुदादि	परस्मैपद	आशीर्लिङ्	मध्यम	बहु	लिख्यास्त
लिख्	तुदादि	परस्मैपद	आशीर्लिङ्	उत्तम	एक	लिख्यासम्
लिख्	तुदादि	परस्मैपद	आशीर्लिङ्	उत्तम	द्वि	लिख्यास्व
लिख्	तुदादि	परस्मैपद	आशीर्लिङ्	उत्तम	बहु	लिख्यास्म
लिख्	तुदादि	परस्मैपद	लृङ्	प्रथम	एक	अलेखिष्यत्
लिख्	तुदादि	परस्मैपद	लृङ्	प्रथम	द्वि	अलेखिष्यताम्
लिख्	तुदादि	परस्मैपद	लृङ्	प्रथम	बहु	अलेखिष्यन्
लिख्	तुदादि	परस्मैपद	लृङ्	मध्यम	एक	अलेखिष्यः
लिख्	तुदादि	परस्मैपद	लृङ्	मध्यम	द्वि	अलेखिष्यातम्
लिख्	तुदादि	परस्मैपद	लृङ्	मध्यम	बहु	अलेखिष्यत
लिख्	तुदादि	परस्मैपद	लृङ्	उत्तम	एक	अलेखिष्यम्
लिख्	तुदादि	परस्मैपद	लृङ्	उत्तम	द्वि	अलेखिष्याव
लिख्	तुदादि	परस्मैपद	लृङ्	उत्तम	बहु	अलेखिष्याम
लिख्	तुदादि	परस्मैपद	लिट्	प्रथम	एक	लिलेख
लिख्	तुदादि	परस्मैपद	लिट्	प्रथम	द्वि	लिलेखतुः
लिख्	तुदादि	परस्मैपद	लिट्	प्रथम	बहु	लिलिखुः
लिख्	तुदादि	परस्मैपद	लिट्	मध्यम	एक	लिलेखिथ
लिख्	तुदादि	परस्मैपद	लिट्	मध्यम	द्वि	लिलेखथुः
लिख्	तुदादि	परस्मैपद	लिट्	मध्यम	बहु	लिलिष
लिख्	तुदादि	परस्मैपद	लिट्	उत्तम	एक	लिलेख
लिख्	तुदादि	परस्मैपद	लिट्	उत्तम	द्वि	लिलिखिव
लिख्	तुदादि	परस्मैपद	लिट्	उत्तम	बहु	लिलिखिम
लिख्	तुदादि	परस्मैपद	लुङ्	प्रथम	एक	अलेखीत्
लिख्	तुदादि	परस्मैपद	लुङ्	प्रथम	द्वि	अलेखिष्टाम्
लिख्	तुदादि	परस्मैपद	लुङ्	प्रथम	बहु	अलेखिषुः
लिख्	तुदादि	परस्मैपद	लुङ्	मध्यम	एक	अलेखीः
लिख्	तुदादि	परस्मैपद	लुङ्	मध्यम	द्वि	अलेखिष्टम्
लिख्	तुदादि	परस्मैपद	लुङ्	मध्यम	बहु	अलेखिष्ट
लिख्	तुदादि	परस्मैपद	लुङ्	उत्तम	एक	अलेखिषम्
लिख्	तुदादि	परस्मैपद	लुङ्	उत्तम	द्वि	अलेखिष्व
लिख्	तुदादि	परस्मैपद	लुङ्	उत्तम	बहु	अलेखिष्म
युज्	रुधादि	परस्मैपद	लट्	प्रथम	एक	युनक्ति
युज्	रुधादि	परस्मैपद	लट्	प्रथम	द्वि	युङ्क्तः
युज्	रुधादि	परस्मैपद	लट्	प्रथम	बहु	युञ्जन्ति
युज्	रुधादि	परस्मैपद	लट्	मध्यम	एक	युनक्षि
युज्	रुधादि	परस्मैपद	लट्	मध्यम	द्वि	युङ्क्थः
युज्	रुधादि	परस्मैपद	लट्	मध्यम	बहु	युङ्क्थ
युज्	रुधादि	परस्मैपद	लट्	उत्तम	एक	युनज्मि
युज्	रुधादि	परस्मैपद	लट्	उत्तम	द्वि	युञ्ज्वः
युज्	रुधादि	परस्मैपद	लट्	उत्तम	बहु	युञ्ज्मः
युज्	रुधादि	परस्मैपद	लोट्	प्रथम	एक	युनक्तु
युज्	रुधादि	परस्मैपद	लोट्	प्रथम	द्वि	युङ्क्ताम्
युज्	रुधादि	परस्मैपद	लोट्	प्रथम	बहु	युञ्जन्तु
युज्	रुधादि	परस्मैपद	लोट्	मध्यम	एक	युङ्ग्धि
युज्	रुधादि	परस्मैपद	लोट्	मध्यम	द्वि	युङ्क्तम्
युज्	रुधादि	परस्मैपद	लोट्	मध्यम	बहु	युङ्क्त
युज्	रुधादि	परस्मैपद	लोट्	उत्तम	एक	युनजानि
युज्	रुधादि	परस्मैपद	लोट्	उत्तम	द्वि	युनजाव
युज्	रुधादि	परस्मैपद	लोट्	उत्तम	बहु	युनजाम
युज्	रुधादि	परस्मैपद	लङ्	प्रथम	एक	अयुनक्
युज्	रुधादि	परस्मैपद	लङ्	प्रथम	द्वि	अयुङ्क्ताम्
युज्	रुधादि	परस्मैपद	लङ्	प्रथम	बहु	अयुञ्जन्
युज्	रुधादि	परस्मैपद	लङ्	मध्यम	एक	अयुनक्
युज्	रुधादि	परस्मैपद	लङ्	मध्यम	द्वि	अयुङ्क्तम्
युज्	रुधादि	परस्मैपद	लङ्	मध्यम	बहु	अयुङ्क्त
युज्	रुधादि	परस्मैपद	लङ्	उत्तम	एक	अयुनजम्
युज्	रुधादि	परस्मैपद	लङ्	उत्तम	द्वि	अयुञ्ज्व
युज्	रुधादि	परस्मैपद	लङ्	उत्तम	बहु	अयुञ्ज्म
युज्	रुधादि	परस्मैपद	विधिलिङ्	प्रथम	एक	युञ्ज्यात्
युज्	रुधादि	परस्मैपद	विधिलिङ्	प्रथम	द्वि	युञ्ज्याताम्
युज्	रुधादि	परस्मैपद	विधिलिङ्	प्रथम	बहु	युञ्ज्युः
युज्	रुधादि	परस्मैपद	विधिलिङ्	मध्यम	एक	युञ्ज्याः
युज्	रुधादि	परस्मैपद	विधिलिङ्	मध्यम	द्वि	युञ्ज्यातम्
युज्	रुधादि	परस्मैपद	विधिलिङ्	मध्यम	बहु	युञ्ज्यात
युज्	रुधादि	परस्मैपद	विधिलिङ्	उत्तम	एक	युञ्ज्याम्
युज्	रुधादि	परस्मैपद	विधिलिङ्	उत्तम	द्वि	युञ्ज्याव
युज्	रुधादि	परस्मैपद	विधिलिङ्	उत्तम	बहु	युञ्ज्याम
युज्	रुधादि	परस्मैपद	लृट्	प्रथम	एक	योक्ष्यति
युज्	रुधादि	परस्मैपद	लृट्	प्रथम	द्वि	योक्ष्यतः
युज्	रुधादि	परस्मैपद	लृट्	प्रथम	बहु	योक्ष्यन्ति
युज्	रुधादि	परस्मैपद	लृट्	मध्यम	एक	योक्ष्यसि
युज्	रुधादि	परस्मैपद	लृट्	मध्यम	द्वि	योक्ष्यथः
युज्	रुधादि	परस्मैपद	लृट्	मध्यम	बहु	योक्ष्यथ
युज्	रुधादि	परस्मैपद	लृट्	उत्तम	एक	योक्ष्यामि
युज्	रुधादि	परस्मैपद	लृट्	उत्तम	द्वि	योक्ष्यावः
युज्	रुधादि	परस्मैपद	लृट्	उत्तम	बहु	योक्ष्यामः
युज्	रुधादि	परस्मैपद	लुट्	प्रथम	एक	योक्ता
युज्	रुधादि	परस्मैपद	लुट्	प्रथम	द्वि	योक्तारौ
युज्	रुधादि	परस्मैपद	लुट्	प्रथम	बहु	योक्तारः
युज्	रुधादि	परस्मैपद	लुट्	मध्यम	एक	योक्तासि
युज्	रुधादि	परस्मैपद	लुट्	मध्यम	द्वि	योक्तास्थः
युज्	रुधादि	परस्मैपद	लुट्	मध्यम	बहु	योक्तास्थ
युज्	रुधादि	परस्मैपद	लुट्	उत्तम	एक	योक्तास्मि
युज्	रुधादि	परस्मैपद	लुट्	उत्तम	द्वि	योक्तास्वः
युज्	रुधादि	परस्मैपद	लुट्	उत्तम	बहु	योक्तास्मः
युज्	रुधादि	परस्मैपद	आशीर्लिङ्	प्रथम	एक	युज्यात्
युज्	रुधादि	परस्मैपद	आशीर्लिङ्	प्रथम	द्वि	युज्यास्ताम्
युज्	रुधादि	परस्मैपद	आशीर्लिङ्	प्रथम	बहु	युज्यासुः
युज्	रुधादि	परस्मैपद	आशीर्लिङ्	मध्यम	एक	युज्याः
युज्	रुधादि	परस्मैपद	आशीर्लिङ्	मध्यम	द्वि	युज्यास्तम्
युज्	रुधादि	परस्मैपद	आशीर्लिङ्	मध्यम	बहु	युज्यास्त
युज्	रुधादि	परस्मैपद	आशीर्लिङ्	उत्तम	एक	युज्यासम्
युज्	रुधादि	परस्मैपद	आशीर्लिङ्	उत्तम	द्वि	युज्यास्व
युज्	रुधादि	परस्मैपद	आशीर्लिङ्	उत्तम	बहु	युज्यास्म
युज्	रुधादि	परस्मैपद	लृङ्	प्रथम	एक	अयोक्ष्यत्
युज्	रुधादि	परस्मैपद	लृङ्	प्रथम	द्वि	अयोक्ष्यताम्
युज्	रुधादि	परस्मैपद	लृङ्	प्रथम	बहु	अयोक्ष्यन्
युज्	रुधादि	परस्मैपद	लृङ्	मध्यम	एक	अयोक्ष्यः
युज्	रुधादि	परस्मैपद	लृङ्	मध्यम	द्वि	अयोक्ष्यतम्
युज्	रुधादि	परस्मैपद	लृङ्	मध्यम	बहु	अयोक्ष्यत
युज्	रुधादि	परस्मैपद	लृङ्	उत्तम	एक	अयोक्ष्यम्
युज्	रुधादि	परस्मैपद	लृङ्	उत्तम	द्वि	अयोक्ष्याव
युज्	रुधादि	परस्मैपद	लृङ्	उत्तम	बहु	अयोक्ष्याम
युज्	रुधादि	परस्मैपद	लिट्	प्रथम	एक	युयोज
युज्	रुधादि	परस्मैपद	लिट्	प्रथम	द्वि	युयुजतुः
युज्	रुधादि	परस्मैपद	लिट्	प्रथम	बहु	युयुजुः
युज्	रुधादि	परस्मैपद	लिट्	मध्यम	एक	युयोजिथ
युज्	रुधादि	परस्मैपद	लिट्	मध्यम	द्वि	युयुजथुः
युज्	रुधादि	परस्मैपद	लिट्	मध्यम	बहु	युयुज
युज्	रुधादि	परस्मैपद	लिट्	उत्तम	एक	युयोज
युज्	रुधादि	परस्मैपद	लिट्	उत्तम	द्वि	युयुजिव
युज्	रुधादि	परस्मैपद	लिट्	उत्तम	बहु	युयुजिम
युज्	रुधादि	परस्मैपद	लुङ्	प्रथम	एक	अयौक्षीत्
युज्	रुधादि	परस्मैपद	लुङ्	प्रथम	द्वि	अयौक्ताम्
युज्	रुधादि	परस्मैपद	लुङ्	प्रथम	बहु	अयौक्षुः
युज्	रुधादि	परस्मैपद	लुङ्	मध्यम	एक	अयौक्षीः
युज्	रुधादि	परस्मैपद	लुङ्	मध्यम	द्वि	अयौक्तम्
युज्	रुधादि	परस्मैपद	लुङ्	मध्यम	बहु	अयौक्त
युज्	रुधादि	परस्मैपद	लुङ्	उत्तम	एक	अयौक्षम्
युज्	रुधादि	परस्मैपद	लुङ्	उत्तम	द्वि	अयौक्ष्व
युज्	रुधादि	परस्मैपद	लुङ्	उत्तम	बहु	अयौक्ष्म
कृ	तनादि	परस्मैपद	लट्	प्रथम	एक	करोति
कृ	तनादि	परस्मैपद	लट्	प्रथम	द्वि	कुरुतः
कृ	तनादि	परस्मैपद	लट्	प्रथम	बहु	कुर्वन्ति
कृ	तनादि	परस्मैपद	लट्	मध्यम	एक	करोषि
कृ	तनादि	परस्मैपद	लट्	मध्यम	द्वि	कुरुथः
कृ	तनादि	परस्मैपद	लट्	मध्यम	बहु	कुरुथ
कृ	तनादि	परस्मैपद	लट्	उत्तम	एक	करोमि
कृ	तनादि	परस्मैपद	लट्	उत्तम	द्वि	कुर्वः
कृ	तनादि	परस्मैपद	लट्	उत्तम	बहु	कुर्मः
कृ	तनादि	परस्मैपद	लोट्	प्रथम	एक	करोतु
कृ	तनादि	परस्मैपद	लोट्	प्रथम	द्वि	कुरुतः
कृ	तनादि	परस्मैपद	लोट्	प्रथम	बहु	कुर्वन्तु
कृ	तनादि	परस्मैपद	लोट्	मध्यम	एक	कुरु
कृ	तनादि	परस्मैपद	लोट्	मध्यम	द्वि	कुरुतम्
कृ	तनादि	परस्मैपद	लोट्	मध्यम	बहु	कुरुत
कृ	तनादि	परस्मैपद	लोट्	उत्तम	एक	करवाणि
कृ	तनादि	परस्मैपद	लोट्	उत्तम	द्वि	करवाव
कृ	तनादि	परस्मैपद	लोट्	उत्तम	बहु	करवाम
कृ	तनादि	परस्मैपद	लङ्	प्रथम	एक	अकरोत्
कृ	तनादि	परस्मैपद	लङ्	प्रथम	द्वि	अकुरुताम्
कृ	तनादि	परस्मैपद	लङ्	प्रथम	बहु	अकुर्वन्
कृ	तनादि	परस्मैपद	लङ्	मध्यम	एक	अकरोः
कृ	तनादि	परस्मैपद	लङ्	मध्यम	द्वि	अकुरुतम्
कृ	तनादि	परस्मैपद	लङ्	मध्यम	बहु	अकुरुत
कृ	तनादि	परस्मैपद	लङ्	उत्तम	एक	अकरवम्
कृ	तनादि	परस्मैपद	लङ्	उत्तम	द्वि	अकुर्व
कृ	तनादि	परस्मैपद	लङ्	उत्तम	बहु	अकुर्म
कृ	तनादि	परस्मैपद	विधिलिङ्	प्रथम	एक	कुर्यात्
कृ	तनादि	परस्मैपद	विधिलिङ्	प्रथम	द्वि	कुर्याताम्
कृ	तनादि	परस्मैपद	विधिलिङ्	प्रथम	बहु	कुर्युः
कृ	तनादि	परस्मैपद	विधिलिङ्	मध्यम	एक	कुर्याः
कृ	तनादि	परस्मैपद	विधिलिङ्	मध्यम	द्वि	कुर्यातम्
कृ	तनादि	परस्मैपद	विधिलिङ्	मध्यम	बहु	कुर्यात
कृ	तनादि	परस्मैपद	विधिलिङ्	उत्तम	एक	कुर्याम्
कृ	तनादि	परस्मैपद	विधिलिङ्	उत्तम	द्वि	कुर्याव
कृ	तनादि	परस्मैपद	विधिलिङ्	उत्तम	बहु	कुर्याम
कृ	तनादि	परस्मैपद	लृट्	प्रथम	एक	करिष्यति
कृ	तनादि	परस्मैपद	लृट्	प्रथम	द्वि	करिष्यतः
कृ	तनादि	परस्मैपद	लृट्	प्रथम	बहु	करिष्यन्ति
कृ	तनादि	परस्मैपद	लृट्	मध्यम	एक	करिष्यसि
कृ	तनादि	परस्मैपद	लृट्	मध्यम	द्वि	करिष्यथः
कृ	तनादि	परस्मैपद	लृट्	मध्यम	बहु	करिष्यथ
कृ	तनादि	परस्मैपद	लृट्	उत्तम	एक	करिष्यामि
कृ	तनादि	परस्मैपद	लृट्	उत्तम	द्वि	करिष्यावः
कृ	तनादि	परस्मैपद	लृट्	उत्तम	बहु	करिष्यामः
कृ	तनादि	परस्मैपद	लुट्	प्रथम	एक	कर्ता
कृ	तनादि	परस्मैपद	लुट्	प्रथम	द्वि	कर्तारौ
कृ	तनादि	परस्मैपद	लुट्	प्रथम	बहु	कर्तारः
कृ	तनादि	परस्मैपद	लुट्	मध्यम	एक	कर्तासि
कृ	तनादि	परस्मैपद	लुट्	मध्यम	द्वि	कर्तास्थः
कृ	तनादि	परस्मैपद	लुट्	मध्यम	बहु	कर्तास्थ
कृ	तनादि	परस्मैपद	लुट्	उत्तम	एक	कर्तास्मि
कृ	तनादि	परस्मैपद	लुट्	उत्तम	द्वि	कर्तास्वः
कृ	तनादि	परस्मैपद	लुट्	उत्तम	बहु	कर्तास्मः
कृ	तनादि	परस्मैपद	आशीर्लिङ्	प्रथम	एक	क्रियात्
कृ	तनादि	परस्मैपद	आशीर्लिङ्	प्रथम	द्वि	क्रियास्ताम्
कृ	तनादि	परस्मैपद	आशीर्लिङ्	प्रथम	बहु	क्रियासुः
कृ	तनादि	परस्मैपद	आशीर्लिङ्	मध्यम	एक	क्रियाः
कृ	तनादि	परस्मैपद	आशीर्लिङ्	मध्यम	द्वि	क्रियास्तम्
कृ	तनादि	परस्मैपद	आशीर्लिङ्	मध्यम	बहु	क्रियास्त
कृ	तनादि	परस्मैपद	आशीर्लिङ्	उत्तम	एक	क्रियासम्
कृ	तनादि	परस्मैपद	आशीर्लिङ्	उत्तम	द्वि	क्रियास्व
कृ	तनादि	परस्मैपद	आशीर्लिङ्	उत्तम	बहु	क्रियास्म
कृ	तनादि	परस्मैपद	लृङ्	प्रथम	एक	अकरिष्यत्
कृ	तनादि	परस्मैपद	लृङ्	प्रथम	द्वि	अकरिष्यताम्
कृ	तनादि	परस्मैपद	लृङ्	प्रथम	बहु	अकरिष्यन्
कृ	तनादि	परस्मैपद	लृङ्	मध्यम	एक	अकरिष्यः
कृ	तनादि	परस्मैपद	लृङ्	मध्यम	द्वि	अकरिष्यतम्
कृ	तनादि	परस्मैपद	लृङ्	मध्यम	बहु	अकरिष्यत
कृ	तनादि	परस्मैपद	लृङ्	उत्तम	एक	अकरिष्यम्
कृ	तनादि	परस्मैपद	लृङ्	उत्तम	द्वि	अकरिष्याव
कृ	तनादि	परस्मैपद	लृङ्	उत्तम	बहु	अकरिष्याम
कृ	तनादि	परस्मैपद	लिट्	प्रथम	एक	चकार
कृ	तनादि	परस्मैपद	लिट्	प्रथम	द्वि	चक्रतुः
कृ	तनादि	परस्मैपद	लिट्	प्रथम	बहु	चक्रुः
कृ	तनादि	परस्मैपद	लिट्	मध्यम	एक	चकर्थ
कृ	तनादि	परस्मैपद	लिट्	मध्यम	द्वि	चक्रथुः
कृ	तनादि	परस्मैपद	लिट्	मध्यम	बहु	चक्र
कृ	तनादि	परस्मैपद	लिट्	उत्तम	एक	चकर
कृ	तनादि	परस्मैपद	लिट्	उत्तम	द्वि	चकृव
कृ	तनादि	परस्मैपद	लिट्	उत्तम	बहु	चकृम
कृ	तनादि	परस्मैपद	लुङ्	प्रथम	एक	अकार्षीत्
कृ	तनादि	परस्मैपद	लुङ्	प्रथम	द्वि	अकार्ष्टाम्
कृ	तनादि	परस्मैपद	लुङ्	प्रथम	बहु	बालकाः-बालिकाःअकार्षुः
कृ	तनादि	परस्मैपद	लुङ्	मध्यम	एक	अकार्षीः
कृ	तनादि	परस्मैपद	लुङ्	मध्यम	द्वि	अकार्ष्टम्
कृ	तनादि	परस्मैपद	लुङ्	मध्यम	बहु	अकार्ष्ट
कृ	तनादि	परस्मैपद	लुङ्	उत्तम	एक	अकार्षम्
कृ	तनादि	परस्मैपद	लुङ्	उत्तम	द्वि	अकार्ष्व
कृ	तनादि	परस्मैपद	लुङ्	उत्तम	बहु	अकार्ष्म
क्री	क्र्यादि	परस्मैपद	लट्	प्रथम	एक	क्रीणाति
क्री	क्र्यादि	परस्मैपद	लट्	प्रथम	द्वि	क्रीणीतः
क्री	क्र्यादि	परस्मैपद	लट्	प्रथम	बहु	क्रीणन्ति
क्री	क्र्यादि	परस्मैपद	लट्	मध्यम	एक	क्रीणासि
क्री	क्र्यादि	परस्मैपद	लट्	मध्यम	द्वि	क्रीणीथः
क्री	क्र्यादि	परस्मैपद	लट्	मध्यम	बहु	क्रीणीथ
क्री	क्र्यादि	परस्मैपद	लट्	उत्तम	एक	क्रीणामि
क्री	क्र्यादि	परस्मैपद	लट्	उत्तम	द्वि	क्रीणीवः
क्री	क्र्यादि	परस्मैपद	लट्	उत्तम	बहु	क्रीणीमः
क्री	क्र्यादि	परस्मैपद	लोट्	प्रथम	एक	क्रीणातु
क्री	क्र्यादि	परस्मैपद	लोट्	प्रथम	द्वि	क्रीणीताम्
क्री	क्र्यादि	परस्मैपद	लोट्	प्रथम	बहु	क्रीणन्तु
क्री	क्र्यादि	परस्मैपद	लोट्	मध्यम	एक	क्रीणीहि
क्री	क्र्यादि	परस्मैपद	लोट्	मध्यम	द्वि	क्रीणीतम्
क्री	क्र्यादि	परस्मैपद	लोट्	मध्यम	बहु	क्रीणीत
क्री	क्र्यादि	परस्मैपद	लोट्	उत्तम	एक	क्रीणानि
क्री	क्र्यादि	परस्मैपद	लोट्	उत्तम	द्वि	क्रीणाव
क्री	क्र्यादि	परस्मैपद	लोट्	उत्तम	बहु	क्रीणाम
क्री	क्र्यादि	परस्मैपद	लङ्	प्रथम	एक	अक्रीणात्
क्री	क्र्यादि	परस्मैपद	लङ्	प्रथम	द्वि	अक्रीणीताम्
क्री	क्र्यादि	परस्मैपद	लङ्	प्रथम	बहु	अक्रीणन्
क्री	क्र्यादि	परस्मैपद	लङ्	मध्यम	एक	अक्रीणः
क्री	क्र्यादि	परस्मैपद	लङ्	मध्यम	द्वि	अक्रीणीतम्
क्री	क्र्यादि	परस्मैपद	लङ्	मध्यम	बहु	अक्रीणीत
क्री	क्र्यादि	परस्मैपद	लङ्	उत्तम	एक	अक्रीणाम्
क्री	क्र्यादि	परस्मैपद	लङ्	उत्तम	द्वि	अक्रीणीव
क्री	क्र्यादि	परस्मैपद	लङ्	उत्तम	बहु	अक्रीणीम
क्री	क्र्यादि	परस्मैपद	विधिलिङ्	प्रथम	एक	क्रीणीयात्
क्री	क्र्यादि	परस्मैपद	विधिलिङ्	प्रथम	द्वि	क्रीणीयाताम्
क्री	क्र्यादि	परस्मैपद	विधिलिङ्	प्रथम	बहु	क्रीणीयुः
क्री	क्र्यादि	परस्मैपद	विधिलिङ्	मध्यम	एक	क्रीणीयाः
क्री	क्र्यादि	परस्मैपद	विधिलिङ्	मध्यम	द्वि	क्रीणीयातम्
क्री	क्र्यादि	परस्मैपद	विधिलिङ्	मध्यम	बहु	क्रीणीयात
क्री	क्र्यादि	परस्मैपद	विधिलिङ्	उत्तम	एक	क्रीणीयाम्
क्री	क्र्यादि	परस्मैपद	विधिलिङ्	उत्तम	द्वि	क्रीणीयाव
क्री	क्र्यादि	परस्मैपद	विधिलिङ्	उत्तम	बहु	क्रीणीयाम
क्री	क्र्यादि	परस्मैपद	लृट्	प्रथम	एक	क्रेष्यति
क्री	क्र्यादि	परस्मैपद	लृट्	प्रथम	द्वि	क्रेष्यतः
क्री	क्र्यादि	परस्मैपद	लृट्	प्रथम	बहु	क्रेष्यन्ति
क्री	क्र्यादि	परस्मैपद	लृट्	मध्यम	एक	क्रेष्यसि
क्री	क्र्यादि	परस्मैपद	लृट्	मध्यम	द्वि	क्रेष्यथः
क्री	क्र्यादि	परस्मैपद	लृट्	मध्यम	बहु	क्रेष्यथ
क्री	क्र्यादि	परस्मैपद	लृट्	उत्तम	एक	क्रेष्यामि
क्री	क्र्यादि	परस्मैपद	लृट्	उत्तम	द्वि	क्रेष्यावः
क्री	क्र्यादि	परस्मैपद	लृट्	उत्तम	बहु	क्रेष्यामः
क्री	क्र्यादि	परस्मैपद	लुट्	प्रथम	एक	क्रेता
क्री	क्र्यादि	परस्मैपद	लुट्	प्रथम	द्वि	क्रेतारौ
क्री	क्र्यादि	परस्मैपद	लुट्	प्रथम	बहु	क्रेतारः
क्री	क्र्यादि	परस्मैपद	लुट्	मध्यम	एक	क्रेतासि
क्री	क्र्यादि	परस्मैपद	लुट्	मध्यम	द्वि	क्रेतास्थः
क्री	क्र्यादि	परस्मैपद	लुट्	मध्यम	बहु	क्रेतास्थ
क्री	क्र्यादि	परस्मैपद	लुट्	उत्तम	एक	क्रेतास्मि
क्री	क्र्यादि	परस्मैपद	लुट्	उत्तम	द्वि	क्रेतास्वः
क्री	क्र्यादि	परस्मैपद	लुट्	उत्तम	बहु	क्रेतास्मः
क्री	क्र्यादि	परस्मैपद	आशीर्लिङ्	प्रथम	एक	क्रीयात्
क्री	क्र्यादि	परस्मैपद	आशीर्लिङ्	प्रथम	द्वि	क्रीयास्ताम्
क्री	क्र्यादि	परस्मैपद	आशीर्लिङ्	प्रथम	बहु	क्रीयासुः
क्री	क्र्यादि	परस्मैपद	आशीर्लिङ्	मध्यम	एक	क्रीयाः
क्री	क्र्यादि	परस्मैपद	आशीर्लिङ्	मध्यम	द्वि	क्रीयास्तम्
क्री	क्र्यादि	परस्मैपद	आशीर्लिङ्	मध्यम	बहु	क्रीयास्त
क्री	क्र्यादि	परस्मैपद	आशीर्लिङ्	उत्तम	एक	क्रीयासम्
क्री	क्र्यादि	परस्मैपद	आशीर्लिङ्	उत्तम	द्वि	क्रीयास्व
क्री	क्र्यादि	परस्मैपद	आशीर्लिङ्	उत्तम	बहु	क्रीयास्म
क्री	क्र्यादि	परस्मैपद	लृङ्	प्रथम	एक	अक्रेष्यत्
क्री	क्र्यादि	परस्मैपद	लृङ्	प्रथम	द्वि	अक्रेष्यताम्
क्री	क्र्यादि	परस्मैपद	लृङ्	प्रथम	बहु	अक्रेष्यन्
क्री	क्र्यादि	परस्मैपद	लृङ्	मध्यम	एक	अक्रेष्यः
क्री	क्र्यादि	परस्मैपद	लृङ्	मध्यम	द्वि	अक्रेष्यतम्
क्री	क्र्यादि	परस्मैपद	लृङ्	मध्यम	बहु	अक्रेष्यत
क्री	क्र्यादि	परस्मैपद	लृङ्	उत्तम	एक	अक्रेष्यम्
क्री	क्र्यादि	परस्मैपद	लृङ्	उत्तम	द्वि	अक्रेष्याव
क्री	क्र्यादि	परस्मैपद	लृङ्	उत्तम	बहु	अक्रेष्याम
क्री	क्र्यादि	परस्मैपद	लिट्	प्रथम	एक	चिक्राय
क्री	क्र्यादि	परस्मैपद	लिट्	प्रथम	द्वि	चिक्रियतुः
क्री	क्र्यादि	परस्मैपद	लिट्	प्रथम	बहु	चिक्रियुः
क्री	क्र्यादि	परस्मैपद	लिट्	मध्यम	एक	चिक्रेथ
क्री	क्र्यादि	परस्मैपद	लिट्	मध्यम	द्वि	चिक्रियथुः
क्री	क्र्यादि	परस्मैपद	लिट्	मध्यम	बहु	चिक्रिय
क्री	क्र्यादि	परस्मैपद	लिट्	उत्तम	एक	चिक्राय
क्री	क्र्यादि	परस्मैपद	लिट्	उत्तम	द्वि	चिक्रियिव
क्री	क्र्यादि	परस्मैपद	लिट्	उत्तम	बहु	चिक्रियिम
क्री	क्र्यादि	परस्मैपद	लुङ्	प्रथम	एक	अक्रैषीत्
क्री	क्र्यादि	परस्मैपद	लुङ्	प्रथम	द्वि	अक्रैष्टाम्
क्री	क्र्यादि	परस्मैपद	लुङ्	प्रथम	बहु	अक्रैषुः
क्री	क्र्यादि	परस्मैपद	लुङ्	मध्यम	एक	अक्रैषीः
क्री	क्र्यादि	परस्मैपद	लुङ्	मध्यम	द्वि	अक्रैष्टम्
क्री	क्र्यादि	परस्मैपद	लुङ्	मध्यम	बहु	अक्रैष्ट
क्री	क्र्यादि	परस्मैपद	लुङ्	उत्तम	एक	अक्रैषम्
क्री	क्र्यादि	परस्मैपद	लुङ्	उत्तम	द्वि	अक्रैष्व
क्री	क्र्यादि	परस्मैपद	लुङ्	उत्तम	बहु	अक्रैष्म
कथ्	चुरादि	परस्मैपद	लट्	प्रथम	एक	कथयति
कथ्	चुरादि	परस्मैपद	लट्	प्रथम	द्वि	कथयतः
कथ्	चुरादि	परस्मैपद	लट्	प्रथम	बहु	कथयन्ति
कथ्	चुरादि	परस्मैपद	लट्	मध्यम	एक	कथयसि
कथ्	चुरादि	परस्मैपद	लट्	मध्यम	द्वि	कथयथः
कथ्	चुरादि	परस्मैपद	लट्	मध्यम	बहु	कथयथ
कथ्	चुरादि	परस्मैपद	लट्	उत्तम	एक	कथयामि
कथ्	चुरादि	परस्मैपद	लट्	उत्तम	द्वि	कथयावः
कथ्	चुरादि	परस्मैपद	लट्	उत्तम	बहु	कथयामः
कथ्	चुरादि	परस्मैपद	लोट्	प्रथम	एक	कथयतु
कथ्	चुरादि	परस्मैपद	लोट्	प्रथम	द्वि	कथयताम्
कथ्	चुरादि	परस्मैपद	लोट्	प्रथम	बहु	कथयन्तु
कथ्	चुरादि	परस्मैपद	लोट्	मध्यम	एक	कथयसि
कथ्	चुरादि	परस्मैपद	लोट्	मध्यम	द्वि	कथयथः
कथ्	चुरादि	परस्मैपद	लोट्	मध्यम	बहु	कथयथ
कथ्	चुरादि	परस्मैपद	लोट्	उत्तम	एक	कथयामि
कथ्	चुरादि	परस्मैपद	लोट्	उत्तम	द्वि	कथयावः
कथ्	चुरादि	परस्मैपद	लोट्	उत्तम	बहु	कथयामः
कथ्	चुरादि	परस्मैपद	लङ्	प्रथम	एक	अकथयत्
कथ्	चुरादि	परस्मैपद	लङ्	प्रथम	द्वि	अकथयताम्
कथ्	चुरादि	परस्मैपद	लङ्	प्रथम	बहु	अकथयन्
कथ्	चुरादि	परस्मैपद	लङ्	मध्यम	एक	अकथयः
कथ्	चुरादि	परस्मैपद	लङ्	मध्यम	द्वि	अकथयतम्
कथ्	चुरादि	परस्मैपद	लङ्	मध्यम	बहु	अकथयत
कथ्	चुरादि	परस्मैपद	लङ्	उत्तम	एक	अकथयम्
कथ्	चुरादि	परस्मैपद	लङ्	उत्तम	द्वि	अकथयाव
कथ्	चुरादि	परस्मैपद	लङ्	उत्तम	बहु	अकथयाम
कथ्	चुरादि	परस्मैपद	विधिलिङ्	प्रथम	एक	कथयेत्
कथ्	चुरादि	परस्मैपद	विधिलिङ्	प्रथम	द्वि	कथयेताम्
कथ्	चुरादि	परस्मैपद	विधिलिङ्	प्रथम	बहु	कथयेयुः
कथ्	चुरादि	परस्मैपद	विधिलिङ्	मध्यम	एक	कथयेः
कथ्	चुरादि	परस्मैपद	विधिलिङ्	मध्यम	द्वि	कथयेतम्
कथ्	चुरादि	परस्मैपद	विधिलिङ्	मध्यम	बहु	कथयेत
कथ्	चुरादि	परस्मैपद	विधिलिङ्	उत्तम	एक	कथयेयम्
कथ्	चुरादि	परस्मैपद	विधिलिङ्	उत्तम	द्वि	कथयेव
कथ्	चुरादि	परस्मैपद	विधिलिङ्	उत्तम	बहु	कथयेम
कथ्	चुरादि	परस्मैपद	लृट्	प्रथम	एक	कथयिष्यति
कथ्	चुरादि	परस्मैपद	लृट्	प्रथम	द्वि	कथयिष्यतः
कथ्	चुरादि	परस्मैपद	लृट्	प्रथम	बहु	कथयिष्यन्ति
कथ्	चुरादि	परस्मैपद	लृट्	मध्यम	एक	कथयिष्यसि
कथ्	चुरादि	परस्मैपद	लृट्	मध्यम	द्वि	कथयिष्यथः
कथ्	चुरादि	परस्मैपद	लृट्	मध्यम	बहु	कथयिष्यथ
कथ्	चुरादि	परस्मैपद	लृट्	उत्तम	एक	कथयिष्यामि
कथ्	चुरादि	परस्मैपद	लृट्	उत्तम	द्वि	कथयिष्यावः
कथ्	चुरादि	परस्मैपद	लृट्	उत्तम	बहु	कथयिष्यामः
कथ्	चुरादि	परस्मैपद	लुट्	प्रथम	एक	कथयिता
कथ्	चुरादि	परस्मैपद	लुट्	प्रथम	द्वि	कथयितारौ
कथ्	चुरादि	परस्मैपद	लुट्	प्रथम	बहु	कथयितारः
कथ्	चुरादि	परस्मैपद	लुट्	मध्यम	एक	कथयितासि
कथ्	चुरादि	परस्मैपद	लुट्	मध्यम	द्वि	कथयितास्थः
कथ्	चुरादि	परस्मैपद	लुट्	मध्यम	बहु	कथयितास्थ
कथ्	चुरादि	परस्मैपद	लुट्	उत्तम	एक	कथयितास्मि
कथ्	चुरादि	परस्मैपद	लुट्	उत्तम	द्वि	कथयितास्वः
कथ्	चुरादि	परस्मैपद	लुट्	उत्तम	बहु	कथयितास्मः
कथ्	चुरादि	परस्मैपद	आशीर्लिङ्	प्रथम	एक	कथ्यात्
कथ्	चुरादि	परस्मैपद	आशीर्लिङ्	प्रथम	द्वि	कथ्यास्ताम्
कथ्	चुरादि	परस्मैपद	आशीर्लिङ्	प्रथम	बहु	कथ्यासुः
कथ्	चुरादि	परस्मैपद	आशीर्लिङ्	मध्यम	एक	कथ्याः
कथ्	चुरादि	परस्मैपद	आशीर्लिङ्	मध्यम	द्वि	कथ्यास्तम्
कथ्	चुरादि	परस्मैपद	आशीर्लिङ्	मध्यम	बहु	कथ्यास्त
कथ्	चुरादि	परस्मैपद	आशीर्लिङ्	उत्तम	एक	कथ्यास्मि
कथ्	चुरादि	परस्मैपद	आशीर्लिङ्	उत्तम	द्वि	कथ्यास्व
कथ्	चुरादि	परस्मैपद	आशीर्लिङ्	उत्तम	बहु	कथ्यास्म
कथ्	चुरादि	परस्मैपद	लृङ्	प्रथम	एक	अकथयिष्यत्
कथ्	चुरादि	परस्मैपद	लृङ्	प्रथम	द्वि	अकथयिष्यताम्
कथ्	चुरादि	परस्मैपद	लृङ्	प्रथम	बहु	अकथयिष्यन्
कथ्	चुरादि	परस्मैपद	लृङ्	मध्यम	एक	अकथयिष्यः
कथ्	चुरादि	परस्मैपद	लृङ्	मध्यम	द्वि	अकथयिष्यतम्
कथ्	चुरादि	परस्मैपद	लृङ्	मध्यम	बहु	अकथयिष्यत
कथ्	चुरादि	परस्मैपद	लृङ्	उत्तम	एक	अकथयिष्यम्
कथ्	चुरादि	परस्मैपद	लृङ्	उत्तम	द्वि	अकथयिष्याव
कथ्	चुरादि	परस्मैपद	लृङ्	उत्तम	बहु	अकथयिष्याम
कथ्	चुरादि	परस्मैपद	लिट्	प्रथम	एक	कथयाञ्चकार
कथ्	चुरादि	परस्मैपद	लिट्	प्रथम	द्वि	कथयाञ्चक्रतुः
कथ्	चुरादि	परस्मैपद	लिट्	प्रथम	बहु	कथयाञ्चक्रुः
कथ्	चुरादि	परस्मैपद	लिट्	मध्यम	एक	कथयाञ्चकर्थ
कथ्	चुरादि	परस्मैपद	लिट्	मध्यम	द्वि	कथयाञ्चक्रथुः
कथ्	चुरादि	परस्मैपद	लिट्	मध्यम	बहु	कथयाञ्चक्र
कथ्	चुरादि	परस्मैपद	लिट्	उत्तम	एक	चकर
कथ्	चुरादि	परस्मैपद	लिट्	उत्तम	द्वि	कथयाञ्चकृव
कथ्	चुरादि	परस्मैपद	लिट्	उत्तम	बहु	कथयाञ्चकृम
कथ्	चुरादि	परस्मैपद	लुङ्	प्रथम	एक	अचकथत्
कथ्	चुरादि	परस्मैपद	लुङ्	प्रथम	द्वि	अचकथताम्
कथ्	चुरादि	परस्मैपद	लुङ्	प्रथम	बहु	अचकथन्
कथ्	चुरादि	परस्मैपद	लुङ्	मध्यम	एक	अचकथाः
कथ्	चुरादि	परस्मैपद	लुङ्	मध्यम	द्वि	अचकथतम्
कथ्	चुरादि	परस्मैपद	लुङ्	मध्यम	बहु	अचकथत
कथ्	चुरादि	परस्मैपद	लुङ्	उत्तम	एक	अचकथम्
कथ्	चुरादि	परस्मैपद	लुङ्	उत्तम	द्वि	अचकथाव
कथ्	चुरादि	परस्मैपद	लुङ्	उत्तम	बहु	अचकथाम
