prAtipadika	antya	nAmapada	liNgam	viBakti	vacanam	rUpam
rAma	a	nAma	puM	praTamA	eka	rAmaH
rAma	a	nAma	puM	praTamA	dvi	rAmO
rAma	a	nAma	puM	praTamA	bahu	rAmAH
rAma	a	nAma	puM	dvitIyA	eka	rAmam
rAma	a	nAma	puM	dvitIyA	dvi	rAmO
rAma	a	nAma	puM	dvitIyA	bahu	rAmAn
rAma	a	nAma	puM	tftIyA	eka	rAmeRa
rAma	a	nAma	puM	tftIyA	dvi	rAmAByAm
rAma	a	nAma	puM	tftIyA	bahu	rAmEH
rAma	a	nAma	puM	caturTI	eka	rAmAya
rAma	a	nAma	puM	caturTI	dvi	rAmAByAm
rAma	a	nAma	puM	caturTI	bahu	rAmeByaH
rAma	a	nAma	puM	paYcamI	eka	rAmAt
rAma	a	nAma	puM	paYcamI	dvi	rAmAByAm
rAma	a	nAma	puM	paYcamI	bahu	rAmeByaH
rAma	a	nAma	puM	zazWI	eka	rAmasya
rAma	a	nAma	puM	zazWI	dvi	rAmayoH
rAma	a	nAma	puM	zazWI	bahu	rAmARAm
rAma	a	nAma	puM	saptamI	eka	rAme
rAma	a	nAma	puM	saptamI	dvi	rAmayoH
rAma	a	nAma	puM	saptamI	bahu	rAmezu
rAma	a	nAma	puM	samboDana	eka	rAma
rAma	a	nAma	puM	samboDana	dvi	he rAmO
rAma	a	nAma	puM	samboDana	bahu	rAmAH
hari	i 	nAma	puM	praTamA	eka	hariH
hari	i 	nAma	puM	praTamA	dvi	harI
hari	i 	nAma	puM	praTamA	bahu	harayaH
hari	i 	nAma	puM	dvitIyA	eka	harim
hari	i 	nAma	puM	dvitIyA	dvi	harI
hari	i 	nAma	puM	dvitIyA	bahu	harIn
hari	i 	nAma	puM	tftIyA	eka	hariRA
hari	i 	nAma	puM	tftIyA	dvi	hariByAm
hari	i 	nAma	puM	tftIyA	bahu	hariBiH
hari	i 	nAma	puM	caturTI	eka	haraye
hari	i 	nAma	puM	caturTI	dvi	hariByAm
hari	i 	nAma	puM	caturTI	bahu	hariByaH
hari	i 	nAma	puM	paYcamI	eka	hareH
hari	i 	nAma	puM	paYcamI	dvi	hariByAm
hari	i 	nAma	puM	paYcamI	bahu	hariByaH
hari	i 	nAma	puM	zazWI	eka	hareH
hari	i 	nAma	puM	zazWI	dvi	haryyOH
hari	i 	nAma	puM	zazWI	bahu	harIRAm
hari	i 	nAma	puM	saptamI	eka	harO
hari	i 	nAma	puM	saptamI	dvi	haryyOH
hari	i 	nAma	puM	saptamI	bahu	harizu
hari	i 	nAma	puM	samboDana	eka	hare
hari	i 	nAma	puM	samboDana	dvi	he harI
hari	i 	nAma	puM	samboDana	bahu	harayaH
guru	u	nAma	puM	praTamA	eka	guruH
guru	u	nAma	puM	praTamA	dvi	gurU
guru	u	nAma	puM	praTamA	bahu	guravaH
guru	u	nAma	puM	dvitIyA	eka	gurum
guru	u	nAma	puM	dvitIyA	dvi	gurU
guru	u	nAma	puM	dvitIyA	bahu	gurUn
guru	u	nAma	puM	tftIyA	eka	guruRA
guru	u	nAma	puM	tftIyA	dvi	guruByAm
guru	u	nAma	puM	tftIyA	bahu	guruBiH
guru	u	nAma	puM	caturTI	eka	gurave
guru	u	nAma	puM	caturTI	dvi	guruByAm
guru	u	nAma	puM	caturTI	bahu	guruByaH
guru	u	nAma	puM	paYcamI	eka	guroH
guru	u	nAma	puM	paYcamI	dvi	guruByAm
guru	u	nAma	puM	paYcamI	bahu	guruByaH
guru	u	nAma	puM	zazWI	eka	guroH
guru	u	nAma	puM	zazWI	dvi	gurvoH
guru	u	nAma	puM	zazWI	bahu	gurURAm
guru	u	nAma	puM	saptamI	eka	gurO
guru	u	nAma	puM	saptamI	dvi	gurvoH
guru	u	nAma	puM	saptamI	bahu	guruzu
guru	u	nAma	puM	samboDana	eka	guro
guru	u	nAma	puM	samboDana	dvi	he gurU
guru	u	nAma	puM	samboDana	bahu	guravaH
pitf	f	nAma	puM	praTamA	eka	pitA
pitf	f	nAma	puM	praTamA	dvi	pitarO
pitf	f	nAma	puM	praTamA	bahu	pitaraH
pitf	f	nAma	puM	dvitIyA	eka	pitaram
pitf	f	nAma	puM	dvitIyA	dvi	pitarO
pitf	f	nAma	puM	dvitIyA	bahu	pitFn
pitf	f	nAma	puM	tftIyA	eka	pitrA
pitf	f	nAma	puM	tftIyA	dvi	pitfByAm
pitf	f	nAma	puM	tftIyA	bahu	pitfBiH
pitf	f	nAma	puM	caturTI	eka	pitre
pitf	f	nAma	puM	caturTI	dvi	pitarAByAm
pitf	f	nAma	puM	caturTI	bahu	pitfByaH
pitf	f	nAma	puM	paYcamI	eka	pituH
pitf	f	nAma	puM	paYcamI	dvi	pitfByAm
pitf	f	nAma	puM	paYcamI	bahu	pitfByaH
pitf	f	nAma	puM	zazWI	eka	pituH
pitf	f	nAma	puM	zazWI	dvi	pitroH
pitf	f	nAma	puM	zazWI	bahu	pitFRAm
pitf	f	nAma	puM	saptamI	eka	pitari
pitf	f	nAma	puM	saptamI	dvi	pitroH
pitf	f	nAma	puM	saptamI	bahu	pitfzu
pitf	f	nAma	puM	samboDana	eka	pitaH
pitf	f	nAma	puM	samboDana	dvi	pitarO
pitf	f	nAma	puM	samboDana	bahu	pitaraH
rE	E	nAma	puM	praTamA	eka	rAH
rE	E	nAma	puM	praTamA	dvi	rAyO
rE	E	nAma	puM	praTamA	bahu	rAyaH
rE	E	nAma	puM	dvitIyA	eka	rAyam
rE	E	nAma	puM	dvitIyA	dvi	rAyO
rE	E	nAma	puM	dvitIyA	bahu	rAyaH
rE	E	nAma	puM	tftIyA	eka	rAyA
rE	E	nAma	puM	tftIyA	dvi	rAByAm
rE	E	nAma	puM	tftIyA	bahu	rABiH
rE	E	nAma	puM	caturTI	eka	rAyE
rE	E	nAma	puM	caturTI	dvi	rAByAm
rE	E	nAma	puM	caturTI	bahu	rAByaH
rE	E	nAma	puM	paYcamI	eka	rAyaH
rE	E	nAma	puM	paYcamI	dvi	rAByAm
rE	E	nAma	puM	paYcamI	bahu	rAByaH
rE	E	nAma	puM	zazWI	eka	rAyaH
rE	E	nAma	puM	zazWI	dvi	rAyoH
rE	E	nAma	puM	zazWI	bahu	rAyAm
rE	E	nAma	puM	saptamI	eka	rAyi
rE	E	nAma	puM	saptamI	dvi	rAyoH
rE	E	nAma	puM	saptamI	bahu	rAsu
rE	E	nAma	puM	samboDana	eka	rAH
rE	E	nAma	puM	samboDana	dvi	rAyO
rE	E	nAma	puM	samboDana	bahu	rAyaH
go	o	nAma	puM	praTamA	eka	gOH
go	o	nAma	puM	praTamA	dvi	gAvO
go	o	nAma	puM	praTamA	bahu	gAvaH
go	o	nAma	puM	dvitIyA	eka	gAm
go	o	nAma	puM	dvitIyA	dvi	gAvO
go	o	nAma	puM	dvitIyA	bahu	gAH
go	o	nAma	puM	tftIyA	eka	gavA
go	o	nAma	puM	tftIyA	dvi	goByAm
go	o	nAma	puM	tftIyA	bahu	goBiH
go	o	nAma	puM	caturTI	eka	gave
go	o	nAma	puM	caturTI	dvi	goByAm
go	o	nAma	puM	caturTI	bahu	goByaH
go	o	nAma	puM	paYcamI	eka	goH
go	o	nAma	puM	paYcamI	dvi	goByAm
go	o	nAma	puM	paYcamI	bahu	goByaH
go	o	nAma	puM	zazWI	eka	goH
go	o	nAma	puM	zazWI	dvi	gavoH
go	o	nAma	puM	zazWI	bahu	gavAm
go	o	nAma	puM	saptamI	eka	gavi
go	o	nAma	puM	saptamI	dvi	gavoH
go	o	nAma	puM	saptamI	bahu	gozu
go	o	nAma	puM	samboDana	eka	gOH
go	o	nAma	puM	samboDana	dvi	gAvO
go	o	nAma	puM	samboDana	bahu	gAvaH
glO	O	nAma	puM	praTamA	eka	glOH
glO	O	nAma	puM	praTamA	dvi	glAvO
glO	O	nAma	puM	praTamA	bahu	glAvaH
glO	O	nAma	puM	dvitIyA	eka	glAvam
glO	O	nAma	puM	dvitIyA	dvi	glAvO
glO	O	nAma	puM	dvitIyA	bahu	glAvaH
glO	O	nAma	puM	tftIyA	eka	glAvA
glO	O	nAma	puM	tftIyA	dvi	glOByAm
glO	O	nAma	puM	tftIyA	bahu	glOBiH
glO	O	nAma	puM	caturTI	eka	glAve
glO	O	nAma	puM	caturTI	dvi	glOByAm
glO	O	nAma	puM	caturTI	bahu	glOByaH
glO	O	nAma	puM	paYcamI	eka	glAvaH
glO	O	nAma	puM	paYcamI	dvi	glOByAm
glO	O	nAma	puM	paYcamI	bahu	glOByaH
glO	O	nAma	puM	zazWI	eka	glAvaH
glO	O	nAma	puM	zazWI	dvi	glAvoH
glO	O	nAma	puM	zazWI	bahu	glAvAm
glO	O	nAma	puM	saptamI	eka	glAvi
glO	O	nAma	puM	saptamI	dvi	glAvoH
glO	O	nAma	puM	saptamI	bahu	glOzu
glO	O	nAma	puM	samboDana	eka	glOH
glO	O	nAma	puM	samboDana	dvi	glAvO
glO	O	nAma	puM	samboDana	bahu	glAvaH
payomuc	c	nAma	puM	praTamA	eka	payomuk
payomuc	c	nAma	puM	praTamA	dvi	payomucO
payomuc	c	nAma	puM	praTamA	bahu	payomucaH
payomuc	c	nAma	puM	dvitIyA	eka	payomucam
payomuc	c	nAma	puM	dvitIyA	dvi	payomucO
payomuc	c	nAma	puM	dvitIyA	bahu	payomucaH
payomuc	c	nAma	puM	tftIyA	eka	payomucA
payomuc	c	nAma	puM	tftIyA	dvi	payomugByAm
payomuc	c	nAma	puM	tftIyA	bahu	payomugBiH
payomuc	c	nAma	puM	caturTI	eka	payomuce
payomuc	c	nAma	puM	caturTI	dvi	payomugByAm
payomuc	c	nAma	puM	caturTI	bahu	payomugByaH
payomuc	c	nAma	puM	paYcamI	eka	payomucaH
payomuc	c	nAma	puM	paYcamI	dvi	payomugByAm
payomuc	c	nAma	puM	paYcamI	bahu	payomugByaH
payomuc	c	nAma	puM	zazWI	eka	payomucaH
payomuc	c	nAma	puM	zazWI	dvi	payomucoH
payomuc	c	nAma	puM	zazWI	bahu	payomucAm
payomuc	c	nAma	puM	saptamI	eka	payomuci
payomuc	c	nAma	puM	saptamI	dvi	payomucoH
payomuc	c	nAma	puM	saptamI	bahu	payomukzu
payomuc	c	nAma	puM	samboDana	eka	payomuk
payomuc	c	nAma	puM	samboDana	dvi	payOmucO
payomuc	c	nAma	puM	samboDana	bahu	payomucaH
vaRij	j	nAma	puM	praTamA	eka	vaRik
vaRij	j	nAma	puM	praTamA	dvi	vaRijO
vaRij	j	nAma	puM	praTamA	bahu	vaRijaH
vaRij	j	nAma	puM	dvitIyA	eka	vaRijam
vaRij	j	nAma	puM	dvitIyA	dvi	vaRijO
vaRij	j	nAma	puM	dvitIyA	bahu	vaRijaH
vaRij	j	nAma	puM	tftIyA	eka	vaRijA
vaRij	j	nAma	puM	tftIyA	dvi	vaRigByAm
vaRij	j	nAma	puM	tftIyA	bahu	vaRigBiH
vaRij	j	nAma	puM	caturTI	eka	vaRije
vaRij	j	nAma	puM	caturTI	dvi	vaRigByAm
vaRij	j	nAma	puM	caturTI	bahu	vaRigByaH
vaRij	j	nAma	puM	paYcamI	eka	vaRijaH
vaRij	j	nAma	puM	paYcamI	dvi	vaRigByAm
vaRij	j	nAma	puM	paYcamI	bahu	vaRigByaH
vaRij	j	nAma	puM	zazWI	eka	vaRijaH
vaRij	j	nAma	puM	zazWI	dvi	vaRijoH
vaRij	j	nAma	puM	zazWI	bahu	vaRijAm
vaRij	j	nAma	puM	saptamI	eka	vaRiji
vaRij	j	nAma	puM	saptamI	dvi	vaRijoH
vaRij	j	nAma	puM	saptamI	bahu	vaRikzu
vaRij	j	nAma	puM	samboDana	eka	vaRik
vaRij	j	nAma	puM	samboDana	dvi	vaRijO
vaRij	j	nAma	puM	samboDana	bahu	vaRijaH
marut	t	nAma	puM	praTamA	eka	marut
marut	t	nAma	puM	praTamA	dvi	marutO
marut	t	nAma	puM	praTamA	bahu	marutaH
marut	t	nAma	puM	dvitIyA	eka	marutam
marut	t	nAma	puM	dvitIyA	dvi	marutO
marut	t	nAma	puM	dvitIyA	bahu	marutaH
marut	t	nAma	puM	tftIyA	eka	marutA
marut	t	nAma	puM	tftIyA	dvi	marudByAm
marut	t	nAma	puM	tftIyA	bahu	marudBiH
marut	t	nAma	puM	caturTI	eka	marute
marut	t	nAma	puM	caturTI	dvi	marudByAm
marut	t	nAma	puM	caturTI	bahu	marudByaH
marut	t	nAma	puM	paYcamI	eka	marutaH
marut	t	nAma	puM	paYcamI	dvi	marudByAm
marut	t	nAma	puM	paYcamI	bahu	marudByaH
marut	t	nAma	puM	zazWI	eka	marutaH
marut	t	nAma	puM	zazWI	dvi	marutoH
marut	t	nAma	puM	zazWI	bahu	marutAm
marut	t	nAma	puM	saptamI	eka	maruti
marut	t	nAma	puM	saptamI	dvi	marutoH
marut	t	nAma	puM	saptamI	bahu	marutsu
marut	t	nAma	puM	samboDana	eka	marut
marut	t	nAma	puM	samboDana	dvi	marutO
marut	t	nAma	puM	samboDana	bahu	marutaH
suhft	d	nAma	puM	praTamA	eka	suhft
suhft	d	nAma	puM	praTamA	dvi	suhfdO
suhft	d	nAma	puM	praTamA	bahu	suhfdaH
suhft	d	nAma	puM	dvitIyA	eka	suhfdam
suhft	d	nAma	puM	dvitIyA	dvi	suhfdO
suhft	d	nAma	puM	dvitIyA	bahu	suhfdaH
suhft	d	nAma	puM	tftIyA	eka	suhfdA
suhft	d	nAma	puM	tftIyA	dvi	suhfdByAm
suhft	d	nAma	puM	tftIyA	bahu	suhfdBiH
suhft	d	nAma	puM	caturTI	eka	suhfde
suhft	d	nAma	puM	caturTI	dvi	suhfdByAm
suhft	d	nAma	puM	caturTI	bahu	suhfdByaH
suhft	d	nAma	puM	paYcamI	eka	suhfdaH
suhft	d	nAma	puM	paYcamI	dvi	suhfdByAm
suhft	d	nAma	puM	paYcamI	bahu	suhfdByaH
suhft	d	nAma	puM	zazWI	eka	suhfdaH
suhft	d	nAma	puM	zazWI	dvi	suhfdoH
suhft	d	nAma	puM	zazWI	bahu	suhfdAm
suhft	d	nAma	puM	saptamI	eka	suhfdi
suhft	d	nAma	puM	saptamI	dvi	suhfdoH
suhft	d	nAma	puM	saptamI	bahu	suhftsu
suhft	d	nAma	puM	samboDana	eka	suhft
suhft	d	nAma	puM	samboDana	dvi	suhfdO
suhft	d	nAma	puM	samboDana	bahu	suhfdaH
buD	D	nAma	puM	praTamA	eka	But
buD	D	nAma	puM	praTamA	dvi	buDO
buD	D	nAma	puM	praTamA	bahu	buDaH
buD	D	nAma	puM	dvitIyA	eka	buDam
buD	D	nAma	puM	dvitIyA	dvi	buDO
buD	D	nAma	puM	dvitIyA	bahu	buDaH
buD	D	nAma	puM	tftIyA	eka	buDA
buD	D	nAma	puM	tftIyA	dvi	BudByAm
buD	D	nAma	puM	tftIyA	bahu	BudBiH
buD	D	nAma	puM	caturTI	eka	buDe
buD	D	nAma	puM	caturTI	dvi	BudByAm
buD	D	nAma	puM	caturTI	bahu	BudByaH
buD	D	nAma	puM	paYcamI	eka	buDaH
buD	D	nAma	puM	paYcamI	dvi	BudByAm
buD	D	nAma	puM	paYcamI	bahu	BudByaH
buD	D	nAma	puM	zazWI	eka	buDaH
buD	D	nAma	puM	zazWI	dvi	buDoH
buD	D	nAma	puM	zazWI	bahu	buDAm
buD	D	nAma	puM	saptamI	eka	buDi
buD	D	nAma	puM	saptamI	dvi	buDoH
buD	D	nAma	puM	saptamI	bahu	Butsu
buD	D	nAma	puM	samboDana	eka	But
buD	D	nAma	puM	samboDana	dvi	buDO
buD	D	nAma	puM	samboDana	bahu	buDaH
Atman 	n	nAma	puM	praTamA	eka	AtmA
Atman 	n	nAma	puM	praTamA	dvi	AtmAnO
Atman 	n	nAma	puM	praTamA	bahu	AtmAnaH
Atman 	n	nAma	puM	dvitIyA	eka	AtmAnam
Atman 	n	nAma	puM	dvitIyA	dvi	AtmAnO
Atman 	n	nAma	puM	dvitIyA	bahu	AtmanaH
Atman 	n	nAma	puM	tftIyA	eka	AtmanA
Atman 	n	nAma	puM	tftIyA	dvi	AtmaByAm
Atman 	n	nAma	puM	tftIyA	bahu	AtmaBiH
Atman 	n	nAma	puM	caturTI	eka	Atmane
Atman 	n	nAma	puM	caturTI	dvi	AtmaByAm
Atman 	n	nAma	puM	caturTI	bahu	AtmaByaH
Atman 	n	nAma	puM	paYcamI	eka	AtmanaH
Atman 	n	nAma	puM	paYcamI	dvi	AtmaByAm
Atman 	n	nAma	puM	paYcamI	bahu	AtmaByaH
Atman 	n	nAma	puM	zazWI	eka	AtmanaH
Atman 	n	nAma	puM	zazWI	dvi	AtmanoH
Atman 	n	nAma	puM	zazWI	bahu	AtmanAm
Atman 	n	nAma	puM	saptamI	eka	Atmani
Atman 	n	nAma	puM	saptamI	dvi	AtmanoH
Atman 	n	nAma	puM	saptamI	bahu	Atmasu
Atman 	n	nAma	puM	samboDana	eka	Atman
Atman 	n	nAma	puM	samboDana	dvi	he AtmAnO
Atman 	n	nAma	puM	samboDana	bahu	AtmAnaH
tAdfS	S	nAma	puM	praTamA	eka	tAdfk
tAdfS	S	nAma	puM	praTamA	dvi	tAdfSO
tAdfS	S	nAma	puM	praTamA	bahu	tAdfSaH
tAdfS	S	nAma	puM	dvitIyA	eka	tAdfSam
tAdfS	S	nAma	puM	dvitIyA	dvi	tAdfSO
tAdfS	S	nAma	puM	dvitIyA	bahu	tAdfSaH
tAdfS	S	nAma	puM	tftIyA	eka	tAdfSA
tAdfS	S	nAma	puM	tftIyA	dvi	tAdfgByAm
tAdfS	S	nAma	puM	tftIyA	bahu	tAdfgBiH
tAdfS	S	nAma	puM	caturTI	eka	tAdfSe
tAdfS	S	nAma	puM	caturTI	dvi	tAdfgByAm
tAdfS	S	nAma	puM	caturTI	bahu	tAdfgByaH
tAdfS	S	nAma	puM	paYcamI	eka	tAdfSaH
tAdfS	S	nAma	puM	paYcamI	dvi	tAdfgByAm
tAdfS	S	nAma	puM	paYcamI	bahu	tAdfgByaH
tAdfS	S	nAma	puM	zazWI	eka	tAdfSaH
tAdfS	S	nAma	puM	zazWI	dvi	tAdfSoH
tAdfS	S	nAma	puM	zazWI	bahu	tAdfSAm
tAdfS	S	nAma	puM	saptamI	eka	tAdfSi
tAdfS	S	nAma	puM	saptamI	dvi	tAdfSoH
tAdfS	S	nAma	puM	saptamI	bahu	tAdfSu
tAdfS	S	nAma	puM	samboDana	eka	tAdfk
tAdfS	S	nAma	puM	samboDana	dvi	tAdfSO
tAdfS	S	nAma	puM	samboDana	bahu	tAdfSaH
candramas	s	nAma	puM	praTamA	eka	candramAH
candramas	s	nAma	puM	praTamA	dvi	candramasO
candramas	s	nAma	puM	praTamA	bahu	candramasaH
candramas	s	nAma	puM	dvitIyA	eka	candramasam
candramas	s	nAma	puM	dvitIyA	dvi	candramasO
candramas	s	nAma	puM	dvitIyA	bahu	candramasaH
candramas	s	nAma	puM	tftIyA	eka	candramasA
candramas	s	nAma	puM	tftIyA	dvi	candramoByAm
candramas	s	nAma	puM	tftIyA	bahu	candramoBiH
candramas	s	nAma	puM	caturTI	eka	candramase
candramas	s	nAma	puM	caturTI	dvi	candramoByAm
candramas	s	nAma	puM	caturTI	bahu	candramoByaH
candramas	s	nAma	puM	paYcamI	eka	candramasaH
candramas	s	nAma	puM	paYcamI	dvi	candramoByAm
candramas	s	nAma	puM	paYcamI	bahu	candramoByaH
candramas	s	nAma	puM	zazWI	eka	candramasaH
candramas	s	nAma	puM	zazWI	dvi	candramasoH
candramas	s	nAma	puM	zazWI	bahu	candramasAm
candramas	s	nAma	puM	saptamI	eka	candramasi
candramas	s	nAma	puM	saptamI	dvi	candramasoH
candramas	s	nAma	puM	saptamI	bahu	candramassu
candramas	s	nAma	puM	samboDana	eka	candramaH
candramas	s	nAma	puM	samboDana	dvi	he candramasO
candramas	s	nAma	puM	samboDana	bahu	candramasaH
anaquh	h	nAma	puM	praTamA	eka	anaqvAn
anaquh	h	nAma	puM	praTamA	dvi	anaqvAhO
anaquh	h	nAma	puM	praTamA	bahu	anaqvAhaH
anaquh	h	nAma	puM	dvitIyA	eka	anaqvAham
anaquh	h	nAma	puM	dvitIyA	dvi	anaqvAhO
anaquh	h	nAma	puM	dvitIyA	bahu	anaquhaH
anaquh	h	nAma	puM	tftIyA	eka	anaquhA
anaquh	h	nAma	puM	tftIyA	dvi	anaqudByAm
anaquh	h	nAma	puM	tftIyA	bahu	anaqudBiH
anaquh	h	nAma	puM	caturTI	eka	anaquhe
anaquh	h	nAma	puM	caturTI	dvi	anaqudByAm
anaquh	h	nAma	puM	caturTI	bahu	anaqudByaH
anaquh	h	nAma	puM	paYcamI	eka	anaquhaH
anaquh	h	nAma	puM	paYcamI	dvi	anaqudByAm
anaquh	h	nAma	puM	paYcamI	bahu	anaqudByaH
anaquh	h	nAma	puM	zazWI	eka	anaquhaH
anaquh	h	nAma	puM	zazWI	dvi	anaquhoH
anaquh	h	nAma	puM	zazWI	bahu	anaquhAm
anaquh	h	nAma	puM	saptamI	eka	anaquhi
anaquh	h	nAma	puM	saptamI	dvi	anaquhoH
anaquh	h	nAma	puM	saptamI	bahu	anaqutsu
anaquh	h	nAma	puM	samboDana	eka	anaquvan
anaquh	h	nAma	puM	samboDana	dvi	anaqvAhO
anaquh	h	nAma	puM	samboDana	bahu	anaqvAhaH
kartf	tfc	nAma	puM	praTamA	eka	kartA
kartf	tfc	nAma	puM	praTamA	dvi	kartArO
kartf	tfc	nAma	puM	praTamA	bahu	kartAraH
kartf	tfc	nAma	puM	dvitIyA	eka	kartAram
kartf	tfc	nAma	puM	dvitIyA	dvi	kartArO
kartf	tfc	nAma	puM	dvitIyA	bahu	kartFn
kartf	tfc	nAma	puM	tftIyA	eka	kartrA
kartf	tfc	nAma	puM	tftIyA	dvi	kartfByAm
kartf	tfc	nAma	puM	tftIyA	bahu	kartfBiH
kartf	tfc	nAma	puM	caturTI	eka	kartre
kartf	tfc	nAma	puM	caturTI	dvi	kartfByAm
kartf	tfc	nAma	puM	caturTI	bahu	kartfByaH
kartf	tfc	nAma	puM	paYcamI	eka	kartuH
kartf	tfc	nAma	puM	paYcamI	dvi	kartfByAm
kartf	tfc	nAma	puM	paYcamI	bahu	kartfByaH
kartf	tfc	nAma	puM	zazWI	eka	kartuH
kartf	tfc	nAma	puM	zazWI	dvi	kartroH
kartf	tfc	nAma	puM	zazWI	bahu	katFRAm
kartf	tfc	nAma	puM	saptamI	eka	kartari
kartf	tfc	nAma	puM	saptamI	dvi	kartroH
kartf	tfc	nAma	puM	saptamI	bahu	kartfzu
kartf	tfc	nAma	puM	samboDana	eka	kartaH
kartf	tfc	nAma	puM	samboDana	dvi	he kartArO
kartf	tfc	nAma	puM	samboDana	bahu	kartAraH
Bavat	at	nAma	puM	praTamA	eka	BavAn
Bavat	at	nAma	puM	praTamA	dvi	BavantO
Bavat	at	nAma	puM	praTamA	bahu	BavantaH
Bavat	at	nAma	puM	dvitIyA	eka	Bavantam
Bavat	at	nAma	puM	dvitIyA	dvi	BavantO
Bavat	at	nAma	puM	dvitIyA	bahu	BavataH
Bavat	at	nAma	puM	tftIyA	eka	BavatA
Bavat	at	nAma	puM	tftIyA	dvi	BavadByAm
Bavat	at	nAma	puM	tftIyA	bahu	BavadBiH
Bavat	at	nAma	puM	caturTI	eka	Bavate
Bavat	at	nAma	puM	caturTI	dvi	BavadByAm
Bavat	at	nAma	puM	caturTI	bahu	BavadByaH
Bavat	at	nAma	puM	paYcamI	eka	BavataH
Bavat	at	nAma	puM	paYcamI	dvi	BavadByAm
Bavat	at	nAma	puM	paYcamI	bahu	BavadByaH
Bavat	at	nAma	puM	zazWI	eka	BavataH
Bavat	at	nAma	puM	zazWI	dvi	BavatoH
Bavat	at	nAma	puM	zazWI	bahu	BavatAm
Bavat	at	nAma	puM	saptamI	eka	Bavati
Bavat	at	nAma	puM	saptamI	dvi	BavatoH
Bavat	at	nAma	puM	saptamI	bahu	Bavatsu
Bavat	at	nAma	puM	samboDana	eka	Bavan
Bavat	at	nAma	puM	samboDana	dvi	BavantO
Bavat	at	nAma	puM	samboDana	bahu	BavantaH
karin	in	nAma	puM	praTamA	eka	karI
karin	in	nAma	puM	praTamA	dvi	kariRO
karin	in	nAma	puM	praTamA	bahu	kariRaH
karin	in	nAma	puM	dvitIyA	eka	kariRam
karin	in	nAma	puM	dvitIyA	dvi	kariRO
karin	in	nAma	puM	dvitIyA	bahu	kariRaH
karin	in	nAma	puM	tftIyA	eka	kariRA
karin	in	nAma	puM	tftIyA	dvi	kariByAm
karin	in	nAma	puM	tftIyA	bahu	kariBiH
karin	in	nAma	puM	caturTI	eka	kariRe
karin	in	nAma	puM	caturTI	dvi	kariByAm
karin	in	nAma	puM	caturTI	bahu	kariByaH
karin	in	nAma	puM	paYcamI	eka	kariRaH
karin	in	nAma	puM	paYcamI	dvi	kariByAm
karin	in	nAma	puM	paYcamI	bahu	kariByaH
karin	in	nAma	puM	zazWI	eka	kariRaH
karin	in	nAma	puM	zazWI	dvi	kariRoH
karin	in	nAma	puM	zazWI	bahu	karIRAm
karin	in	nAma	puM	saptamI	eka	kariRi
karin	in	nAma	puM	saptamI	dvi	kariRoH
karin	in	nAma	puM	saptamI	bahu	karizu
karin	in	nAma	puM	samboDana	eka	karin
karin	in	nAma	puM	samboDana	dvi	he kariRO
karin	in	nAma	puM	samboDana	bahu	kariRaH
Bagavat	vat	nAma	puM	praTamA	eka	BagavAn
Bagavat	vat	nAma	puM	praTamA	dvi	BagavantO
Bagavat	vat	nAma	puM	praTamA	bahu	BagavantaH
Bagavat	vat	nAma	puM	dvitIyA	eka	Bagavantam
Bagavat	vat	nAma	puM	dvitIyA	dvi	BagavantO
Bagavat	vat	nAma	puM	dvitIyA	bahu	BagavataH
Bagavat	vat	nAma	puM	tftIyA	eka	BagavatA
Bagavat	vat	nAma	puM	tftIyA	dvi	BagavadByAm
Bagavat	vat	nAma	puM	tftIyA	bahu	BagavadBiH
Bagavat	vat	nAma	puM	caturTI	eka	Bagavate
Bagavat	vat	nAma	puM	caturTI	dvi	BagavadByAm
Bagavat	vat	nAma	puM	caturTI	bahu	BagavadByaH
Bagavat	vat	nAma	puM	paYcamI	eka	BagavataH
Bagavat	vat	nAma	puM	paYcamI	dvi	BagavadByAm
Bagavat	vat	nAma	puM	paYcamI	bahu	BagavadByaH
Bagavat	vat	nAma	puM	zazWI	eka	BagavataH
Bagavat	vat	nAma	puM	zazWI	dvi	BagavatoH
Bagavat	vat	nAma	puM	zazWI	bahu	BagavatAm
Bagavat	vat	nAma	puM	saptamI	eka	Bagavati
Bagavat	vat	nAma	puM	saptamI	dvi	BagavatoH
Bagavat	vat	nAma	puM	saptamI	bahu	Bagavatsu
Bagavat	vat	nAma	puM	samboDana	eka	Bagavan
Bagavat	vat	nAma	puM	samboDana	dvi	he BagavantO
Bagavat	vat	nAma	puM	samboDana	bahu	BagavantaH
DImat	mat	nAma	puM	praTamA	eka	DImAn
DImat	mat	nAma	puM	praTamA	dvi	DImantO
DImat	mat	nAma	puM	praTamA	bahu	DImantaH
DImat	mat	nAma	puM	dvitIyA	eka	DImantam
DImat	mat	nAma	puM	dvitIyA	dvi	DImantO
DImat	mat	nAma	puM	dvitIyA	bahu	DImataH
DImat	mat	nAma	puM	tftIyA	eka	DImatA
DImat	mat	nAma	puM	tftIyA	dvi	DImadByAm
DImat	mat	nAma	puM	tftIyA	bahu	DImadBiH
DImat	mat	nAma	puM	caturTI	eka	DImate
DImat	mat	nAma	puM	caturTI	dvi	DImadByAm
DImat	mat	nAma	puM	caturTI	bahu	DImadByaH
DImat	mat	nAma	puM	paYcamI	eka	DImataH
DImat	mat	nAma	puM	paYcamI	dvi	DImadByAm
DImat	mat	nAma	puM	paYcamI	bahu	DImadByaH
DImat	mat	nAma	puM	zazWI	eka	DImataH
DImat	mat	nAma	puM	zazWI	dvi	DImatoH
DImat	mat	nAma	puM	zazWI	bahu	DImatAm
DImat	mat	nAma	puM	saptamI	eka	DImati
DImat	mat	nAma	puM	saptamI	dvi	DImatoH
DImat	mat	nAma	puM	saptamI	bahu	DImatsu
DImat	mat	nAma	puM	samboDana	eka	DIman
DImat	mat	nAma	puM	samboDana	dvi	DImantO
DImat	mat	nAma	puM	samboDana	bahu	DImantaH
vidvas	vas	nAma	puM	praTamA	eka	vidvAn
vidvas	vas	nAma	puM	praTamA	dvi	vidvAMsO
vidvas	vas	nAma	puM	praTamA	bahu	vidvAMsaH
vidvas	vas	nAma	puM	dvitIyA	eka	vidvAMsam
vidvas	vas	nAma	puM	dvitIyA	dvi	vidvAMsO
vidvas	vas	nAma	puM	dvitIyA	bahu	viduzaH
vidvas	vas	nAma	puM	tftIyA	eka	viduzA
vidvas	vas	nAma	puM	tftIyA	dvi	vidvadByAm
vidvas	vas	nAma	puM	tftIyA	bahu	vidvadBiH
vidvas	vas	nAma	puM	caturTI	eka	viduze
vidvas	vas	nAma	puM	caturTI	dvi	vidvadByAm
vidvas	vas	nAma	puM	caturTI	bahu	vidvadByaH
vidvas	vas	nAma	puM	paYcamI	eka	viduzaH
vidvas	vas	nAma	puM	paYcamI	dvi	vidvadByAm
vidvas	vas	nAma	puM	paYcamI	bahu	vidvadByaH
vidvas	vas	nAma	puM	zazWI	eka	viduzaH
vidvas	vas	nAma	puM	zazWI	dvi	viduzoH
vidvas	vas	nAma	puM	zazWI	bahu	viduzAm
vidvas	vas	nAma	puM	saptamI	eka	viduzi
vidvas	vas	nAma	puM	saptamI	dvi	viduzoH
vidvas	vas	nAma	puM	saptamI	bahu	vidvatsu
vidvas	vas	nAma	puM	samboDana	eka	vidvan
vidvas	vas	nAma	puM	samboDana	dvi	vidvAMsO
vidvas	vas	nAma	puM	samboDana	bahu	vidvAMsaH
Sreyas	Iyas	nAma	puM	praTamA	eka	SreyAn
Sreyas	Iyas	nAma	puM	praTamA	dvi	SreyAMsO
Sreyas	Iyas	nAma	puM	praTamA	bahu	SreyAMsaH
Sreyas	Iyas	nAma	puM	dvitIyA	eka	SreyAMsam
Sreyas	Iyas	nAma	puM	dvitIyA	dvi	SreyAMsO
Sreyas	Iyas	nAma	puM	dvitIyA	bahu	SreyasaH
Sreyas	Iyas	nAma	puM	tftIyA	eka	SreyasA
Sreyas	Iyas	nAma	puM	tftIyA	dvi	SreyoByAm
Sreyas	Iyas	nAma	puM	tftIyA	bahu	SreyoBiH
Sreyas	Iyas	nAma	puM	caturTI	eka	Sreyase
Sreyas	Iyas	nAma	puM	caturTI	dvi	SreyoByAm
Sreyas	Iyas	nAma	puM	caturTI	bahu	SreyoByaH
Sreyas	Iyas	nAma	puM	paYcamI	eka	SreyasaH
Sreyas	Iyas	nAma	puM	paYcamI	dvi	SreyoByAm
Sreyas	Iyas	nAma	puM	paYcamI	bahu	SreyoByaH
Sreyas	Iyas	nAma	puM	zazWI	eka	SreyasaH
Sreyas	Iyas	nAma	puM	zazWI	dvi	SreyasoH
Sreyas	Iyas	nAma	puM	zazWI	bahu	SreyasAm
Sreyas	Iyas	nAma	puM	saptamI	eka	Sreyasi
Sreyas	Iyas	nAma	puM	saptamI	dvi	SreyasoH
Sreyas	Iyas	nAma	puM	saptamI	bahu	Sreyassu
Sreyas	Iyas	nAma	puM	samboDana	eka	Sreyan
Sreyas	Iyas	nAma	puM	samboDana	dvi	SreyAMsO
Sreyas	Iyas	nAma	puM	samboDana	bahu	SreyAMsaH
viSvapA	A	nAma	puM	praTamA	eka	viSvapAH
viSvapA	A	nAma	puM	praTamA	dvi	viSvapO
viSvapA	A	nAma	puM	praTamA	bahu	viSvapAH
viSvapA	A	nAma	puM	dvitIyA	eka	viSvapAm
viSvapA	A	nAma	puM	dvitIyA	dvi	viSvapO
viSvapA	A	nAma	puM	dvitIyA	bahu	viSvapaH
viSvapA	A	nAma	puM	tftIyA	eka	viSvapA
viSvapA	A	nAma	puM	tftIyA	dvi	viSvapAByAm
viSvapA	A	nAma	puM	tftIyA	bahu	viSvapABiH
viSvapA	A	nAma	puM	caturTI	eka	viSvape
viSvapA	A	nAma	puM	caturTI	dvi	viSvapAByAm
viSvapA	A	nAma	puM	caturTI	bahu	viSvapAByaH
viSvapA	A	nAma	puM	paYcamI	eka	viSvapaH
viSvapA	A	nAma	puM	paYcamI	dvi	viSvapAByAm
viSvapA	A	nAma	puM	paYcamI	bahu	viSvapAByaH
viSvapA	A	nAma	puM	zazWI	eka	viSvapaH
viSvapA	A	nAma	puM	zazWI	dvi	viSvapoH
viSvapA	A	nAma	puM	zazWI	bahu	viSvapAm
viSvapA	A	nAma	puM	saptamI	eka	viSvapi
viSvapA	A	nAma	puM	saptamI	dvi	viSvapoH
viSvapA	A	nAma	puM	saptamI	bahu	viSvapAsu
viSvapA	A	nAma	puM	samboDana	eka	viSvapAH
viSvapA	A	nAma	puM	samboDana	dvi	viSvapO
viSvapA	A	nAma	puM	samboDana	bahu	viSvapAH
grAmaRI	I	nAma	puM	praTamA	eka	grAmaRIH
grAmaRI	I	nAma	puM	praTamA	dvi	grAmaRyO
grAmaRI	I	nAma	puM	praTamA	bahu	grAmaRyaH
grAmaRI	I	nAma	puM	dvitIyA	eka	grAmaRyam
grAmaRI	I	nAma	puM	dvitIyA	dvi	grAmaRyO
grAmaRI	I	nAma	puM	dvitIyA	bahu	grAmaRyaH
grAmaRI	I	nAma	puM	tftIyA	eka	grAmaRyA
grAmaRI	I	nAma	puM	tftIyA	dvi	grAmaRIByAm
grAmaRI	I	nAma	puM	tftIyA	bahu	grAmaRIBiH
grAmaRI	I	nAma	puM	caturTI	eka	grAmaRye
grAmaRI	I	nAma	puM	caturTI	dvi	grAmaRIByAm
grAmaRI	I	nAma	puM	caturTI	bahu	grAmaRIByaH
grAmaRI	I	nAma	puM	paYcamI	eka	grAmaRyaH
grAmaRI	I	nAma	puM	paYcamI	dvi	grAmaRIByAm
grAmaRI	I	nAma	puM	paYcamI	bahu	grAmaRIByaH
grAmaRI	I	nAma	puM	zazWI	eka	grAmaRyaH
grAmaRI	I	nAma	puM	zazWI	dvi	grAmaRyoH
grAmaRI	I	nAma	puM	zazWI	bahu	grAmaRyAm
grAmaRI	I	nAma	puM	saptamI	eka	grAmaRyAm
grAmaRI	I	nAma	puM	saptamI	dvi	grAmaRyoH
grAmaRI	I	nAma	puM	saptamI	bahu	grAmaRIzu
grAmaRI	I	nAma	puM	samboDana	eka	grAmaRIH
grAmaRI	I	nAma	puM	samboDana	dvi	grAmaRyO
grAmaRI	I	nAma	puM	samboDana	bahu	grAmaRyaH
svaBU	U	nAma	puM	praTamA	eka	svaBUH
svaBU	U	nAma	puM	praTamA	dvi	svaBuvO
svaBU	U	nAma	puM	praTamA	bahu	svaBuvaH
svaBU	U	nAma	puM	dvitIyA	eka	svaBuvam
svaBU	U	nAma	puM	dvitIyA	dvi	svaBuvO
svaBU	U	nAma	puM	dvitIyA	bahu	svaBuvaH
svaBU	U	nAma	puM	tftIyA	eka	svaBuvA
svaBU	U	nAma	puM	tftIyA	dvi	svaBUByAm
svaBU	U	nAma	puM	tftIyA	bahu	svaBUBiH
svaBU	U	nAma	puM	caturTI	eka	svaBuve
svaBU	U	nAma	puM	caturTI	dvi	svaBUByAm
svaBU	U	nAma	puM	caturTI	bahu	svaBUByaH
svaBU	U	nAma	puM	paYcamI	eka	svaBuvaH
svaBU	U	nAma	puM	paYcamI	dvi	svaBUByAm
svaBU	U	nAma	puM	paYcamI	bahu	svaBUByaH
svaBU	U	nAma	puM	zazWI	eka	svaBuvaH
svaBU	U	nAma	puM	zazWI	dvi	svaBuvoH
svaBU	U	nAma	puM	zazWI	bahu	svaBuvAm
svaBU	U	nAma	puM	saptamI	eka	svaBuvi
svaBU	U	nAma	puM	saptamI	dvi	svaBuvoH
svaBU	U	nAma	puM	saptamI	bahu	svaBUzu
svaBU	U	nAma	puM	samboDana	eka	svaBUH
svaBU	U	nAma	puM	samboDana	dvi	svaBuvO
svaBU	U	nAma	puM	samboDana	bahu	svaBuvaH
ramA	A	nAma	strI	praTamA	eka	ramA
ramA	A	nAma	strI	praTamA	dvi	rame
ramA	A	nAma	strI	praTamA	bahu	ramAH
ramA	A	nAma	strI	dvitIyA	eka	ramAm
ramA	A	nAma	strI	dvitIyA	dvi	rame
ramA	A	nAma	strI	dvitIyA	bahu	ramAH
ramA	A	nAma	strI	tftIyA	eka	ramayA
ramA	A	nAma	strI	tftIyA	dvi	ramAByAm
ramA	A	nAma	strI	tftIyA	bahu	ramABiH
ramA	A	nAma	strI	caturTI	eka	ramAyE
ramA	A	nAma	strI	caturTI	dvi	ramAByAm
ramA	A	nAma	strI	caturTI	bahu	ramAByaH
ramA	A	nAma	strI	paYcamI	eka	ramAyAH
ramA	A	nAma	strI	paYcamI	dvi	ramAByAm
ramA	A	nAma	strI	paYcamI	bahu	ramAByaH
ramA	A	nAma	strI	zazWI	eka	ramAyAH
ramA	A	nAma	strI	zazWI	dvi	ramayoH
ramA	A	nAma	strI	zazWI	bahu	ramARAm
ramA	A	nAma	strI	saptamI	eka	ramAyAm
ramA	A	nAma	strI	saptamI	dvi	ramayoH
ramA	A	nAma	strI	saptamI	bahu	ramAsu
ramA	A	nAma	strI	samboDana	eka	rame
ramA	A	nAma	strI	samboDana	dvi	he rame
ramA	A	nAma	strI	samboDana	bahu	ramAH
mati	i	nAma	strI	praTamA	eka	matiH
mati	i	nAma	strI	praTamA	dvi	matI
mati	i	nAma	strI	praTamA	bahu	matayaH
mati	i	nAma	strI	dvitIyA	eka	matim
mati	i	nAma	strI	dvitIyA	dvi	matI
mati	i	nAma	strI	dvitIyA	bahu	matIH
mati	i	nAma	strI	tftIyA	eka	matyA
mati	i	nAma	strI	tftIyA	dvi	matiByAm
mati	i	nAma	strI	tftIyA	bahu	matiBiH
mati	i	nAma	strI	caturTI	eka	matyE, mataye
mati	i	nAma	strI	caturTI	dvi	matiByAm
mati	i	nAma	strI	caturTI	bahu	matiByaH
mati	i	nAma	strI	paYcamI	eka	matyAH, mateH
mati	i	nAma	strI	paYcamI	dvi	matiByAm
mati	i	nAma	strI	paYcamI	bahu	matiByaH
mati	i	nAma	strI	zazWI	eka	matyAH, mateH
mati	i	nAma	strI	zazWI	dvi	matyoH
mati	i	nAma	strI	zazWI	bahu	matInAm
mati	i	nAma	strI	saptamI	eka	matyAm, matO
mati	i	nAma	strI	saptamI	dvi	matyoH
mati	i	nAma	strI	saptamI	bahu	matizu
mati	i	nAma	strI	samboDana	eka	mate
mati	i	nAma	strI	samboDana	dvi	he matI
mati	i	nAma	strI	samboDana	bahu	matayaH
nadI	I	nAma	strI	praTamA	eka	nadI
nadI	I	nAma	strI	praTamA	dvi	nadyO
nadI	I	nAma	strI	praTamA	bahu	nadyaH
nadI	I	nAma	strI	dvitIyA	eka	nadIm
nadI	I	nAma	strI	dvitIyA	dvi	nadyO
nadI	I	nAma	strI	dvitIyA	bahu	nadIH
nadI	I	nAma	strI	tftIyA	eka	nadyA
nadI	I	nAma	strI	tftIyA	dvi	nadIByAm
nadI	I	nAma	strI	tftIyA	bahu	nadIBiH
nadI	I	nAma	strI	caturTI	eka	nadyE
nadI	I	nAma	strI	caturTI	dvi	nadIByAm
nadI	I	nAma	strI	caturTI	bahu	nadIByaH
nadI	I	nAma	strI	paYcamI	eka	nadyAH
nadI	I	nAma	strI	paYcamI	dvi	nadIByAm
nadI	I	nAma	strI	paYcamI	bahu	nadIByaH
nadI	I	nAma	strI	zazWI	eka	nadyAH
nadI	I	nAma	strI	zazWI	dvi	nadyoH
nadI	I	nAma	strI	zazWI	bahu	nadInAm
nadI	I	nAma	strI	saptamI	eka	nadyAm
nadI	I	nAma	strI	saptamI	dvi	nadyoH
nadI	I	nAma	strI	saptamI	bahu	nadIzu
nadI	I	nAma	strI	samboDana	eka	nadi
nadI	I	nAma	strI	samboDana	dvi	he nadyO
nadI	I	nAma	strI	samboDana	bahu	nadyaH
Denu	u	nAma	strI	praTamA	eka	DenuH
Denu	u	nAma	strI	praTamA	dvi	DenU
Denu	u	nAma	strI	praTamA	bahu	DenavaH
Denu	u	nAma	strI	dvitIyA	eka	Denum
Denu	u	nAma	strI	dvitIyA	dvi	DenU
Denu	u	nAma	strI	dvitIyA	bahu	DenUH
Denu	u	nAma	strI	tftIyA	eka	DenvA
Denu	u	nAma	strI	tftIyA	dvi	DenuByAm
Denu	u	nAma	strI	tftIyA	bahu	DenuBiH
Denu	u	nAma	strI	caturTI	eka	DenvE, Denave
Denu	u	nAma	strI	caturTI	dvi	DenuByAm
Denu	u	nAma	strI	caturTI	bahu	DenuByaH
Denu	u	nAma	strI	paYcamI	eka	DenvAH, DenoH
Denu	u	nAma	strI	paYcamI	dvi	DenuByAm
Denu	u	nAma	strI	paYcamI	bahu	DenuByaH
Denu	u	nAma	strI	zazWI	eka	DenvAH, DenoH
Denu	u	nAma	strI	zazWI	dvi	DenvoH
Denu	u	nAma	strI	zazWI	bahu	DenUnAm
Denu	u	nAma	strI	saptamI	eka	DenvAm, DenO
Denu	u	nAma	strI	saptamI	dvi	DenvoH
Denu	u	nAma	strI	saptamI	bahu	Denuzu
Denu	u	nAma	strI	samboDana	eka	Deno
Denu	u	nAma	strI	samboDana	dvi	he DenU
Denu	u	nAma	strI	samboDana	bahu	DenavaH
vaDU	U	nAma	strI	praTamA	eka	vaDUH
vaDU	U	nAma	strI	praTamA	dvi	vaDvO
vaDU	U	nAma	strI	praTamA	bahu	vaDvaH
vaDU	U	nAma	strI	dvitIyA	eka	vaDUm
vaDU	U	nAma	strI	dvitIyA	dvi	vaDvO
vaDU	U	nAma	strI	dvitIyA	bahu	vaDUH
vaDU	U	nAma	strI	tftIyA	eka	vaDvA
vaDU	U	nAma	strI	tftIyA	dvi	vaDUByAm
vaDU	U	nAma	strI	tftIyA	bahu	vaDUBiH
vaDU	U	nAma	strI	caturTI	eka	vaDvE
vaDU	U	nAma	strI	caturTI	dvi	vaDUByAm
vaDU	U	nAma	strI	caturTI	bahu	vaDUByaH
vaDU	U	nAma	strI	paYcamI	eka	vaDvAH
vaDU	U	nAma	strI	paYcamI	dvi	vaDUByAm
vaDU	U	nAma	strI	paYcamI	bahu	vaDUByaH
vaDU	U	nAma	strI	zazWI	eka	vaDvAH
vaDU	U	nAma	strI	zazWI	dvi	vaDvoH
vaDU	U	nAma	strI	zazWI	bahu	vaDUnAm
vaDU	U	nAma	strI	saptamI	eka	vaDvAm
vaDU	U	nAma	strI	saptamI	dvi	vaDvoH
vaDU	U	nAma	strI	saptamI	bahu	vaDUzu
vaDU	U	nAma	strI	samboDana	eka	vaDu
vaDU	U	nAma	strI	samboDana	dvi	vaDvO
vaDU	U	nAma	strI	samboDana	bahu	vaDvaH
svasf	f	nAma	strI	praTamA	eka	svasA
svasf	f	nAma	strI	praTamA	dvi	svasArO
svasf	f	nAma	strI	praTamA	bahu	svasAraH
svasf	f	nAma	strI	dvitIyA	eka	svasAram
svasf	f	nAma	strI	dvitIyA	dvi	svasArO
svasf	f	nAma	strI	dvitIyA	bahu	svasfH
svasf	f	nAma	strI	tftIyA	eka	svasrA
svasf	f	nAma	strI	tftIyA	dvi	svasfByAm
svasf	f	nAma	strI	tftIyA	bahu	svasfBiH
svasf	f	nAma	strI	caturTI	eka	svasre
svasf	f	nAma	strI	caturTI	dvi	svasfByAm
svasf	f	nAma	strI	caturTI	bahu	svasfByaH
svasf	f	nAma	strI	paYcamI	eka	svasuH
svasf	f	nAma	strI	paYcamI	dvi	svasfByAm
svasf	f	nAma	strI	paYcamI	bahu	svasfByaH
svasf	f	nAma	strI	zazWI	eka	svasuH
svasf	f	nAma	strI	zazWI	dvi	svastroH
svasf	f	nAma	strI	zazWI	bahu	svasFRAm
svasf	f	nAma	strI	saptamI	eka	svasari
svasf	f	nAma	strI	saptamI	dvi	svastroH
svasf	f	nAma	strI	saptamI	bahu	svasfzu
svasf	f	nAma	strI	samboDana	eka	svasaH
svasf	f	nAma	strI	samboDana	dvi	he svasArO
svasf	f	nAma	strI	samboDana	bahu	svasAraH
rE	E	nAma	strI	praTamA	eka	rAH
rE	E	nAma	strI	praTamA	dvi	rAyO
rE	E	nAma	strI	praTamA	bahu	rAyaH
rE	E	nAma	strI	dvitIyA	eka	rAyam
rE	E	nAma	strI	dvitIyA	dvi	rAyO
rE	E	nAma	strI	dvitIyA	bahu	rAyaH
rE	E	nAma	strI	tftIyA	eka	rAyA
rE	E	nAma	strI	tftIyA	dvi	rAByAm
rE	E	nAma	strI	tftIyA	bahu	rABiH
rE	E	nAma	strI	caturTI	eka	rAyE
rE	E	nAma	strI	caturTI	dvi	rAByAm
rE	E	nAma	strI	caturTI	bahu	rAByaH
rE	E	nAma	strI	paYcamI	eka	rAyaH
rE	E	nAma	strI	paYcamI	dvi	rAByAm
rE	E	nAma	strI	paYcamI	bahu	rAByaH
rE	E	nAma	strI	zazWI	eka	rAyaH
rE	E	nAma	strI	zazWI	dvi	rAyoH
rE	E	nAma	strI	zazWI	bahu	rAyAm
rE	E	nAma	strI	saptamI	eka	rAyi
rE	E	nAma	strI	saptamI	dvi	rAyoH
rE	E	nAma	strI	saptamI	bahu	rAsu
rE	E	nAma	strI	samboDana	eka	rAH
rE	E	nAma	strI	samboDana	dvi	rAyO
rE	E	nAma	strI	samboDana	bahu	rAyaH
go	o	nAma	strI	praTamA	eka	gOH
go	o	nAma	strI	praTamA	dvi	gAvO
go	o	nAma	strI	praTamA	bahu	gAvaH
go	o	nAma	strI	dvitIyA	eka	gAm
go	o	nAma	strI	dvitIyA	dvi	gAvO
go	o	nAma	strI	dvitIyA	bahu	gAH
go	o	nAma	strI	tftIyA	eka	gavA
go	o	nAma	strI	tftIyA	dvi	goByAm
go	o	nAma	strI	tftIyA	bahu	goBiH
go	o	nAma	strI	caturTI	eka	gave
go	o	nAma	strI	caturTI	dvi	goByAm
go	o	nAma	strI	caturTI	bahu	goByaH
go	o	nAma	strI	paYcamI	eka	goH
go	o	nAma	strI	paYcamI	dvi	goByAm
go	o	nAma	strI	paYcamI	bahu	goByaH
go	o	nAma	strI	zazWI	eka	goH
go	o	nAma	strI	zazWI	dvi	gavoH
go	o	nAma	strI	zazWI	bahu	gavAm
go	o	nAma	strI	saptamI	eka	gavi
go	o	nAma	strI	saptamI	dvi	gavoH
go	o	nAma	strI	saptamI	bahu	gozu
go	o	nAma	strI	samboDana	eka	gOH
go	o	nAma	strI	samboDana	dvi	gAvO
go	o	nAma	strI	samboDana	bahu	gAvaH
nO	O	nAma	strI	praTamA	eka	nOH
nO	O	nAma	strI	praTamA	dvi	glAvO
nO	O	nAma	strI	praTamA	bahu	nAvaH
nO	O	nAma	strI	dvitIyA	eka	nAvam
nO	O	nAma	strI	dvitIyA	dvi	glAvO
nO	O	nAma	strI	dvitIyA	bahu	nAvaH
nO	O	nAma	strI	tftIyA	eka	nAvA
nO	O	nAma	strI	tftIyA	dvi	glOByAm
nO	O	nAma	strI	tftIyA	bahu	nOBiH
nO	O	nAma	strI	caturTI	eka	nAve
nO	O	nAma	strI	caturTI	dvi	glOByAm
nO	O	nAma	strI	caturTI	bahu	nOByaH
nO	O	nAma	strI	paYcamI	eka	nAvaH
nO	O	nAma	strI	paYcamI	dvi	glOByAm
nO	O	nAma	strI	paYcamI	bahu	nOByaH
nO	O	nAma	strI	zazWI	eka	nAvaH
nO	O	nAma	strI	zazWI	dvi	glAvoH
nO	O	nAma	strI	zazWI	bahu	nAvAm
nO	O	nAma	strI	saptamI	eka	nAvi
nO	O	nAma	strI	saptamI	dvi	glAvoH
nO	O	nAma	strI	saptamI	bahu	nOzu
nO	O	nAma	strI	samboDana	eka	nOH
nO	O	nAma	strI	samboDana	dvi	glAvO
nO	O	nAma	strI	samboDana	bahu	nAvaH
vAc	c	nAma	strI	praTamA	eka	vAk-g
vAc	c	nAma	strI	praTamA	dvi	vAcO
vAc	c	nAma	strI	praTamA	bahu	vAcaH
vAc	c	nAma	strI	dvitIyA	eka	vAcam
vAc	c	nAma	strI	dvitIyA	dvi	vAcO
vAc	c	nAma	strI	dvitIyA	bahu	vAcaH
vAc	c	nAma	strI	tftIyA	eka	vAcA
vAc	c	nAma	strI	tftIyA	dvi	vAgByAm
vAc	c	nAma	strI	tftIyA	bahu	vAgBiH
vAc	c	nAma	strI	caturTI	eka	vAce
vAc	c	nAma	strI	caturTI	dvi	vAgByAm
vAc	c	nAma	strI	caturTI	bahu	vAgByaH
vAc	c	nAma	strI	paYcamI	eka	vAcaH
vAc	c	nAma	strI	paYcamI	dvi	vAgByAm
vAc	c	nAma	strI	paYcamI	bahu	vAgByaH
vAc	c	nAma	strI	zazWI	eka	vAcaH
vAc	c	nAma	strI	zazWI	dvi	vAcoH
vAc	c	nAma	strI	zazWI	bahu	vAcAm
vAc	c	nAma	strI	saptamI	eka	vAci
vAc	c	nAma	strI	saptamI	dvi	vAcoH
vAc	c	nAma	strI	saptamI	bahu	vAkzu
vAc	c	nAma	strI	samboDana	eka	vAk-g
vAc	c	nAma	strI	samboDana	dvi	vAcO
vAc	c	nAma	strI	samboDana	bahu	vAcaH
sraj	j	nAma	strI	praTamA	eka	srak
sraj	j	nAma	strI	praTamA	dvi	srajO
sraj	j	nAma	strI	praTamA	bahu	srajaH
sraj	j	nAma	strI	dvitIyA	eka	srajam
sraj	j	nAma	strI	dvitIyA	dvi	srajO
sraj	j	nAma	strI	dvitIyA	bahu	srajaH
sraj	j	nAma	strI	tftIyA	eka	srajA
sraj	j	nAma	strI	tftIyA	dvi	sragByAm
sraj	j	nAma	strI	tftIyA	bahu	sragBiH
sraj	j	nAma	strI	caturTI	eka	sraje
sraj	j	nAma	strI	caturTI	dvi	sragByAm
sraj	j	nAma	strI	caturTI	bahu	sragByaH
sraj	j	nAma	strI	paYcamI	eka	srajaH
sraj	j	nAma	strI	paYcamI	dvi	sragByAm
sraj	j	nAma	strI	paYcamI	bahu	sragByaH
sraj	j	nAma	strI	zazWI	eka	srajaH
sraj	j	nAma	strI	zazWI	dvi	srajoH
sraj	j	nAma	strI	zazWI	bahu	srajAm
sraj	j	nAma	strI	saptamI	eka	sraji
sraj	j	nAma	strI	saptamI	dvi	srajoH
sraj	j	nAma	strI	saptamI	bahu	srakzu
sraj	j	nAma	strI	samboDana	eka	srak
sraj	j	nAma	strI	samboDana	dvi	srajO
sraj	j	nAma	strI	samboDana	bahu	srajaH
sarit	t	nAma	strI	praTamA	eka	sarit
sarit	t	nAma	strI	praTamA	dvi	saritO
sarit	t	nAma	strI	praTamA	bahu	saritaH
sarit	t	nAma	strI	dvitIyA	eka	saritam
sarit	t	nAma	strI	dvitIyA	dvi	saritO
sarit	t	nAma	strI	dvitIyA	bahu	saritaH
sarit	t	nAma	strI	tftIyA	eka	saritA
sarit	t	nAma	strI	tftIyA	dvi	saridByAm
sarit	t	nAma	strI	tftIyA	bahu	saridBiH
sarit	t	nAma	strI	caturTI	eka	sarite
sarit	t	nAma	strI	caturTI	dvi	saridByAm
sarit	t	nAma	strI	caturTI	bahu	saridByaH
sarit	t	nAma	strI	paYcamI	eka	saritaH
sarit	t	nAma	strI	paYcamI	dvi	saridByAm
sarit	t	nAma	strI	paYcamI	bahu	saridByaH
sarit	t	nAma	strI	zazWI	eka	saritaH
sarit	t	nAma	strI	zazWI	dvi	saritoH
sarit	t	nAma	strI	zazWI	bahu	saritAm
sarit	t	nAma	strI	saptamI	eka	sariti
sarit	t	nAma	strI	saptamI	dvi	saritoH
sarit	t	nAma	strI	saptamI	bahu	saritsu
sarit	t	nAma	strI	samboDana	eka	sarit
sarit	t	nAma	strI	samboDana	dvi	saritO
sarit	t	nAma	strI	samboDana	bahu	saritaH
Apad	d	nAma	strI	praTamA	eka	Apad
Apad	d	nAma	strI	praTamA	dvi	ApadO
Apad	d	nAma	strI	praTamA	bahu	ApadaH
Apad	d	nAma	strI	dvitIyA	eka	Apadam
Apad	d	nAma	strI	dvitIyA	dvi	ApadO
Apad	d	nAma	strI	dvitIyA	bahu	ApadaH
Apad	d	nAma	strI	tftIyA	eka	ApadA
Apad	d	nAma	strI	tftIyA	dvi	ApadByAm
Apad	d	nAma	strI	tftIyA	bahu	ApadBiH
Apad	d	nAma	strI	caturTI	eka	Apade
Apad	d	nAma	strI	caturTI	dvi	ApadByAm
Apad	d	nAma	strI	caturTI	bahu	ApadByaH
Apad	d	nAma	strI	paYcamI	eka	ApadaH
Apad	d	nAma	strI	paYcamI	dvi	ApadByAm
Apad	d	nAma	strI	paYcamI	bahu	ApadByaH
Apad	d	nAma	strI	zazWI	eka	ApadaH
Apad	d	nAma	strI	zazWI	dvi	ApadoH
Apad	d	nAma	strI	zazWI	bahu	ApadByAm
Apad	d	nAma	strI	saptamI	eka	Apadi
Apad	d	nAma	strI	saptamI	dvi	ApadoH
Apad	d	nAma	strI	saptamI	bahu	Apatsu
Apad	d	nAma	strI	samboDana	eka	Apad
Apad	d	nAma	strI	samboDana	dvi	ApadO
Apad	d	nAma	strI	samboDana	bahu	ApadaH
samiD	D	nAma	strI	praTamA	eka	samit
samiD	D	nAma	strI	praTamA	dvi	samiDO
samiD	D	nAma	strI	praTamA	bahu	samiDaH
samiD	D	nAma	strI	dvitIyA	eka	samiDam
samiD	D	nAma	strI	dvitIyA	dvi	samiDO
samiD	D	nAma	strI	dvitIyA	bahu	samiDaH
samiD	D	nAma	strI	tftIyA	eka	samiDA
samiD	D	nAma	strI	tftIyA	dvi	samidByAm
samiD	D	nAma	strI	tftIyA	bahu	samidBiH
samiD	D	nAma	strI	caturTI	eka	samiDe
samiD	D	nAma	strI	caturTI	dvi	samidByAm
samiD	D	nAma	strI	caturTI	bahu	samidByaH
samiD	D	nAma	strI	paYcamI	eka	samiDaH
samiD	D	nAma	strI	paYcamI	dvi	samidByAm
samiD	D	nAma	strI	paYcamI	bahu	samidByaH
samiD	D	nAma	strI	zazWI	eka	samiDaH
samiD	D	nAma	strI	zazWI	dvi	samiDoH
samiD	D	nAma	strI	zazWI	bahu	samiDAm
samiD	D	nAma	strI	saptamI	eka	samiDi
samiD	D	nAma	strI	saptamI	dvi	samiDoH
samiD	D	nAma	strI	saptamI	bahu	samitsu
samiD	D	nAma	strI	samboDana	eka	samit
samiD	D	nAma	strI	samboDana	dvi	samiDO
samiD	D	nAma	strI	samboDana	bahu	samiDaH
sIman	n	nAma	strI	praTamA	eka	sImA
sIman	n	nAma	strI	praTamA	dvi	sImnO
sIman	n	nAma	strI	praTamA	bahu	sImAnaH
sIman	n	nAma	strI	dvitIyA	eka	sImAnam
sIman	n	nAma	strI	dvitIyA	dvi	sImnO
sIman	n	nAma	strI	dvitIyA	bahu	sImnaH
sIman	n	nAma	strI	tftIyA	eka	sImnA
sIman	n	nAma	strI	tftIyA	dvi	sImaByAm
sIman	n	nAma	strI	tftIyA	bahu	sImaBiH
sIman	n	nAma	strI	caturTI	eka	sImne
sIman	n	nAma	strI	caturTI	dvi	sImaByAm
sIman	n	nAma	strI	caturTI	bahu	sImaByaH
sIman	n	nAma	strI	paYcamI	eka	sImnaH
sIman	n	nAma	strI	paYcamI	dvi	sImaByAm
sIman	n	nAma	strI	paYcamI	bahu	sImaByaH
sIman	n	nAma	strI	zazWI	eka	sImnaH
sIman	n	nAma	strI	zazWI	dvi	sImnoH
sIman	n	nAma	strI	zazWI	bahu	sImnAm
sIman	n	nAma	strI	saptamI	eka	sImni
sIman	n	nAma	strI	saptamI	dvi	sImnoH
sIman	n	nAma	strI	saptamI	bahu	sImasu
sIman	n	nAma	strI	samboDana	eka	sIman
sIman	n	nAma	strI	samboDana	dvi	sImnO
sIman	n	nAma	strI	samboDana	bahu	sImAnaH
ap	p	nAma	strI	praTamA	eka	
ap	p	nAma	strI	praTamA	dvi	
ap	p	nAma	strI	praTamA	bahu	ApaH
ap	p	nAma	strI	dvitIyA	eka	
ap	p	nAma	strI	dvitIyA	dvi	
ap	p	nAma	strI	dvitIyA	bahu	apaH
ap	p	nAma	strI	tftIyA	eka	
ap	p	nAma	strI	tftIyA	dvi	
ap	p	nAma	strI	tftIyA	bahu	adBiH
ap	p	nAma	strI	caturTI	eka	
ap	p	nAma	strI	caturTI	dvi	
ap	p	nAma	strI	caturTI	bahu	adByaH
ap	p	nAma	strI	paYcamI	eka	
ap	p	nAma	strI	paYcamI	dvi	
ap	p	nAma	strI	paYcamI	bahu	adByaH
ap	p	nAma	strI	zazWI	eka	
ap	p	nAma	strI	zazWI	dvi	
ap	p	nAma	strI	zazWI	bahu	apAm
ap	p	nAma	strI	saptamI	eka	
ap	p	nAma	strI	saptamI	dvi	
ap	p	nAma	strI	saptamI	bahu	apsu
ap	p	nAma	strI	samboDana	eka	
ap	p	nAma	strI	samboDana	dvi	
ap	p	nAma	strI	samboDana	bahu	ApaH
kakuB	B	nAma	strI	praTamA	eka	kakup
kakuB	B	nAma	strI	praTamA	dvi	kakuBaH
kakuB	B	nAma	strI	praTamA	bahu	kakuBaH
kakuB	B	nAma	strI	dvitIyA	eka	kakuBam
kakuB	B	nAma	strI	dvitIyA	dvi	kakuBaH
kakuB	B	nAma	strI	dvitIyA	bahu	kakuBaH
kakuB	B	nAma	strI	tftIyA	eka	kakuBA
kakuB	B	nAma	strI	tftIyA	dvi	kakubBiH
kakuB	B	nAma	strI	tftIyA	bahu	kakubBiH
kakuB	B	nAma	strI	caturTI	eka	kakuBe
kakuB	B	nAma	strI	caturTI	dvi	kakubByaH
kakuB	B	nAma	strI	caturTI	bahu	kakubByaH
kakuB	B	nAma	strI	paYcamI	eka	kakuBaH
kakuB	B	nAma	strI	paYcamI	dvi	kakubByaH
kakuB	B	nAma	strI	paYcamI	bahu	kakubByaH
kakuB	B	nAma	strI	zazWI	eka	kakuBaH
kakuB	B	nAma	strI	zazWI	dvi	kakuBAm
kakuB	B	nAma	strI	zazWI	bahu	kakuBAm
kakuB	B	nAma	strI	saptamI	eka	kakuBi
kakuB	B	nAma	strI	saptamI	dvi	kakupsu
kakuB	B	nAma	strI	saptamI	bahu	kakupsu
kakuB	B	nAma	strI	samboDana	eka	kakup
kakuB	B	nAma	strI	samboDana	dvi	kakuBaH
kakuB	B	nAma	strI	samboDana	bahu	kakuBaH
gir	r	nAma	strI	praTamA	eka	gIH
gir	r	nAma	strI	praTamA	dvi	giraH
gir	r	nAma	strI	praTamA	bahu	giraH
gir	r	nAma	strI	dvitIyA	eka	giram
gir	r	nAma	strI	dvitIyA	dvi	giraH
gir	r	nAma	strI	dvitIyA	bahu	giraH
gir	r	nAma	strI	tftIyA	eka	girA
gir	r	nAma	strI	tftIyA	dvi	gIrBiH
gir	r	nAma	strI	tftIyA	bahu	gIrBiH
gir	r	nAma	strI	caturTI	eka	gire
gir	r	nAma	strI	caturTI	dvi	gIrByaH
gir	r	nAma	strI	caturTI	bahu	gIrByaH
gir	r	nAma	strI	paYcamI	eka	giraH
gir	r	nAma	strI	paYcamI	dvi	gIrByaH
gir	r	nAma	strI	paYcamI	bahu	gIrByaH
gir	r	nAma	strI	zazWI	eka	giraH
gir	r	nAma	strI	zazWI	dvi	girAm
gir	r	nAma	strI	zazWI	bahu	girAm
gir	r	nAma	strI	saptamI	eka	giri
gir	r	nAma	strI	saptamI	dvi	gIrzu
gir	r	nAma	strI	saptamI	bahu	gIrzu
gir	r	nAma	strI	samboDana	eka	gIH
gir	r	nAma	strI	samboDana	dvi	giraH
gir	r	nAma	strI	samboDana	bahu	giraH
div	v	nAma	strI	praTamA	eka	dyOH
div	v	nAma	strI	praTamA	dvi	divO
div	v	nAma	strI	praTamA	bahu	divaH
div	v	nAma	strI	dvitIyA	eka	divam
div	v	nAma	strI	dvitIyA	dvi	divO
div	v	nAma	strI	dvitIyA	bahu	divaH
div	v	nAma	strI	tftIyA	eka	divA
div	v	nAma	strI	tftIyA	dvi	dyuByAm
div	v	nAma	strI	tftIyA	bahu	dyuBiH
div	v	nAma	strI	caturTI	eka	dive
div	v	nAma	strI	caturTI	dvi	dyuByAm
div	v	nAma	strI	caturTI	bahu	dyuByaH
div	v	nAma	strI	paYcamI	eka	divaH
div	v	nAma	strI	paYcamI	dvi	dyuByAm
div	v	nAma	strI	paYcamI	bahu	dyuByaH
div	v	nAma	strI	zazWI	eka	divaH
div	v	nAma	strI	zazWI	dvi	divoH
div	v	nAma	strI	zazWI	bahu	divAm
div	v	nAma	strI	saptamI	eka	divi
div	v	nAma	strI	saptamI	dvi	divoH
div	v	nAma	strI	saptamI	bahu	dyuzu
div	v	nAma	strI	samboDana	eka	dyOH
div	v	nAma	strI	samboDana	dvi	divO
div	v	nAma	strI	samboDana	bahu	divaH
diS	S	nAma	strI	praTamA	eka	dik
diS	S	nAma	strI	praTamA	dvi	diSO
diS	S	nAma	strI	praTamA	bahu	diSaH
diS	S	nAma	strI	dvitIyA	eka	diSam
diS	S	nAma	strI	dvitIyA	dvi	diSO
diS	S	nAma	strI	dvitIyA	bahu	diSaH
diS	S	nAma	strI	tftIyA	eka	diSA
diS	S	nAma	strI	tftIyA	dvi	digByAm
diS	S	nAma	strI	tftIyA	bahu	digBiH
diS	S	nAma	strI	caturTI	eka	diSe
diS	S	nAma	strI	caturTI	dvi	digByAm
diS	S	nAma	strI	caturTI	bahu	digByaH
diS	S	nAma	strI	paYcamI	eka	diSaH
diS	S	nAma	strI	paYcamI	dvi	digByAm
diS	S	nAma	strI	paYcamI	bahu	digByaH
diS	S	nAma	strI	zazWI	eka	diSaH
diS	S	nAma	strI	zazWI	dvi	diSoH
diS	S	nAma	strI	zazWI	bahu	diSAm
diS	S	nAma	strI	saptamI	eka	diSi
diS	S	nAma	strI	saptamI	dvi	diSoH
diS	S	nAma	strI	saptamI	bahu	dikzu
diS	S	nAma	strI	samboDana	eka	dik
diS	S	nAma	strI	samboDana	dvi	diSO
diS	S	nAma	strI	samboDana	bahu	diSaH
prAvfz	z	nAma	strI	praTamA	eka	prAvfw
prAvfz	z	nAma	strI	praTamA	dvi	prAvfzO
prAvfz	z	nAma	strI	praTamA	bahu	prAvfzaH
prAvfz	z	nAma	strI	dvitIyA	eka	prAvfzam
prAvfz	z	nAma	strI	dvitIyA	dvi	prAvfzO
prAvfz	z	nAma	strI	dvitIyA	bahu	prAvfzaH
prAvfz	z	nAma	strI	tftIyA	eka	prAvfzA
prAvfz	z	nAma	strI	tftIyA	dvi	prAvfqByAm
prAvfz	z	nAma	strI	tftIyA	bahu	prAvfqBiH
prAvfz	z	nAma	strI	caturTI	eka	prAvfze
prAvfz	z	nAma	strI	caturTI	dvi	prAvfqByAm
prAvfz	z	nAma	strI	caturTI	bahu	prAvfqByaH
prAvfz	z	nAma	strI	paYcamI	eka	prAvfzaH
prAvfz	z	nAma	strI	paYcamI	dvi	prAvfqByAm
prAvfz	z	nAma	strI	paYcamI	bahu	prAvfqByaH
prAvfz	z	nAma	strI	zazWI	eka	prAvfzaH
prAvfz	z	nAma	strI	zazWI	dvi	prAvfzoH
prAvfz	z	nAma	strI	zazWI	bahu	prAvfzAm
prAvfz	z	nAma	strI	saptamI	eka	prAvfzi
prAvfz	z	nAma	strI	saptamI	dvi	prAvfzoH
prAvfz	z	nAma	strI	saptamI	bahu	prAvfzu
prAvfz	z	nAma	strI	samboDana	eka	prAvfw
prAvfz	z	nAma	strI	samboDana	dvi	prAvfzO
prAvfz	z	nAma	strI	samboDana	bahu	prAvfzaH
BAs	s	nAma	strI	praTamA	eka	BAH
BAs	s	nAma	strI	praTamA	dvi	BAsO
BAs	s	nAma	strI	praTamA	bahu	BAsaH
BAs	s	nAma	strI	dvitIyA	eka	BAsam
BAs	s	nAma	strI	dvitIyA	dvi	BAsO
BAs	s	nAma	strI	dvitIyA	bahu	BAsaH
BAs	s	nAma	strI	tftIyA	eka	BAsA
BAs	s	nAma	strI	tftIyA	dvi	BAByAm
BAs	s	nAma	strI	tftIyA	bahu	BABiH
BAs	s	nAma	strI	caturTI	eka	BAse
BAs	s	nAma	strI	caturTI	dvi	BAByAm
BAs	s	nAma	strI	caturTI	bahu	BAByaH
BAs	s	nAma	strI	paYcamI	eka	BAsaH
BAs	s	nAma	strI	paYcamI	dvi	BAByAm
BAs	s	nAma	strI	paYcamI	bahu	BAByaH
BAs	s	nAma	strI	zazWI	eka	BAsaH
BAs	s	nAma	strI	zazWI	dvi	BAsoH
BAs	s	nAma	strI	zazWI	bahu	BAsAm
BAs	s	nAma	strI	saptamI	eka	BAsi
BAs	s	nAma	strI	saptamI	dvi	BAsoH
BAs	s	nAma	strI	saptamI	bahu	BAsu
BAs	s	nAma	strI	samboDana	eka	BAH
BAs	s	nAma	strI	samboDana	dvi	BAsO
BAs	s	nAma	strI	samboDana	bahu	BAsaH
upAnah	h	nAma	strI	praTamA	eka	upAnat
upAnah	h	nAma	strI	praTamA	dvi	upAnahaH
upAnah	h	nAma	strI	praTamA	bahu	upAnahaH
upAnah	h	nAma	strI	dvitIyA	eka	upAnaham
upAnah	h	nAma	strI	dvitIyA	dvi	upAnahaH
upAnah	h	nAma	strI	dvitIyA	bahu	upAnahaH
upAnah	h	nAma	strI	tftIyA	eka	upAnahA
upAnah	h	nAma	strI	tftIyA	dvi	upAnadBiH
upAnah	h	nAma	strI	tftIyA	bahu	upAnadBiH
upAnah	h	nAma	strI	caturTI	eka	upAnahe
upAnah	h	nAma	strI	caturTI	dvi	upAnadByaH
upAnah	h	nAma	strI	caturTI	bahu	upAnadByaH
upAnah	h	nAma	strI	paYcamI	eka	upAnahaH
upAnah	h	nAma	strI	paYcamI	dvi	upAnadByaH
upAnah	h	nAma	strI	paYcamI	bahu	upAnadByaH
upAnah	h	nAma	strI	zazWI	eka	upAnahaH
upAnah	h	nAma	strI	zazWI	dvi	upAnahAm
upAnah	h	nAma	strI	zazWI	bahu	upAnahAm
upAnah	h	nAma	strI	saptamI	eka	upAnahi
upAnah	h	nAma	strI	saptamI	dvi	upAnatsu
upAnah	h	nAma	strI	saptamI	bahu	upAnatsu
upAnah	h	nAma	strI	samboDana	eka	upAnat
upAnah	h	nAma	strI	samboDana	dvi	upAnahaH
upAnah	h	nAma	strI	samboDana	bahu	upAnahaH
Pala	a	nAma	napuMsaka	praTamA	eka	Palam
Pala	a	nAma	napuMsaka	praTamA	dvi	Pale
Pala	a	nAma	napuMsaka	praTamA	bahu	PalAni
Pala	a	nAma	napuMsaka	dvitIyA	eka	Palam
Pala	a	nAma	napuMsaka	dvitIyA	dvi	Pale
Pala	a	nAma	napuMsaka	dvitIyA	bahu	PalAni
Pala	a	nAma	napuMsaka	tftIyA	eka	Palena
Pala	a	nAma	napuMsaka	tftIyA	dvi	PalAByAm
Pala	a	nAma	napuMsaka	tftIyA	bahu	PalEH
Pala	a	nAma	napuMsaka	caturTI	eka	PalAya
Pala	a	nAma	napuMsaka	caturTI	dvi	PalAByAm
Pala	a	nAma	napuMsaka	caturTI	bahu	PaleByaH
Pala	a	nAma	napuMsaka	paYcamI	eka	PalAt
Pala	a	nAma	napuMsaka	paYcamI	dvi	PalAByAm
Pala	a	nAma	napuMsaka	paYcamI	bahu	PaleByaH
Pala	a	nAma	napuMsaka	zazWI	eka	Palasya
Pala	a	nAma	napuMsaka	zazWI	dvi	PalayoH
Pala	a	nAma	napuMsaka	zazWI	bahu	PalAnAm
Pala	a	nAma	napuMsaka	saptamI	eka	Pale
Pala	a	nAma	napuMsaka	saptamI	dvi	PalayoH
Pala	a	nAma	napuMsaka	saptamI	bahu	Palezu
Pala	a	nAma	napuMsaka	samboDana	eka	Pala
Pala	a	nAma	napuMsaka	samboDana	dvi	Pale
Pala	a	nAma	napuMsaka	samboDana	bahu	he Pala
vAri	i 	nAma	napuMsaka	praTamA	eka	vAri
vAri	i 	nAma	napuMsaka	praTamA	dvi	vArI
vAri	i 	nAma	napuMsaka	praTamA	bahu	vArIRi
vAri	i 	nAma	napuMsaka	dvitIyA	eka	vAri
vAri	i 	nAma	napuMsaka	dvitIyA	dvi	vArI
vAri	i 	nAma	napuMsaka	dvitIyA	bahu	vArIRi
vAri	i 	nAma	napuMsaka	tftIyA	eka	vAriRA
vAri	i 	nAma	napuMsaka	tftIyA	dvi	vArByAm
vAri	i 	nAma	napuMsaka	tftIyA	bahu	vAriBiH
vAri	i 	nAma	napuMsaka	caturTI	eka	vAriRe
vAri	i 	nAma	napuMsaka	caturTI	dvi	vArByAm
vAri	i 	nAma	napuMsaka	caturTI	bahu	vAriByaH
vAri	i 	nAma	napuMsaka	paYcamI	eka	vAriRaH
vAri	i 	nAma	napuMsaka	paYcamI	dvi	vArByAm
vAri	i 	nAma	napuMsaka	paYcamI	bahu	vAriByaH
vAri	i 	nAma	napuMsaka	zazWI	eka	vAriRaH
vAri	i 	nAma	napuMsaka	zazWI	dvi	vAroH
vAri	i 	nAma	napuMsaka	zazWI	bahu	vArIRAm
vAri	i 	nAma	napuMsaka	saptamI	eka	vAriRi
vAri	i 	nAma	napuMsaka	saptamI	dvi	vAroH
vAri	i 	nAma	napuMsaka	saptamI	bahu	vArIzu
vAri	i 	nAma	napuMsaka	samboDana	eka	vAri
vAri	i 	nAma	napuMsaka	samboDana	dvi	he vArI
vAri	i 	nAma	napuMsaka	samboDana	bahu	vArIRi
maDu	u	nAma	napuMsaka	praTamA	eka	maDu
maDu	u	nAma	napuMsaka	praTamA	dvi	maDunI
maDu	u	nAma	napuMsaka	praTamA	bahu	maDUni
maDu	u	nAma	napuMsaka	dvitIyA	eka	maDu
maDu	u	nAma	napuMsaka	dvitIyA	dvi	maDunI
maDu	u	nAma	napuMsaka	dvitIyA	bahu	maDUni
maDu	u	nAma	napuMsaka	tftIyA	eka	maDunA
maDu	u	nAma	napuMsaka	tftIyA	dvi	maDuByAm
maDu	u	nAma	napuMsaka	tftIyA	bahu	maDuBiH
maDu	u	nAma	napuMsaka	caturTI	eka	maDune
maDu	u	nAma	napuMsaka	caturTI	dvi	maDuByAm
maDu	u	nAma	napuMsaka	caturTI	bahu	maDuByaH
maDu	u	nAma	napuMsaka	paYcamI	eka	maDunaH
maDu	u	nAma	napuMsaka	paYcamI	dvi	maDuByAm
maDu	u	nAma	napuMsaka	paYcamI	bahu	maDuByaH
maDu	u	nAma	napuMsaka	zazWI	eka	maDunaH
maDu	u	nAma	napuMsaka	zazWI	dvi	maDunoH
maDu	u	nAma	napuMsaka	zazWI	bahu	maDUnAm
maDu	u	nAma	napuMsaka	saptamI	eka	maDuni
maDu	u	nAma	napuMsaka	saptamI	dvi	maDunoH
maDu	u	nAma	napuMsaka	saptamI	bahu	maDuzu
maDu	u	nAma	napuMsaka	samboDana	eka	maDo, maDu
maDu	u	nAma	napuMsaka	samboDana	dvi	he maDunI
maDu	u	nAma	napuMsaka	samboDana	bahu	maDUni
dAtf	f	nAma	napuMsaka	praTamA	eka	dAtf
dAtf	f	nAma	napuMsaka	praTamA	dvi	dAtfRI
dAtf	f	nAma	napuMsaka	praTamA	bahu	dAtFRi
dAtf	f	nAma	napuMsaka	dvitIyA	eka	dAtf
dAtf	f	nAma	napuMsaka	dvitIyA	dvi	dAtfRI
dAtf	f	nAma	napuMsaka	dvitIyA	bahu	dAtFRi
dAtf	f	nAma	napuMsaka	tftIyA	eka	dAtfRA
dAtf	f	nAma	napuMsaka	tftIyA	dvi	dAtfByAm
dAtf	f	nAma	napuMsaka	tftIyA	bahu	dAtfBiH
dAtf	f	nAma	napuMsaka	caturTI	eka	dAtfRe
dAtf	f	nAma	napuMsaka	caturTI	dvi	dAtfByAm
dAtf	f	nAma	napuMsaka	caturTI	bahu	dAtfByaH
dAtf	f	nAma	napuMsaka	paYcamI	eka	dAtfRaH
dAtf	f	nAma	napuMsaka	paYcamI	dvi	dAtfByAm
dAtf	f	nAma	napuMsaka	paYcamI	bahu	dAtfByaH
dAtf	f	nAma	napuMsaka	zazWI	eka	dAtfRaH
dAtf	f	nAma	napuMsaka	zazWI	dvi	dAtfRoH-dAtroH
dAtf	f	nAma	napuMsaka	zazWI	bahu	dAtFRAm
dAtf	f	nAma	napuMsaka	saptamI	eka	dAtfRi
dAtf	f	nAma	napuMsaka	saptamI	dvi	dAtfRoH-dAtroH
dAtf	f	nAma	napuMsaka	saptamI	bahu	dAtfzu
dAtf	f	nAma	napuMsaka	samboDana	eka	dAtaH, dAtf
dAtf	f	nAma	napuMsaka	samboDana	dvi	dAtfRI
dAtf	f	nAma	napuMsaka	samboDana	bahu	dAtFRi
suvAc	c	nAma	napuMsaka	praTamA	eka	suvAk
suvAc	c	nAma	napuMsaka	praTamA	dvi	suvAcI
suvAc	c	nAma	napuMsaka	praTamA	bahu	suvAYci
suvAc	c	nAma	napuMsaka	dvitIyA	eka	suvAk
suvAc	c	nAma	napuMsaka	dvitIyA	dvi	suvAcI
suvAc	c	nAma	napuMsaka	dvitIyA	bahu	suvAYci
suvAc	c	nAma	napuMsaka	tftIyA	eka	suvAcA
suvAc	c	nAma	napuMsaka	tftIyA	dvi	suvAgByAm
suvAc	c	nAma	napuMsaka	tftIyA	bahu	suvAgBiH
suvAc	c	nAma	napuMsaka	caturTI	eka	suvAce
suvAc	c	nAma	napuMsaka	caturTI	dvi	suvAgByAm
suvAc	c	nAma	napuMsaka	caturTI	bahu	suvAgByaH
suvAc	c	nAma	napuMsaka	paYcamI	eka	suvAcaH
suvAc	c	nAma	napuMsaka	paYcamI	dvi	suvAgByAm
suvAc	c	nAma	napuMsaka	paYcamI	bahu	suvAgByaH
suvAc	c	nAma	napuMsaka	zazWI	eka	suvAcaH
suvAc	c	nAma	napuMsaka	zazWI	dvi	suvacoH
suvAc	c	nAma	napuMsaka	zazWI	bahu	suvacAm
suvAc	c	nAma	napuMsaka	saptamI	eka	suvAci
suvAc	c	nAma	napuMsaka	saptamI	dvi	suvacoH
suvAc	c	nAma	napuMsaka	saptamI	bahu	suvAkzu
suvAc	c	nAma	napuMsaka	samboDana	eka	suvAk
suvAc	c	nAma	napuMsaka	samboDana	dvi	suvAcI
suvAc	c	nAma	napuMsaka	samboDana	bahu	suvAYci
asfj	j	nAma	napuMsaka	praTamA	eka	asfk
asfj	j	nAma	napuMsaka	praTamA	dvi	asfjI
asfj	j	nAma	napuMsaka	praTamA	bahu	asfjaH
asfj	j	nAma	napuMsaka	dvitIyA	eka	asfk
asfj	j	nAma	napuMsaka	dvitIyA	dvi	asfjI
asfj	j	nAma	napuMsaka	dvitIyA	bahu	asfjaH
asfj	j	nAma	napuMsaka	tftIyA	eka	asfjA
asfj	j	nAma	napuMsaka	tftIyA	dvi	asfgByAm
asfj	j	nAma	napuMsaka	tftIyA	bahu	asfgBiH
asfj	j	nAma	napuMsaka	caturTI	eka	asfje
asfj	j	nAma	napuMsaka	caturTI	dvi	asfgByAm
asfj	j	nAma	napuMsaka	caturTI	bahu	asfgByaH
asfj	j	nAma	napuMsaka	paYcamI	eka	asfjaH
asfj	j	nAma	napuMsaka	paYcamI	dvi	asfgByAm
asfj	j	nAma	napuMsaka	paYcamI	bahu	asfgByaH
asfj	j	nAma	napuMsaka	zazWI	eka	asfjaH
asfj	j	nAma	napuMsaka	zazWI	dvi	asfjoH
asfj	j	nAma	napuMsaka	zazWI	bahu	asfjAm
asfj	j	nAma	napuMsaka	saptamI	eka	asfji
asfj	j	nAma	napuMsaka	saptamI	dvi	asajoH
asfj	j	nAma	napuMsaka	saptamI	bahu	asfkzu
asfj	j	nAma	napuMsaka	samboDana	eka	asfk
asfj	j	nAma	napuMsaka	samboDana	dvi	asfjI
asfj	j	nAma	napuMsaka	samboDana	bahu	asfjaH
jagat	t	nAma	napuMsaka	praTamA	eka	jagat
jagat	t	nAma	napuMsaka	praTamA	dvi	jagatI
jagat	t	nAma	napuMsaka	praTamA	bahu	jaganti
jagat	t	nAma	napuMsaka	dvitIyA	eka	jagat
jagat	t	nAma	napuMsaka	dvitIyA	dvi	jagatI
jagat	t	nAma	napuMsaka	dvitIyA	bahu	jaganti
jagat	t	nAma	napuMsaka	tftIyA	eka	jagatA
jagat	t	nAma	napuMsaka	tftIyA	dvi	jagadByAm
jagat	t	nAma	napuMsaka	tftIyA	bahu	jagadBiH
jagat	t	nAma	napuMsaka	caturTI	eka	jagate
jagat	t	nAma	napuMsaka	caturTI	dvi	jagadByAm
jagat	t	nAma	napuMsaka	caturTI	bahu	jagadByaH
jagat	t	nAma	napuMsaka	paYcamI	eka	jagataH
jagat	t	nAma	napuMsaka	paYcamI	dvi	jagadByAm
jagat	t	nAma	napuMsaka	paYcamI	bahu	jagadByaH
jagat	t	nAma	napuMsaka	zazWI	eka	jagataH
jagat	t	nAma	napuMsaka	zazWI	dvi	jagatoH
jagat	t	nAma	napuMsaka	zazWI	bahu	jagatAm
jagat	t	nAma	napuMsaka	saptamI	eka	jagati
jagat	t	nAma	napuMsaka	saptamI	dvi	jagatoH
jagat	t	nAma	napuMsaka	saptamI	bahu	jagatsu
jagat	t	nAma	napuMsaka	samboDana	eka	jagat
jagat	t	nAma	napuMsaka	samboDana	dvi	jagatI
jagat	t	nAma	napuMsaka	samboDana	bahu	jaganti
tudat	d	nAma	napuMsaka	praTamA	eka	tudat
tudat	d	nAma	napuMsaka	praTamA	dvi	tudantI-tudatI
tudat	d	nAma	napuMsaka	praTamA	bahu	tudanti
tudat	d	nAma	napuMsaka	dvitIyA	eka	tudat
tudat	d	nAma	napuMsaka	dvitIyA	dvi	tudantI-tudatI
tudat	d	nAma	napuMsaka	dvitIyA	bahu	tudanti
tudat	d	nAma	napuMsaka	tftIyA	eka	tudatA
tudat	d	nAma	napuMsaka	tftIyA	dvi	tudadByAm
tudat	d	nAma	napuMsaka	tftIyA	bahu	tudadBiH
tudat	d	nAma	napuMsaka	caturTI	eka	tudate
tudat	d	nAma	napuMsaka	caturTI	dvi	tudadByAm
tudat	d	nAma	napuMsaka	caturTI	bahu	tudadByaH
tudat	d	nAma	napuMsaka	paYcamI	eka	tudataH
tudat	d	nAma	napuMsaka	paYcamI	dvi	tudadByAm
tudat	d	nAma	napuMsaka	paYcamI	bahu	tudadByaH
tudat	d	nAma	napuMsaka	zazWI	eka	tudataH
tudat	d	nAma	napuMsaka	zazWI	dvi	tudatoH
tudat	d	nAma	napuMsaka	zazWI	bahu	tudatAm
tudat	d	nAma	napuMsaka	saptamI	eka	tudati
tudat	d	nAma	napuMsaka	saptamI	dvi	tudatoH
tudat	d	nAma	napuMsaka	saptamI	bahu	tudatsu
tudat	d	nAma	napuMsaka	samboDana	eka	tudat
tudat	d	nAma	napuMsaka	samboDana	dvi	tudantI-tudatI
tudat	d	nAma	napuMsaka	samboDana	bahu	tudanti
nAman	n	nAma	napuMsaka	praTamA	eka	nAma
nAman	n	nAma	napuMsaka	praTamA	dvi	nAmnI-nAmanI
nAman	n	nAma	napuMsaka	praTamA	bahu	nAmAni
nAman	n	nAma	napuMsaka	dvitIyA	eka	nAma
nAman	n	nAma	napuMsaka	dvitIyA	dvi	nAmnI-nAmanI
nAman	n	nAma	napuMsaka	dvitIyA	bahu	nAmAni
nAman	n	nAma	napuMsaka	tftIyA	eka	nAmnA
nAman	n	nAma	napuMsaka	tftIyA	dvi	nAmaByAm
nAman	n	nAma	napuMsaka	tftIyA	bahu	nAmaBiH
nAman	n	nAma	napuMsaka	caturTI	eka	nAmne
nAman	n	nAma	napuMsaka	caturTI	dvi	nAmaByAm
nAman	n	nAma	napuMsaka	caturTI	bahu	nAmaByaH
nAman	n	nAma	napuMsaka	paYcamI	eka	nAmnaH
nAman	n	nAma	napuMsaka	paYcamI	dvi	nAmaByAm
nAman	n	nAma	napuMsaka	paYcamI	bahu	nAmaByaH
nAman	n	nAma	napuMsaka	zazWI	eka	nAmnaH
nAman	n	nAma	napuMsaka	zazWI	dvi	nAmnoH
nAman	n	nAma	napuMsaka	zazWI	bahu	nAmnAm
nAman	n	nAma	napuMsaka	saptamI	eka	nAmni
nAman	n	nAma	napuMsaka	saptamI	dvi	nAmnoH
nAman	n	nAma	napuMsaka	saptamI	bahu	nAmasu
nAman	n	nAma	napuMsaka	samboDana	eka	nAman, nAma
nAman	n	nAma	napuMsaka	samboDana	dvi	nAmnI-nAmanI
nAman	n	nAma	napuMsaka	samboDana	bahu	nAmAni
tAdfS	S	nAma	napuMsaka	praTamA	eka	tAdfk
tAdfS	S	nAma	napuMsaka	praTamA	dvi	tAdfSI
tAdfS	S	nAma	napuMsaka	praTamA	bahu	tAdfMSi
tAdfS	S	nAma	napuMsaka	dvitIyA	eka	tAdfk
tAdfS	S	nAma	napuMsaka	dvitIyA	dvi	tAdfSI
tAdfS	S	nAma	napuMsaka	dvitIyA	bahu	tAdfMSi
tAdfS	S	nAma	napuMsaka	tftIyA	eka	tAdfSA
tAdfS	S	nAma	napuMsaka	tftIyA	dvi	tAdfgByAm
tAdfS	S	nAma	napuMsaka	tftIyA	bahu	tAdfgBiH
tAdfS	S	nAma	napuMsaka	caturTI	eka	tAdfSe
tAdfS	S	nAma	napuMsaka	caturTI	dvi	tAdfgByAm
tAdfS	S	nAma	napuMsaka	caturTI	bahu	tAdfgByaH
tAdfS	S	nAma	napuMsaka	paYcamI	eka	tAdfSaH
tAdfS	S	nAma	napuMsaka	paYcamI	dvi	tAdfgByAm
tAdfS	S	nAma	napuMsaka	paYcamI	bahu	tAdfgByaH
tAdfS	S	nAma	napuMsaka	zazWI	eka	tAdfSaH
tAdfS	S	nAma	napuMsaka	zazWI	dvi	tAdfSoH
tAdfS	S	nAma	napuMsaka	zazWI	bahu	tAdfSAm
tAdfS	S	nAma	napuMsaka	saptamI	eka	tAdfSi
tAdfS	S	nAma	napuMsaka	saptamI	dvi	tAdfSoH
tAdfS	S	nAma	napuMsaka	saptamI	bahu	tAdfgzu
tAdfS	S	nAma	napuMsaka	samboDana	eka	tAdfk
tAdfS	S	nAma	napuMsaka	samboDana	dvi	tAdfSO
tAdfS	S	nAma	napuMsaka	samboDana	bahu	tAdfMSi
haviz	z	nAma	napuMsaka	praTamA	eka	haviH
haviz	z	nAma	napuMsaka	praTamA	dvi	havizI
haviz	z	nAma	napuMsaka	praTamA	bahu	havIMzi
haviz	z	nAma	napuMsaka	dvitIyA	eka	haviH
haviz	z	nAma	napuMsaka	dvitIyA	dvi	havizI
haviz	z	nAma	napuMsaka	dvitIyA	bahu	havIMzi
haviz	z	nAma	napuMsaka	tftIyA	eka	havizA
haviz	z	nAma	napuMsaka	tftIyA	dvi	havirByAm
haviz	z	nAma	napuMsaka	tftIyA	bahu	havirBiH
haviz	z	nAma	napuMsaka	caturTI	eka	havize
haviz	z	nAma	napuMsaka	caturTI	dvi	havirByAm
haviz	z	nAma	napuMsaka	caturTI	bahu	havirByaH
haviz	z	nAma	napuMsaka	paYcamI	eka	havizaH
haviz	z	nAma	napuMsaka	paYcamI	dvi	havirByAm
haviz	z	nAma	napuMsaka	paYcamI	bahu	havirByaH
haviz	z	nAma	napuMsaka	zazWI	eka	havizaH
haviz	z	nAma	napuMsaka	zazWI	dvi	havizoH
haviz	z	nAma	napuMsaka	zazWI	bahu	havInAm
haviz	z	nAma	napuMsaka	saptamI	eka	havizi
haviz	z	nAma	napuMsaka	saptamI	dvi	havizoH
haviz	z	nAma	napuMsaka	saptamI	bahu	havizzu
haviz	z	nAma	napuMsaka	samboDana	eka	haviH
haviz	z	nAma	napuMsaka	samboDana	dvi	havizI
haviz	z	nAma	napuMsaka	samboDana	bahu	havIMzi
manas	s	nAma	napuMsaka	praTamA	eka	manaH
manas	s	nAma	napuMsaka	praTamA	dvi	manasI
manas	s	nAma	napuMsaka	praTamA	bahu	manAMsi
manas	s	nAma	napuMsaka	dvitIyA	eka	manaH
manas	s	nAma	napuMsaka	dvitIyA	dvi	manasI
manas	s	nAma	napuMsaka	dvitIyA	bahu	manAMsi
manas	s	nAma	napuMsaka	tftIyA	eka	manasA
manas	s	nAma	napuMsaka	tftIyA	dvi	manoByAm
manas	s	nAma	napuMsaka	tftIyA	bahu	manoBiH
manas	s	nAma	napuMsaka	caturTI	eka	manase
manas	s	nAma	napuMsaka	caturTI	dvi	manoByAm
manas	s	nAma	napuMsaka	caturTI	bahu	manoByaH
manas	s	nAma	napuMsaka	paYcamI	eka	manasaH
manas	s	nAma	napuMsaka	paYcamI	dvi	manoByAm
manas	s	nAma	napuMsaka	paYcamI	bahu	manoByaH
manas	s	nAma	napuMsaka	zazWI	eka	manasaH
manas	s	nAma	napuMsaka	zazWI	dvi	manasoH
manas	s	nAma	napuMsaka	zazWI	bahu	manasAm
manas	s	nAma	napuMsaka	saptamI	eka	manasi
manas	s	nAma	napuMsaka	saptamI	dvi	manasoH
manas	s	nAma	napuMsaka	saptamI	bahu	manassu
manas	s	nAma	napuMsaka	samboDana	eka	manaH
manas	s	nAma	napuMsaka	samboDana	dvi	manasI
manas	s	nAma	napuMsaka	samboDana	bahu	manAMsi
amBoruh	h	nAma	napuMsaka	praTamA	eka	amBoruw
amBoruh	h	nAma	napuMsaka	praTamA	dvi	amBoruhI
amBoruh	h	nAma	napuMsaka	praTamA	bahu	amBoruMhi
amBoruh	h	nAma	napuMsaka	dvitIyA	eka	amBoruw
amBoruh	h	nAma	napuMsaka	dvitIyA	dvi	amBoruhI
amBoruh	h	nAma	napuMsaka	dvitIyA	bahu	amBoruMhi
amBoruh	h	nAma	napuMsaka	tftIyA	eka	amBoruhA
amBoruh	h	nAma	napuMsaka	tftIyA	dvi	amBoruqByAm
amBoruh	h	nAma	napuMsaka	tftIyA	bahu	amBoruqBiH
amBoruh	h	nAma	napuMsaka	caturTI	eka	amBoruhe
amBoruh	h	nAma	napuMsaka	caturTI	dvi	amBoruqByAm
amBoruh	h	nAma	napuMsaka	caturTI	bahu	amBoruqByaH
amBoruh	h	nAma	napuMsaka	paYcamI	eka	amBoruhaH
amBoruh	h	nAma	napuMsaka	paYcamI	dvi	amBoruqByAm
amBoruh	h	nAma	napuMsaka	paYcamI	bahu	amBoraqByaH
amBoruh	h	nAma	napuMsaka	zazWI	eka	amBoruhaH
amBoruh	h	nAma	napuMsaka	zazWI	dvi	amBoruhoH
amBoruh	h	nAma	napuMsaka	zazWI	bahu	amBoruhAm
amBoruh	h	nAma	napuMsaka	saptamI	eka	amBoruhi
amBoruh	h	nAma	napuMsaka	saptamI	dvi	amBoruhoH
amBoruh	h	nAma	napuMsaka	saptamI	bahu	amboruwsu
amBoruh	h	nAma	napuMsaka	samboDana	eka	amBoruw
amBoruh	h	nAma	napuMsaka	samboDana	dvi	amBoruhI
amBoruh	h	nAma	napuMsaka	samboDana	bahu	amBoruMhi
