DAtu	gaRa	upagraha	lakAra	puruza	vacanam	rUpam
paW	BvAdi	parasmEpada	law	praTama	eka	paWati
paW	BvAdi	parasmEpada	law	praTama	dvi	paWataH
paW	BvAdi	parasmEpada	law	praTama	bahu	paWanti
paW	BvAdi	parasmEpada	law	maDyama	eka	paWasi
paW	BvAdi	parasmEpada	law	maDyama	dvi	paWaTaH
paW	BvAdi	parasmEpada	law	maDyama	bahu	paWaTa
paW	BvAdi	parasmEpada	law	uttama	eka	paWAmi
paW	BvAdi	parasmEpada	law	uttama	dvi	paWAvaH
paW	BvAdi	parasmEpada	law	uttama	bahu	paWAmaH
paW	BvAdi	parasmEpada	low	praTama	eka	paWatu
paW	BvAdi	parasmEpada	low	praTama	dvi	paWatAm
paW	BvAdi	parasmEpada	low	praTama	bahu	paWantu
paW	BvAdi	parasmEpada	low	maDyama	eka	paWa
paW	BvAdi	parasmEpada	low	maDyama	dvi	paWatam
paW	BvAdi	parasmEpada	low	maDyama	bahu	paWata
paW	BvAdi	parasmEpada	low	uttama	eka	paWAni
paW	BvAdi	parasmEpada	low	uttama	dvi	paWAva
paW	BvAdi	parasmEpada	low	uttama	bahu	paWAma
paW	BvAdi	parasmEpada	laN	praTama	eka	apaWat
paW	BvAdi	parasmEpada	laN	praTama	dvi	apaWatAm
paW	BvAdi	parasmEpada	laN	praTama	bahu	apaWan
paW	BvAdi	parasmEpada	laN	maDyama	eka	apaWaH
paW	BvAdi	parasmEpada	laN	maDyama	dvi	apaWatam
paW	BvAdi	parasmEpada	laN	maDyama	bahu	apaWata
paW	BvAdi	parasmEpada	laN	uttama	eka	apaWam
paW	BvAdi	parasmEpada	laN	uttama	dvi	apaWAva
paW	BvAdi	parasmEpada	laN	uttama	bahu	apaWAma
paW	BvAdi	parasmEpada	viDiliN	praTama	eka	paWet
paW	BvAdi	parasmEpada	viDiliN	praTama	dvi	paWetAm
paW	BvAdi	parasmEpada	viDiliN	praTama	bahu	paWeyuH
paW	BvAdi	parasmEpada	viDiliN	maDyama	eka	paWeH
paW	BvAdi	parasmEpada	viDiliN	maDyama	dvi	paWetam
paW	BvAdi	parasmEpada	viDiliN	maDyama	bahu	paWeta
paW	BvAdi	parasmEpada	viDiliN	uttama	eka	paWeyam
paW	BvAdi	parasmEpada	viDiliN	uttama	dvi	paWeva
paW	BvAdi	parasmEpada	viDiliN	uttama	bahu	paWema
paW	BvAdi	parasmEpada	lfw	praTama	eka	paWizyati
paW	BvAdi	parasmEpada	lfw	praTama	dvi	paWizyataH
paW	BvAdi	parasmEpada	lfw	praTama	bahu	paWizyanti
paW	BvAdi	parasmEpada	lfw	maDyama	eka	paWizyasi
paW	BvAdi	parasmEpada	lfw	maDyama	dvi	paWizyaTaH
paW	BvAdi	parasmEpada	lfw	maDyama	bahu	paWizyaTa
paW	BvAdi	parasmEpada	lfw	uttama	eka	paWizyAmi
paW	BvAdi	parasmEpada	lfw	uttama	dvi	paWizyAvaH
paW	BvAdi	parasmEpada	lfw	uttama	bahu	paWizyAmaH
paW	BvAdi	parasmEpada	luw	praTama	eka	paWitA
paW	BvAdi	parasmEpada	luw	praTama	dvi	paWitArO
paW	BvAdi	parasmEpada	luw	praTama	bahu	paWitAraH
paW	BvAdi	parasmEpada	luw	maDyama	eka	paWitAsi
paW	BvAdi	parasmEpada	luw	maDyama	dvi	paWatAsTaH
paW	BvAdi	parasmEpada	luw	maDyama	bahu	paWitAsTa
paW	BvAdi	parasmEpada	luw	uttama	eka	paWitAsmi
paW	BvAdi	parasmEpada	luw	uttama	dvi	paWitAsvaH
paW	BvAdi	parasmEpada	luw	uttama	bahu	paWitAsmaH
paW	BvAdi	parasmEpada	ASIrliN	praTama	eka	paWyAt
paW	BvAdi	parasmEpada	ASIrliN	praTama	dvi	paWyAstAm
paW	BvAdi	parasmEpada	ASIrliN	praTama	bahu	paWyAsuH
paW	BvAdi	parasmEpada	ASIrliN	maDyama	eka	paWyAH
paW	BvAdi	parasmEpada	ASIrliN	maDyama	dvi	paWyAstam
paW	BvAdi	parasmEpada	ASIrliN	maDyama	bahu	paWyAsta
paW	BvAdi	parasmEpada	ASIrliN	uttama	eka	paWyAsam
paW	BvAdi	parasmEpada	ASIrliN	uttama	dvi	paWyAsva
paW	BvAdi	parasmEpada	ASIrliN	uttama	bahu	paWyAsma
paW	BvAdi	parasmEpada	lfN	praTama	eka	apaWizyat
paW	BvAdi	parasmEpada	lfN	praTama	dvi	apaWizyatAm
paW	BvAdi	parasmEpada	lfN	praTama	bahu	apaWizyan
paW	BvAdi	parasmEpada	lfN	maDyama	eka	apaWizyaH
paW	BvAdi	parasmEpada	lfN	maDyama	dvi	apaWizyatam
paW	BvAdi	parasmEpada	lfN	maDyama	bahu	apaWizyata
paW	BvAdi	parasmEpada	lfN	uttama	eka	apaWizyam
paW	BvAdi	parasmEpada	lfN	uttama	dvi	apaWizyAva
paW	BvAdi	parasmEpada	lfN	uttama	bahu	apaWizyAma
paW	BvAdi	parasmEpada	liw	praTama	eka	papAWa
paW	BvAdi	parasmEpada	liw	praTama	dvi	peWatuH
paW	BvAdi	parasmEpada	liw	praTama	bahu	peWuH
paW	BvAdi	parasmEpada	liw	maDyama	eka	peWita
paW	BvAdi	parasmEpada	liw	maDyama	dvi	peWatuH
paW	BvAdi	parasmEpada	liw	maDyama	bahu	peWa
paW	BvAdi	parasmEpada	liw	uttama	eka	papAWa
paW	BvAdi	parasmEpada	liw	uttama	dvi	peWiva
paW	BvAdi	parasmEpada	liw	uttama	bahu	peWima
paW	BvAdi	parasmEpada	luN	praTama	eka	apAWIt
paW	BvAdi	parasmEpada	luN	praTama	dvi	apAWizwAm
paW	BvAdi	parasmEpada	luN	praTama	bahu	apAWizuH
paW	BvAdi	parasmEpada	luN	maDyama	eka	apAWIH
paW	BvAdi	parasmEpada	luN	maDyama	dvi	apAWizwam
paW	BvAdi	parasmEpada	luN	maDyama	bahu	apAWizwa
paW	BvAdi	parasmEpada	luN	uttama	eka	apAWizam
paW	BvAdi	parasmEpada	luN	uttama	dvi	apAWizva
paW	BvAdi	parasmEpada	luN	uttama	bahu	apAWizma
yA	adAdi	parasmEpada	law	praTama	eka	yAti
yA	adAdi	parasmEpada	law	praTama	dvi	yAtaH
yA	adAdi	parasmEpada	law	praTama	bahu	yAnti
yA	adAdi	parasmEpada	law	maDyama	eka	yAsi
yA	adAdi	parasmEpada	law	maDyama	dvi	yATaH
yA	adAdi	parasmEpada	law	maDyama	bahu	yATa
yA	adAdi	parasmEpada	law	uttama	eka	yAmi
yA	adAdi	parasmEpada	law	uttama	dvi	yAvaH
yA	adAdi	parasmEpada	law	uttama	bahu	yAmaH
yA	adAdi	parasmEpada	low	praTama	eka	yAtu
yA	adAdi	parasmEpada	low	praTama	dvi	yAtAm
yA	adAdi	parasmEpada	low	praTama	bahu	yAntu
yA	adAdi	parasmEpada	low	maDyama	eka	yAhi
yA	adAdi	parasmEpada	low	maDyama	dvi	yAtam
yA	adAdi	parasmEpada	low	maDyama	bahu	yAta
yA	adAdi	parasmEpada	low	uttama	eka	yAni
yA	adAdi	parasmEpada	low	uttama	dvi	yAva
yA	adAdi	parasmEpada	low	uttama	bahu	yAma
yA	adAdi	parasmEpada	laN	praTama	eka	AyAt
yA	adAdi	parasmEpada	laN	praTama	dvi	AyAtam
yA	adAdi	parasmEpada	laN	praTama	bahu	ayuH-ayAn
yA	adAdi	parasmEpada	laN	maDyama	eka	ayAH
yA	adAdi	parasmEpada	laN	maDyama	dvi	ayAtam
yA	adAdi	parasmEpada	laN	maDyama	bahu	ayAta
yA	adAdi	parasmEpada	laN	uttama	eka	ayAm
yA	adAdi	parasmEpada	laN	uttama	dvi	ayAva
yA	adAdi	parasmEpada	laN	uttama	bahu	ayAma
yA	adAdi	parasmEpada	viDiliN	praTama	eka	yAyAt
yA	adAdi	parasmEpada	viDiliN	praTama	dvi	yAyAtam
yA	adAdi	parasmEpada	viDiliN	praTama	bahu	yAyuH
yA	adAdi	parasmEpada	viDiliN	maDyama	eka	yAyAH
yA	adAdi	parasmEpada	viDiliN	maDyama	dvi	yAyAtam
yA	adAdi	parasmEpada	viDiliN	maDyama	bahu	yAyAta
yA	adAdi	parasmEpada	viDiliN	uttama	eka	yAyAm
yA	adAdi	parasmEpada	viDiliN	uttama	dvi	yAyAva
yA	adAdi	parasmEpada	viDiliN	uttama	bahu	yAyAma
yA	adAdi	parasmEpada	lfw	praTama	eka	yAsyati
yA	adAdi	parasmEpada	lfw	praTama	dvi	yAsyataH
yA	adAdi	parasmEpada	lfw	praTama	bahu	yAsyanti
yA	adAdi	parasmEpada	lfw	maDyama	eka	yAsyasi
yA	adAdi	parasmEpada	lfw	maDyama	dvi	yAsyaTaH
yA	adAdi	parasmEpada	lfw	maDyama	bahu	yAsyaTa
yA	adAdi	parasmEpada	lfw	uttama	eka	yAsyAmi
yA	adAdi	parasmEpada	lfw	uttama	dvi	yAsyAvaH
yA	adAdi	parasmEpada	lfw	uttama	bahu	yAsyAmaH
yA	adAdi	parasmEpada	luw	praTama	eka	yAtA
yA	adAdi	parasmEpada	luw	praTama	dvi	yAtArO
yA	adAdi	parasmEpada	luw	praTama	bahu	yAtAraH
yA	adAdi	parasmEpada	luw	maDyama	eka	yAtAsi
yA	adAdi	parasmEpada	luw	maDyama	dvi	yAtAsTaH
yA	adAdi	parasmEpada	luw	maDyama	bahu	yAtAsTa
yA	adAdi	parasmEpada	luw	uttama	eka	yAtAsmi
yA	adAdi	parasmEpada	luw	uttama	dvi	yAtAsvaH
yA	adAdi	parasmEpada	luw	uttama	bahu	yAtAsmaH
yA	adAdi	parasmEpada	ASIrliN	praTama	eka	yAyAt
yA	adAdi	parasmEpada	ASIrliN	praTama	dvi	yAyAstam
yA	adAdi	parasmEpada	ASIrliN	praTama	bahu	yAyAsuH
yA	adAdi	parasmEpada	ASIrliN	maDyama	eka	yAyAH
yA	adAdi	parasmEpada	ASIrliN	maDyama	dvi	yAyAstam
yA	adAdi	parasmEpada	ASIrliN	maDyama	bahu	yAyAsta
yA	adAdi	parasmEpada	ASIrliN	uttama	eka	yAyAsam
yA	adAdi	parasmEpada	ASIrliN	uttama	dvi	yAyAsva
yA	adAdi	parasmEpada	ASIrliN	uttama	bahu	yAyAsma
yA	adAdi	parasmEpada	lfN	praTama	eka	ayAsyat
yA	adAdi	parasmEpada	lfN	praTama	dvi	ayAsyatAm
yA	adAdi	parasmEpada	lfN	praTama	bahu	ayAsyan
yA	adAdi	parasmEpada	lfN	maDyama	eka	ayAsyaH
yA	adAdi	parasmEpada	lfN	maDyama	dvi	ayAsyatam
yA	adAdi	parasmEpada	lfN	maDyama	bahu	ayAsyata
yA	adAdi	parasmEpada	lfN	uttama	eka	ayAsyam
yA	adAdi	parasmEpada	lfN	uttama	dvi	ayAsva
yA	adAdi	parasmEpada	lfN	uttama	bahu	AyAsma
yA	adAdi	parasmEpada	liw	praTama	eka	yayO
yA	adAdi	parasmEpada	liw	praTama	dvi	yayatuH
yA	adAdi	parasmEpada	liw	praTama	bahu	yayuH
yA	adAdi	parasmEpada	liw	maDyama	eka	yayATa
yA	adAdi	parasmEpada	liw	maDyama	dvi	yayaTuH
yA	adAdi	parasmEpada	liw	maDyama	bahu	yaya
yA	adAdi	parasmEpada	liw	uttama	eka	yayO
yA	adAdi	parasmEpada	liw	uttama	dvi	yayiva
yA	adAdi	parasmEpada	liw	uttama	bahu	yayima
yA	adAdi	parasmEpada	luN	praTama	eka	ayAsIt
yA	adAdi	parasmEpada	luN	praTama	dvi	ayAsizwAm
yA	adAdi	parasmEpada	luN	praTama	bahu	ayAsizuH
yA	adAdi	parasmEpada	luN	maDyama	eka	ayAsIH
yA	adAdi	parasmEpada	luN	maDyama	dvi	ayAsizwam
yA	adAdi	parasmEpada	luN	maDyama	bahu	ayAsizwa
yA	adAdi	parasmEpada	luN	uttama	eka	ayAsizam
yA	adAdi	parasmEpada	luN	uttama	dvi	ayAsizva
yA	adAdi	parasmEpada	luN	uttama	bahu	ayAsizma
hu	juhotyAdi	parasmEpada	law	praTama	eka	jahAti
hu	juhotyAdi	parasmEpada	law	praTama	dvi	jahItaH
hu	juhotyAdi	parasmEpada	law	praTama	bahu	jahati
hu	juhotyAdi	parasmEpada	law	maDyama	eka	jahAsi
hu	juhotyAdi	parasmEpada	law	maDyama	dvi	jahITaH
hu	juhotyAdi	parasmEpada	law	maDyama	bahu	jahITa
hu	juhotyAdi	parasmEpada	law	uttama	eka	jahAmi
hu	juhotyAdi	parasmEpada	law	uttama	dvi	jahIvaH
hu	juhotyAdi	parasmEpada	law	uttama	bahu	jahImaH
hu	juhotyAdi	parasmEpada	low	praTama	eka	jahAtu
hu	juhotyAdi	parasmEpada	low	praTama	dvi	jahItAm
hu	juhotyAdi	parasmEpada	low	praTama	bahu	jahatu
hu	juhotyAdi	parasmEpada	low	maDyama	eka	jahIhi
hu	juhotyAdi	parasmEpada	low	maDyama	dvi	jahItam
hu	juhotyAdi	parasmEpada	low	maDyama	bahu	jahIta
hu	juhotyAdi	parasmEpada	low	uttama	eka	jahAni
hu	juhotyAdi	parasmEpada	low	uttama	dvi	jahAva
hu	juhotyAdi	parasmEpada	low	uttama	bahu	jahAma
hu	juhotyAdi	parasmEpada	laN	praTama	eka	ajahAt
hu	juhotyAdi	parasmEpada	laN	praTama	dvi	ajahItAm
hu	juhotyAdi	parasmEpada	laN	praTama	bahu	ajahIta
hu	juhotyAdi	parasmEpada	laN	maDyama	eka	ajahAH
hu	juhotyAdi	parasmEpada	laN	maDyama	dvi	ajahItam
hu	juhotyAdi	parasmEpada	laN	maDyama	bahu	ajahIta
hu	juhotyAdi	parasmEpada	laN	uttama	eka	ajahAm
hu	juhotyAdi	parasmEpada	laN	uttama	dvi	ajahIva
hu	juhotyAdi	parasmEpada	laN	uttama	bahu	ajahIma
hu	juhotyAdi	parasmEpada	viDiliN	praTama	eka	jahyAt
hu	juhotyAdi	parasmEpada	viDiliN	praTama	dvi	jahyAtAm
hu	juhotyAdi	parasmEpada	viDiliN	praTama	bahu	jahyuH
hu	juhotyAdi	parasmEpada	viDiliN	maDyama	eka	jahyAH
hu	juhotyAdi	parasmEpada	viDiliN	maDyama	dvi	jahyAtam
hu	juhotyAdi	parasmEpada	viDiliN	maDyama	bahu	jahyAta
hu	juhotyAdi	parasmEpada	viDiliN	uttama	eka	jahyAm
hu	juhotyAdi	parasmEpada	viDiliN	uttama	dvi	jahyAva
hu	juhotyAdi	parasmEpada	viDiliN	uttama	bahu	jahyAma
hu	juhotyAdi	parasmEpada	lfw	praTama	eka	hAsyati
hu	juhotyAdi	parasmEpada	lfw	praTama	dvi	hAsyataH
hu	juhotyAdi	parasmEpada	lfw	praTama	bahu	hAsyanti
hu	juhotyAdi	parasmEpada	lfw	maDyama	eka	hAsyasi
hu	juhotyAdi	parasmEpada	lfw	maDyama	dvi	hAsyaTaH
hu	juhotyAdi	parasmEpada	lfw	maDyama	bahu	hAsyaTa
hu	juhotyAdi	parasmEpada	lfw	uttama	eka	hAsyAmi
hu	juhotyAdi	parasmEpada	lfw	uttama	dvi	hAsyAvaH
hu	juhotyAdi	parasmEpada	lfw	uttama	bahu	hAsyAmaH
hu	juhotyAdi	parasmEpada	luw	praTama	eka	hAtA
hu	juhotyAdi	parasmEpada	luw	praTama	dvi	hAtArO
hu	juhotyAdi	parasmEpada	luw	praTama	bahu	hAtAraH
hu	juhotyAdi	parasmEpada	luw	maDyama	eka	hAtAsi
hu	juhotyAdi	parasmEpada	luw	maDyama	dvi	hAtAsTaH
hu	juhotyAdi	parasmEpada	luw	maDyama	bahu	hAtAsTa
hu	juhotyAdi	parasmEpada	luw	uttama	eka	hAtAsmi
hu	juhotyAdi	parasmEpada	luw	uttama	dvi	hAtAsvaH
hu	juhotyAdi	parasmEpada	luw	uttama	bahu	hAtAsmaH
hu	juhotyAdi	parasmEpada	ASIrliN	praTama	eka	heyAt
hu	juhotyAdi	parasmEpada	ASIrliN	praTama	dvi	heyAstAm
hu	juhotyAdi	parasmEpada	ASIrliN	praTama	bahu	heyAsuH
hu	juhotyAdi	parasmEpada	ASIrliN	maDyama	eka	heyAH
hu	juhotyAdi	parasmEpada	ASIrliN	maDyama	dvi	heyAstam
hu	juhotyAdi	parasmEpada	ASIrliN	maDyama	bahu	heyAsta
hu	juhotyAdi	parasmEpada	ASIrliN	uttama	eka	heyAsam
hu	juhotyAdi	parasmEpada	ASIrliN	uttama	dvi	heyAsva
hu	juhotyAdi	parasmEpada	ASIrliN	uttama	bahu	heyAsma
hu	juhotyAdi	parasmEpada	lfN	praTama	eka	ahAsyat
hu	juhotyAdi	parasmEpada	lfN	praTama	dvi	ahAsyatAm
hu	juhotyAdi	parasmEpada	lfN	praTama	bahu	ahAsyan
hu	juhotyAdi	parasmEpada	lfN	maDyama	eka	ahAsyaH
hu	juhotyAdi	parasmEpada	lfN	maDyama	dvi	ahAsyatam
hu	juhotyAdi	parasmEpada	lfN	maDyama	bahu	ahAsyata
hu	juhotyAdi	parasmEpada	lfN	uttama	eka	ahAsyam
hu	juhotyAdi	parasmEpada	lfN	uttama	dvi	ahAsyAva
hu	juhotyAdi	parasmEpada	lfN	uttama	bahu	ahAsyAma
hu	juhotyAdi	parasmEpada	liw	praTama	eka	jahO
hu	juhotyAdi	parasmEpada	liw	praTama	dvi	jahatuH
hu	juhotyAdi	parasmEpada	liw	praTama	bahu	jahuH
hu	juhotyAdi	parasmEpada	liw	maDyama	eka	jahATa
hu	juhotyAdi	parasmEpada	liw	maDyama	dvi	jahaTuH
hu	juhotyAdi	parasmEpada	liw	maDyama	bahu	jaha
hu	juhotyAdi	parasmEpada	liw	uttama	eka	jahO
hu	juhotyAdi	parasmEpada	liw	uttama	dvi	jahiva
hu	juhotyAdi	parasmEpada	liw	uttama	bahu	jahima
hu	juhotyAdi	parasmEpada	luN	praTama	eka	ahAsIt
hu	juhotyAdi	parasmEpada	luN	praTama	dvi	ahAsizwam
hu	juhotyAdi	parasmEpada	luN	praTama	bahu	ahAsizwa
hu	juhotyAdi	parasmEpada	luN	maDyama	eka	ahAsIH
hu	juhotyAdi	parasmEpada	luN	maDyama	dvi	ahAsizwam
hu	juhotyAdi	parasmEpada	luN	maDyama	bahu	ahAsizwa
hu	juhotyAdi	parasmEpada	luN	uttama	eka	ahAsizam
hu	juhotyAdi	parasmEpada	luN	uttama	dvi	ahAsizva
hu	juhotyAdi	parasmEpada	luN	uttama	bahu	ahAsizma
kzip	divAdi	parasmEpada	law	praTama	eka	kzipyati
kzip	divAdi	parasmEpada	law	praTama	dvi	kzipyataH
kzip	divAdi	parasmEpada	law	praTama	bahu	kzipyanti
kzip	divAdi	parasmEpada	law	maDyama	eka	kzipyasi
kzip	divAdi	parasmEpada	law	maDyama	dvi	kzipyaTaH
kzip	divAdi	parasmEpada	law	maDyama	bahu	kzipyaTa
kzip	divAdi	parasmEpada	law	uttama	eka	kzipyAmi
kzip	divAdi	parasmEpada	law	uttama	dvi	kzipyAvaH
kzip	divAdi	parasmEpada	law	uttama	bahu	kzipyAmaH
kzip	divAdi	parasmEpada	low	praTama	eka	kzipyatu
kzip	divAdi	parasmEpada	low	praTama	dvi	kzipyatAm
kzip	divAdi	parasmEpada	low	praTama	bahu	kzipyantu
kzip	divAdi	parasmEpada	low	maDyama	eka	kzipya
kzip	divAdi	parasmEpada	low	maDyama	dvi	kzipyatam
kzip	divAdi	parasmEpada	low	maDyama	bahu	kzipyata
kzip	divAdi	parasmEpada	low	uttama	eka	kzipyAmi
kzip	divAdi	parasmEpada	low	uttama	dvi	kzipyAvaH
kzip	divAdi	parasmEpada	low	uttama	bahu	kzipyAmaH
kzip	divAdi	parasmEpada	laN	praTama	eka	akzipyat
kzip	divAdi	parasmEpada	laN	praTama	dvi	akzipyatAm
kzip	divAdi	parasmEpada	laN	praTama	bahu	akzipyan
kzip	divAdi	parasmEpada	laN	maDyama	eka	akzipyaH
kzip	divAdi	parasmEpada	laN	maDyama	dvi	akzipyatam
kzip	divAdi	parasmEpada	laN	maDyama	bahu	akzipyata
kzip	divAdi	parasmEpada	laN	uttama	eka	akzipyam
kzip	divAdi	parasmEpada	laN	uttama	dvi	akzipyAva
kzip	divAdi	parasmEpada	laN	uttama	bahu	akzipyAma
kzip	divAdi	parasmEpada	viDiliN	praTama	eka	kzipyet
kzip	divAdi	parasmEpada	viDiliN	praTama	dvi	kzipyetAm
kzip	divAdi	parasmEpada	viDiliN	praTama	bahu	kzipyeyuH
kzip	divAdi	parasmEpada	viDiliN	maDyama	eka	kzipyeH
kzip	divAdi	parasmEpada	viDiliN	maDyama	dvi	kzipyetam
kzip	divAdi	parasmEpada	viDiliN	maDyama	bahu	kzipyeta
kzip	divAdi	parasmEpada	viDiliN	uttama	eka	kzipyeyam
kzip	divAdi	parasmEpada	viDiliN	uttama	dvi	kzipyeva
kzip	divAdi	parasmEpada	viDiliN	uttama	bahu	kzipyema
kzip	divAdi	parasmEpada	lfw	praTama	eka	kzepsyati
kzip	divAdi	parasmEpada	lfw	praTama	dvi	kzepsyataH
kzip	divAdi	parasmEpada	lfw	praTama	bahu	kzepsyanti
kzip	divAdi	parasmEpada	lfw	maDyama	eka	kzepsyasi
kzip	divAdi	parasmEpada	lfw	maDyama	dvi	kzepsyaTaH
kzip	divAdi	parasmEpada	lfw	maDyama	bahu	kzepsyaTa
kzip	divAdi	parasmEpada	lfw	uttama	eka	kzepsyAmi
kzip	divAdi	parasmEpada	lfw	uttama	dvi	kzepsyAvaH
kzip	divAdi	parasmEpada	lfw	uttama	bahu	kzepsyAmaH
kzip	divAdi	parasmEpada	luw	praTama	eka	kzeptA
kzip	divAdi	parasmEpada	luw	praTama	dvi	kzeptArO
kzip	divAdi	parasmEpada	luw	praTama	bahu	kzeptAraH
kzip	divAdi	parasmEpada	luw	maDyama	eka	kzeptAsi
kzip	divAdi	parasmEpada	luw	maDyama	dvi	kzeptAsTaH
kzip	divAdi	parasmEpada	luw	maDyama	bahu	kzeptAsTa
kzip	divAdi	parasmEpada	luw	uttama	eka	kzeptAsmi
kzip	divAdi	parasmEpada	luw	uttama	dvi	kzeptAsvaH
kzip	divAdi	parasmEpada	luw	uttama	bahu	kzeptAsmaH
kzip	divAdi	parasmEpada	ASIrliN	praTama	eka	kzipyAt
kzip	divAdi	parasmEpada	ASIrliN	praTama	dvi	kzipyAstAm
kzip	divAdi	parasmEpada	ASIrliN	praTama	bahu	kzipyAsuH
kzip	divAdi	parasmEpada	ASIrliN	maDyama	eka	kzipyAH
kzip	divAdi	parasmEpada	ASIrliN	maDyama	dvi	kzipyAstam
kzip	divAdi	parasmEpada	ASIrliN	maDyama	bahu	kzipyAsta
kzip	divAdi	parasmEpada	ASIrliN	uttama	eka	kzipyAsam
kzip	divAdi	parasmEpada	ASIrliN	uttama	dvi	kzipyAsva
kzip	divAdi	parasmEpada	ASIrliN	uttama	bahu	kzipyAsma
kzip	divAdi	parasmEpada	lfN	praTama	eka	akzepsyat
kzip	divAdi	parasmEpada	lfN	praTama	dvi	akzepsyatAm
kzip	divAdi	parasmEpada	lfN	praTama	bahu	akzepsyan
kzip	divAdi	parasmEpada	lfN	maDyama	eka	akzepsyaH
kzip	divAdi	parasmEpada	lfN	maDyama	dvi	akzepsyatam
kzip	divAdi	parasmEpada	lfN	maDyama	bahu	akzepsyata
kzip	divAdi	parasmEpada	lfN	uttama	eka	akzepsyam
kzip	divAdi	parasmEpada	lfN	uttama	dvi	akzepsyAva
kzip	divAdi	parasmEpada	lfN	uttama	bahu	akzepsyAma
kzip	divAdi	parasmEpada	liw	praTama	eka	cikzepa
kzip	divAdi	parasmEpada	liw	praTama	dvi	cikzipatuH
kzip	divAdi	parasmEpada	liw	praTama	bahu	cikzipuH
kzip	divAdi	parasmEpada	liw	maDyama	eka	cikzepiTa
kzip	divAdi	parasmEpada	liw	maDyama	dvi	cikzipaTuH
kzip	divAdi	parasmEpada	liw	maDyama	bahu	cikzipa
kzip	divAdi	parasmEpada	liw	uttama	eka	cikzepa
kzip	divAdi	parasmEpada	liw	uttama	dvi	cikzipiva
kzip	divAdi	parasmEpada	liw	uttama	bahu	cikzipima
kzip	divAdi	parasmEpada	luN	praTama	eka	akzipat
kzip	divAdi	parasmEpada	luN	praTama	dvi	akzipatAm
kzip	divAdi	parasmEpada	luN	praTama	bahu	akzipan
kzip	divAdi	parasmEpada	luN	maDyama	eka	akzipaH
kzip	divAdi	parasmEpada	luN	maDyama	dvi	akzipatam
kzip	divAdi	parasmEpada	luN	maDyama	bahu	akzipata
kzip	divAdi	parasmEpada	luN	uttama	eka	akzipam
kzip	divAdi	parasmEpada	luN	uttama	dvi	akzipAva
kzip	divAdi	parasmEpada	luN	uttama	bahu	akzipAma
Ap	svAdi	parasmEpada	law	praTama	eka	Apnoti
Ap	svAdi	parasmEpada	law	praTama	dvi	ApnutaH
Ap	svAdi	parasmEpada	law	praTama	bahu	Apnuvanti
Ap	svAdi	parasmEpada	law	maDyama	eka	Apnozi
Ap	svAdi	parasmEpada	law	maDyama	dvi	ApnuTaH
Ap	svAdi	parasmEpada	law	maDyama	bahu	ApnuTa
Ap	svAdi	parasmEpada	law	uttama	eka	Apnomi
Ap	svAdi	parasmEpada	law	uttama	dvi	ApnumaH
Ap	svAdi	parasmEpada	law	uttama	bahu	ApnumaH
Ap	svAdi	parasmEpada	low	praTama	eka	Apnotu
Ap	svAdi	parasmEpada	low	praTama	dvi	ApnutaH
Ap	svAdi	parasmEpada	low	praTama	bahu	Apnuvantu
Ap	svAdi	parasmEpada	low	maDyama	eka	Apnuhi
Ap	svAdi	parasmEpada	low	maDyama	dvi	Apnutam
Ap	svAdi	parasmEpada	low	maDyama	bahu	Apnuta
Ap	svAdi	parasmEpada	low	uttama	eka	Apnomi
Ap	svAdi	parasmEpada	low	uttama	dvi	ApnuvaH
Ap	svAdi	parasmEpada	low	uttama	bahu	ApnumaH
Ap	svAdi	parasmEpada	laN	praTama	eka	Apnot
Ap	svAdi	parasmEpada	laN	praTama	dvi	ApnutAm
Ap	svAdi	parasmEpada	laN	praTama	bahu	Apnuvan
Ap	svAdi	parasmEpada	laN	maDyama	eka	ApnoH
Ap	svAdi	parasmEpada	laN	maDyama	dvi	Apnutam
Ap	svAdi	parasmEpada	laN	maDyama	bahu	Apnuta
Ap	svAdi	parasmEpada	laN	uttama	eka	Apnavam
Ap	svAdi	parasmEpada	laN	uttama	dvi	Apnuva
Ap	svAdi	parasmEpada	laN	uttama	bahu	Apnuma
Ap	svAdi	parasmEpada	viDiliN	praTama	eka	ApnuyAt
Ap	svAdi	parasmEpada	viDiliN	praTama	dvi	ApnuyAtAm
Ap	svAdi	parasmEpada	viDiliN	praTama	bahu	ApnuyuH
Ap	svAdi	parasmEpada	viDiliN	maDyama	eka	ApnuyAH
Ap	svAdi	parasmEpada	viDiliN	maDyama	dvi	ApnuyAtam
Ap	svAdi	parasmEpada	viDiliN	maDyama	bahu	ApnuyAta
Ap	svAdi	parasmEpada	viDiliN	uttama	eka	ApnuyAm
Ap	svAdi	parasmEpada	viDiliN	uttama	dvi	ApnuyAva
Ap	svAdi	parasmEpada	viDiliN	uttama	bahu	ApnuyAma
Ap	svAdi	parasmEpada	lfw	praTama	eka	Apsyati
Ap	svAdi	parasmEpada	lfw	praTama	dvi	ApsyataH
Ap	svAdi	parasmEpada	lfw	praTama	bahu	Apsyanti
Ap	svAdi	parasmEpada	lfw	maDyama	eka	Apsyasi
Ap	svAdi	parasmEpada	lfw	maDyama	dvi	ApsyaTaH
Ap	svAdi	parasmEpada	lfw	maDyama	bahu	ApsyaTa
Ap	svAdi	parasmEpada	lfw	uttama	eka	ApsyAmi
Ap	svAdi	parasmEpada	lfw	uttama	dvi	ApsyAvaH
Ap	svAdi	parasmEpada	lfw	uttama	bahu	ApsyAmaH
Ap	svAdi	parasmEpada	luw	praTama	eka	AptA
Ap	svAdi	parasmEpada	luw	praTama	dvi	AptArO
Ap	svAdi	parasmEpada	luw	praTama	bahu	AptAraH
Ap	svAdi	parasmEpada	luw	maDyama	eka	AptAsi
Ap	svAdi	parasmEpada	luw	maDyama	dvi	AptAsTaH
Ap	svAdi	parasmEpada	luw	maDyama	bahu	AptAsTa
Ap	svAdi	parasmEpada	luw	uttama	eka	AptAsmi
Ap	svAdi	parasmEpada	luw	uttama	dvi	AptAsvaH
Ap	svAdi	parasmEpada	luw	uttama	bahu	AptAsmaH
Ap	svAdi	parasmEpada	ASIrliN	praTama	eka	ApyAt
Ap	svAdi	parasmEpada	ASIrliN	praTama	dvi	ApyAstAm
Ap	svAdi	parasmEpada	ASIrliN	praTama	bahu	ApyAsuH
Ap	svAdi	parasmEpada	ASIrliN	maDyama	eka	ApyAH
Ap	svAdi	parasmEpada	ASIrliN	maDyama	dvi	ApyAstam
Ap	svAdi	parasmEpada	ASIrliN	maDyama	bahu	ApyAsta
Ap	svAdi	parasmEpada	ASIrliN	uttama	eka	ApyAsam
Ap	svAdi	parasmEpada	ASIrliN	uttama	dvi	ApyAsva
Ap	svAdi	parasmEpada	ASIrliN	uttama	bahu	ApyAsma
Ap	svAdi	parasmEpada	lfN	praTama	eka	Apsyat
Ap	svAdi	parasmEpada	lfN	praTama	dvi	ApsyatAm
Ap	svAdi	parasmEpada	lfN	praTama	bahu	Apsyan
Ap	svAdi	parasmEpada	lfN	maDyama	eka	ApsyaH
Ap	svAdi	parasmEpada	lfN	maDyama	dvi	Apsyatam
Ap	svAdi	parasmEpada	lfN	maDyama	bahu	Apsyata
Ap	svAdi	parasmEpada	lfN	uttama	eka	Apsyam
Ap	svAdi	parasmEpada	lfN	uttama	dvi	ApsyAva
Ap	svAdi	parasmEpada	lfN	uttama	bahu	ApsyAma
Ap	svAdi	parasmEpada	liw	praTama	eka	Apa
Ap	svAdi	parasmEpada	liw	praTama	dvi	ApatuH
Ap	svAdi	parasmEpada	liw	praTama	bahu	ApuH
Ap	svAdi	parasmEpada	liw	maDyama	eka	ApiTa
Ap	svAdi	parasmEpada	liw	maDyama	dvi	ApaTuH
Ap	svAdi	parasmEpada	liw	maDyama	bahu	Apa
Ap	svAdi	parasmEpada	liw	uttama	eka	Apa
Ap	svAdi	parasmEpada	liw	uttama	dvi	Apiva
Ap	svAdi	parasmEpada	liw	uttama	bahu	Apima
Ap	svAdi	parasmEpada	luN	praTama	eka	Apat
Ap	svAdi	parasmEpada	luN	praTama	dvi	ApatAm
Ap	svAdi	parasmEpada	luN	praTama	bahu	Apan
Ap	svAdi	parasmEpada	luN	maDyama	eka	ApaH
Ap	svAdi	parasmEpada	luN	maDyama	dvi	Apatam
Ap	svAdi	parasmEpada	luN	maDyama	bahu	Apata
Ap	svAdi	parasmEpada	luN	uttama	eka	Apam
Ap	svAdi	parasmEpada	luN	uttama	dvi	ApAva
Ap	svAdi	parasmEpada	luN	uttama	bahu	ApAma
liK	tudAdi	parasmEpada	law	praTama	eka	liKati
liK	tudAdi	parasmEpada	law	praTama	dvi	liKataH
liK	tudAdi	parasmEpada	law	praTama	bahu	liKanti
liK	tudAdi	parasmEpada	law	maDyama	eka	liKasi
liK	tudAdi	parasmEpada	law	maDyama	dvi	liKaTaH
liK	tudAdi	parasmEpada	law	maDyama	bahu	liKaTa
liK	tudAdi	parasmEpada	law	uttama	eka	liKAmi
liK	tudAdi	parasmEpada	law	uttama	dvi	liKAvaH
liK	tudAdi	parasmEpada	law	uttama	bahu	liKAmaH
liK	tudAdi	parasmEpada	low	praTama	eka	liKatu
liK	tudAdi	parasmEpada	low	praTama	dvi	liKatAm
liK	tudAdi	parasmEpada	low	praTama	bahu	liKantu
liK	tudAdi	parasmEpada	low	maDyama	eka	liKa
liK	tudAdi	parasmEpada	low	maDyama	dvi	liKatam
liK	tudAdi	parasmEpada	low	maDyama	bahu	liKata
liK	tudAdi	parasmEpada	low	uttama	eka	liKAni
liK	tudAdi	parasmEpada	low	uttama	dvi	liKAva
liK	tudAdi	parasmEpada	low	uttama	bahu	liKAma
liK	tudAdi	parasmEpada	laN	praTama	eka	aliKat
liK	tudAdi	parasmEpada	laN	praTama	dvi	aliKatAm
liK	tudAdi	parasmEpada	laN	praTama	bahu	aliKan
liK	tudAdi	parasmEpada	laN	maDyama	eka	aliKaH
liK	tudAdi	parasmEpada	laN	maDyama	dvi	aliKatam
liK	tudAdi	parasmEpada	laN	maDyama	bahu	aliKata
liK	tudAdi	parasmEpada	laN	uttama	eka	aliKam
liK	tudAdi	parasmEpada	laN	uttama	dvi	aliKAva
liK	tudAdi	parasmEpada	laN	uttama	bahu	aliKAma
liK	tudAdi	parasmEpada	viDiliN	praTama	eka	liKet
liK	tudAdi	parasmEpada	viDiliN	praTama	dvi	liKetAm
liK	tudAdi	parasmEpada	viDiliN	praTama	bahu	liKeyuH
liK	tudAdi	parasmEpada	viDiliN	maDyama	eka	liKeH
liK	tudAdi	parasmEpada	viDiliN	maDyama	dvi	liKetam
liK	tudAdi	parasmEpada	viDiliN	maDyama	bahu	liKeta
liK	tudAdi	parasmEpada	viDiliN	uttama	eka	liKeyam
liK	tudAdi	parasmEpada	viDiliN	uttama	dvi	liKeva
liK	tudAdi	parasmEpada	viDiliN	uttama	bahu	liKema
liK	tudAdi	parasmEpada	lfw	praTama	eka	leKizyati
liK	tudAdi	parasmEpada	lfw	praTama	dvi	leKizyataH
liK	tudAdi	parasmEpada	lfw	praTama	bahu	leKizyanti
liK	tudAdi	parasmEpada	lfw	maDyama	eka	leKizyasi
liK	tudAdi	parasmEpada	lfw	maDyama	dvi	leKizyaTaH
liK	tudAdi	parasmEpada	lfw	maDyama	bahu	leKizyaTa
liK	tudAdi	parasmEpada	lfw	uttama	eka	leKizyAmi
liK	tudAdi	parasmEpada	lfw	uttama	dvi	leKizyAvaH
liK	tudAdi	parasmEpada	lfw	uttama	bahu	leKizyAmaH
liK	tudAdi	parasmEpada	luw	praTama	eka	leKitA
liK	tudAdi	parasmEpada	luw	praTama	dvi	leKitArO
liK	tudAdi	parasmEpada	luw	praTama	bahu	leKitAraH
liK	tudAdi	parasmEpada	luw	maDyama	eka	leKitAsi
liK	tudAdi	parasmEpada	luw	maDyama	dvi	leKitAsTaH
liK	tudAdi	parasmEpada	luw	maDyama	bahu	leKitAsTa
liK	tudAdi	parasmEpada	luw	uttama	eka	leKitAsmi
liK	tudAdi	parasmEpada	luw	uttama	dvi	leKitAsvaH
liK	tudAdi	parasmEpada	luw	uttama	bahu	leKitAsmaH
liK	tudAdi	parasmEpada	ASIrliN	praTama	eka	liKyAt
liK	tudAdi	parasmEpada	ASIrliN	praTama	dvi	liKyAstAm
liK	tudAdi	parasmEpada	ASIrliN	praTama	bahu	liKyAsuH
liK	tudAdi	parasmEpada	ASIrliN	maDyama	eka	liKyAH
liK	tudAdi	parasmEpada	ASIrliN	maDyama	dvi	liKyAstam
liK	tudAdi	parasmEpada	ASIrliN	maDyama	bahu	liKyAsta
liK	tudAdi	parasmEpada	ASIrliN	uttama	eka	liKyAsam
liK	tudAdi	parasmEpada	ASIrliN	uttama	dvi	liKyAsva
liK	tudAdi	parasmEpada	ASIrliN	uttama	bahu	liKyAsma
liK	tudAdi	parasmEpada	lfN	praTama	eka	aleKizyat
liK	tudAdi	parasmEpada	lfN	praTama	dvi	aleKizyatAm
liK	tudAdi	parasmEpada	lfN	praTama	bahu	aleKizyan
liK	tudAdi	parasmEpada	lfN	maDyama	eka	aleKizyaH
liK	tudAdi	parasmEpada	lfN	maDyama	dvi	aleKizyAtam
liK	tudAdi	parasmEpada	lfN	maDyama	bahu	aleKizyata
liK	tudAdi	parasmEpada	lfN	uttama	eka	aleKizyam
liK	tudAdi	parasmEpada	lfN	uttama	dvi	aleKizyAva
liK	tudAdi	parasmEpada	lfN	uttama	bahu	aleKizyAma
liK	tudAdi	parasmEpada	liw	praTama	eka	lileKa
liK	tudAdi	parasmEpada	liw	praTama	dvi	lileKatuH
liK	tudAdi	parasmEpada	liw	praTama	bahu	liliKuH
liK	tudAdi	parasmEpada	liw	maDyama	eka	lileKiTa
liK	tudAdi	parasmEpada	liw	maDyama	dvi	lileKaTuH
liK	tudAdi	parasmEpada	liw	maDyama	bahu	liliza
liK	tudAdi	parasmEpada	liw	uttama	eka	lileKa
liK	tudAdi	parasmEpada	liw	uttama	dvi	liliKiva
liK	tudAdi	parasmEpada	liw	uttama	bahu	liliKima
liK	tudAdi	parasmEpada	luN	praTama	eka	aleKIt
liK	tudAdi	parasmEpada	luN	praTama	dvi	aleKizwAm
liK	tudAdi	parasmEpada	luN	praTama	bahu	aleKizuH
liK	tudAdi	parasmEpada	luN	maDyama	eka	aleKIH
liK	tudAdi	parasmEpada	luN	maDyama	dvi	aleKizwam
liK	tudAdi	parasmEpada	luN	maDyama	bahu	aleKizwa
liK	tudAdi	parasmEpada	luN	uttama	eka	aleKizam
liK	tudAdi	parasmEpada	luN	uttama	dvi	aleKizva
liK	tudAdi	parasmEpada	luN	uttama	bahu	aleKizma
yuj	ruDAdi	parasmEpada	law	praTama	eka	yunakti
yuj	ruDAdi	parasmEpada	law	praTama	dvi	yuNktaH
yuj	ruDAdi	parasmEpada	law	praTama	bahu	yuYjanti
yuj	ruDAdi	parasmEpada	law	maDyama	eka	yunakzi
yuj	ruDAdi	parasmEpada	law	maDyama	dvi	yuNkTaH
yuj	ruDAdi	parasmEpada	law	maDyama	bahu	yuNkTa
yuj	ruDAdi	parasmEpada	law	uttama	eka	yunajmi
yuj	ruDAdi	parasmEpada	law	uttama	dvi	yuYjvaH
yuj	ruDAdi	parasmEpada	law	uttama	bahu	yuYjmaH
yuj	ruDAdi	parasmEpada	low	praTama	eka	yunaktu
yuj	ruDAdi	parasmEpada	low	praTama	dvi	yuNktAm
yuj	ruDAdi	parasmEpada	low	praTama	bahu	yuYjantu
yuj	ruDAdi	parasmEpada	low	maDyama	eka	yuNgDi
yuj	ruDAdi	parasmEpada	low	maDyama	dvi	yuNktam
yuj	ruDAdi	parasmEpada	low	maDyama	bahu	yuNkta
yuj	ruDAdi	parasmEpada	low	uttama	eka	yunajAni
yuj	ruDAdi	parasmEpada	low	uttama	dvi	yunajAva
yuj	ruDAdi	parasmEpada	low	uttama	bahu	yunajAma
yuj	ruDAdi	parasmEpada	laN	praTama	eka	ayunak
yuj	ruDAdi	parasmEpada	laN	praTama	dvi	ayuNktAm
yuj	ruDAdi	parasmEpada	laN	praTama	bahu	ayuYjan
yuj	ruDAdi	parasmEpada	laN	maDyama	eka	ayunak
yuj	ruDAdi	parasmEpada	laN	maDyama	dvi	ayuNktam
yuj	ruDAdi	parasmEpada	laN	maDyama	bahu	ayuNkta
yuj	ruDAdi	parasmEpada	laN	uttama	eka	ayunajam
yuj	ruDAdi	parasmEpada	laN	uttama	dvi	ayuYjva
yuj	ruDAdi	parasmEpada	laN	uttama	bahu	ayuYjma
yuj	ruDAdi	parasmEpada	viDiliN	praTama	eka	yuYjyAt
yuj	ruDAdi	parasmEpada	viDiliN	praTama	dvi	yuYjyAtAm
yuj	ruDAdi	parasmEpada	viDiliN	praTama	bahu	yuYjyuH
yuj	ruDAdi	parasmEpada	viDiliN	maDyama	eka	yuYjyAH
yuj	ruDAdi	parasmEpada	viDiliN	maDyama	dvi	yuYjyAtam
yuj	ruDAdi	parasmEpada	viDiliN	maDyama	bahu	yuYjyAta
yuj	ruDAdi	parasmEpada	viDiliN	uttama	eka	yuYjyAm
yuj	ruDAdi	parasmEpada	viDiliN	uttama	dvi	yuYjyAva
yuj	ruDAdi	parasmEpada	viDiliN	uttama	bahu	yuYjyAma
yuj	ruDAdi	parasmEpada	lfw	praTama	eka	yokzyati
yuj	ruDAdi	parasmEpada	lfw	praTama	dvi	yokzyataH
yuj	ruDAdi	parasmEpada	lfw	praTama	bahu	yokzyanti
yuj	ruDAdi	parasmEpada	lfw	maDyama	eka	yokzyasi
yuj	ruDAdi	parasmEpada	lfw	maDyama	dvi	yokzyaTaH
yuj	ruDAdi	parasmEpada	lfw	maDyama	bahu	yokzyaTa
yuj	ruDAdi	parasmEpada	lfw	uttama	eka	yokzyAmi
yuj	ruDAdi	parasmEpada	lfw	uttama	dvi	yokzyAvaH
yuj	ruDAdi	parasmEpada	lfw	uttama	bahu	yokzyAmaH
yuj	ruDAdi	parasmEpada	luw	praTama	eka	yoktA
yuj	ruDAdi	parasmEpada	luw	praTama	dvi	yoktArO
yuj	ruDAdi	parasmEpada	luw	praTama	bahu	yoktAraH
yuj	ruDAdi	parasmEpada	luw	maDyama	eka	yoktAsi
yuj	ruDAdi	parasmEpada	luw	maDyama	dvi	yoktAsTaH
yuj	ruDAdi	parasmEpada	luw	maDyama	bahu	yoktAsTa
yuj	ruDAdi	parasmEpada	luw	uttama	eka	yoktAsmi
yuj	ruDAdi	parasmEpada	luw	uttama	dvi	yoktAsvaH
yuj	ruDAdi	parasmEpada	luw	uttama	bahu	yoktAsmaH
yuj	ruDAdi	parasmEpada	ASIrliN	praTama	eka	yujyAt
yuj	ruDAdi	parasmEpada	ASIrliN	praTama	dvi	yujyAstAm
yuj	ruDAdi	parasmEpada	ASIrliN	praTama	bahu	yujyAsuH
yuj	ruDAdi	parasmEpada	ASIrliN	maDyama	eka	yujyAH
yuj	ruDAdi	parasmEpada	ASIrliN	maDyama	dvi	yujyAstam
yuj	ruDAdi	parasmEpada	ASIrliN	maDyama	bahu	yujyAsta
yuj	ruDAdi	parasmEpada	ASIrliN	uttama	eka	yujyAsam
yuj	ruDAdi	parasmEpada	ASIrliN	uttama	dvi	yujyAsva
yuj	ruDAdi	parasmEpada	ASIrliN	uttama	bahu	yujyAsma
yuj	ruDAdi	parasmEpada	lfN	praTama	eka	ayokzyat
yuj	ruDAdi	parasmEpada	lfN	praTama	dvi	ayokzyatAm
yuj	ruDAdi	parasmEpada	lfN	praTama	bahu	ayokzyan
yuj	ruDAdi	parasmEpada	lfN	maDyama	eka	ayokzyaH
yuj	ruDAdi	parasmEpada	lfN	maDyama	dvi	ayokzyatam
yuj	ruDAdi	parasmEpada	lfN	maDyama	bahu	ayokzyata
yuj	ruDAdi	parasmEpada	lfN	uttama	eka	ayokzyam
yuj	ruDAdi	parasmEpada	lfN	uttama	dvi	ayokzyAva
yuj	ruDAdi	parasmEpada	lfN	uttama	bahu	ayokzyAma
yuj	ruDAdi	parasmEpada	liw	praTama	eka	yuyoja
yuj	ruDAdi	parasmEpada	liw	praTama	dvi	yuyujatuH
yuj	ruDAdi	parasmEpada	liw	praTama	bahu	yuyujuH
yuj	ruDAdi	parasmEpada	liw	maDyama	eka	yuyojiTa
yuj	ruDAdi	parasmEpada	liw	maDyama	dvi	yuyujaTuH
yuj	ruDAdi	parasmEpada	liw	maDyama	bahu	yuyuja
yuj	ruDAdi	parasmEpada	liw	uttama	eka	yuyoja
yuj	ruDAdi	parasmEpada	liw	uttama	dvi	yuyujiva
yuj	ruDAdi	parasmEpada	liw	uttama	bahu	yuyujima
yuj	ruDAdi	parasmEpada	luN	praTama	eka	ayOkzIt
yuj	ruDAdi	parasmEpada	luN	praTama	dvi	ayOktAm
yuj	ruDAdi	parasmEpada	luN	praTama	bahu	ayOkzuH
yuj	ruDAdi	parasmEpada	luN	maDyama	eka	ayOkzIH
yuj	ruDAdi	parasmEpada	luN	maDyama	dvi	ayOktam
yuj	ruDAdi	parasmEpada	luN	maDyama	bahu	ayOkta
yuj	ruDAdi	parasmEpada	luN	uttama	eka	ayOkzam
yuj	ruDAdi	parasmEpada	luN	uttama	dvi	ayOkzva
yuj	ruDAdi	parasmEpada	luN	uttama	bahu	ayOkzma
kf	tanAdi	parasmEpada	law	praTama	eka	karoti
kf	tanAdi	parasmEpada	law	praTama	dvi	kurutaH
kf	tanAdi	parasmEpada	law	praTama	bahu	kurvanti
kf	tanAdi	parasmEpada	law	maDyama	eka	karozi
kf	tanAdi	parasmEpada	law	maDyama	dvi	kuruTaH
kf	tanAdi	parasmEpada	law	maDyama	bahu	kuruTa
kf	tanAdi	parasmEpada	law	uttama	eka	karomi
kf	tanAdi	parasmEpada	law	uttama	dvi	kurvaH
kf	tanAdi	parasmEpada	law	uttama	bahu	kurmaH
kf	tanAdi	parasmEpada	low	praTama	eka	karotu
kf	tanAdi	parasmEpada	low	praTama	dvi	kurutaH
kf	tanAdi	parasmEpada	low	praTama	bahu	kurvantu
kf	tanAdi	parasmEpada	low	maDyama	eka	kuru
kf	tanAdi	parasmEpada	low	maDyama	dvi	kurutam
kf	tanAdi	parasmEpada	low	maDyama	bahu	kuruta
kf	tanAdi	parasmEpada	low	uttama	eka	karavARi
kf	tanAdi	parasmEpada	low	uttama	dvi	karavAva
kf	tanAdi	parasmEpada	low	uttama	bahu	karavAma
kf	tanAdi	parasmEpada	laN	praTama	eka	akarot
kf	tanAdi	parasmEpada	laN	praTama	dvi	akurutAm
kf	tanAdi	parasmEpada	laN	praTama	bahu	akurvan
kf	tanAdi	parasmEpada	laN	maDyama	eka	akaroH
kf	tanAdi	parasmEpada	laN	maDyama	dvi	akurutam
kf	tanAdi	parasmEpada	laN	maDyama	bahu	akuruta
kf	tanAdi	parasmEpada	laN	uttama	eka	akaravam
kf	tanAdi	parasmEpada	laN	uttama	dvi	akurva
kf	tanAdi	parasmEpada	laN	uttama	bahu	akurma
kf	tanAdi	parasmEpada	viDiliN	praTama	eka	kuryAt
kf	tanAdi	parasmEpada	viDiliN	praTama	dvi	kuryAtAm
kf	tanAdi	parasmEpada	viDiliN	praTama	bahu	kuryuH
kf	tanAdi	parasmEpada	viDiliN	maDyama	eka	kuryAH
kf	tanAdi	parasmEpada	viDiliN	maDyama	dvi	kuryAtam
kf	tanAdi	parasmEpada	viDiliN	maDyama	bahu	kuryAta
kf	tanAdi	parasmEpada	viDiliN	uttama	eka	kuryAm
kf	tanAdi	parasmEpada	viDiliN	uttama	dvi	kuryAva
kf	tanAdi	parasmEpada	viDiliN	uttama	bahu	kuryAma
kf	tanAdi	parasmEpada	lfw	praTama	eka	karizyati
kf	tanAdi	parasmEpada	lfw	praTama	dvi	karizyataH
kf	tanAdi	parasmEpada	lfw	praTama	bahu	karizyanti
kf	tanAdi	parasmEpada	lfw	maDyama	eka	karizyasi
kf	tanAdi	parasmEpada	lfw	maDyama	dvi	karizyaTaH
kf	tanAdi	parasmEpada	lfw	maDyama	bahu	karizyaTa
kf	tanAdi	parasmEpada	lfw	uttama	eka	karizyAmi
kf	tanAdi	parasmEpada	lfw	uttama	dvi	karizyAvaH
kf	tanAdi	parasmEpada	lfw	uttama	bahu	karizyAmaH
kf	tanAdi	parasmEpada	luw	praTama	eka	kartA
kf	tanAdi	parasmEpada	luw	praTama	dvi	kartArO
kf	tanAdi	parasmEpada	luw	praTama	bahu	kartAraH
kf	tanAdi	parasmEpada	luw	maDyama	eka	kartAsi
kf	tanAdi	parasmEpada	luw	maDyama	dvi	kartAsTaH
kf	tanAdi	parasmEpada	luw	maDyama	bahu	kartAsTa
kf	tanAdi	parasmEpada	luw	uttama	eka	kartAsmi
kf	tanAdi	parasmEpada	luw	uttama	dvi	kartAsvaH
kf	tanAdi	parasmEpada	luw	uttama	bahu	kartAsmaH
kf	tanAdi	parasmEpada	ASIrliN	praTama	eka	kriyAt
kf	tanAdi	parasmEpada	ASIrliN	praTama	dvi	kriyAstAm
kf	tanAdi	parasmEpada	ASIrliN	praTama	bahu	kriyAsuH
kf	tanAdi	parasmEpada	ASIrliN	maDyama	eka	kriyAH
kf	tanAdi	parasmEpada	ASIrliN	maDyama	dvi	kriyAstam
kf	tanAdi	parasmEpada	ASIrliN	maDyama	bahu	kriyAsta
kf	tanAdi	parasmEpada	ASIrliN	uttama	eka	kriyAsam
kf	tanAdi	parasmEpada	ASIrliN	uttama	dvi	kriyAsva
kf	tanAdi	parasmEpada	ASIrliN	uttama	bahu	kriyAsma
kf	tanAdi	parasmEpada	lfN	praTama	eka	akarizyat
kf	tanAdi	parasmEpada	lfN	praTama	dvi	akarizyatAm
kf	tanAdi	parasmEpada	lfN	praTama	bahu	akarizyan
kf	tanAdi	parasmEpada	lfN	maDyama	eka	akarizyaH
kf	tanAdi	parasmEpada	lfN	maDyama	dvi	akarizyatam
kf	tanAdi	parasmEpada	lfN	maDyama	bahu	akarizyata
kf	tanAdi	parasmEpada	lfN	uttama	eka	akarizyam
kf	tanAdi	parasmEpada	lfN	uttama	dvi	akarizyAva
kf	tanAdi	parasmEpada	lfN	uttama	bahu	akarizyAma
kf	tanAdi	parasmEpada	liw	praTama	eka	cakAra
kf	tanAdi	parasmEpada	liw	praTama	dvi	cakratuH
kf	tanAdi	parasmEpada	liw	praTama	bahu	cakruH
kf	tanAdi	parasmEpada	liw	maDyama	eka	cakarTa
kf	tanAdi	parasmEpada	liw	maDyama	dvi	cakraTuH
kf	tanAdi	parasmEpada	liw	maDyama	bahu	cakra
kf	tanAdi	parasmEpada	liw	uttama	eka	cakara
kf	tanAdi	parasmEpada	liw	uttama	dvi	cakfva
kf	tanAdi	parasmEpada	liw	uttama	bahu	cakfma
kf	tanAdi	parasmEpada	luN	praTama	eka	akArzIt
kf	tanAdi	parasmEpada	luN	praTama	dvi	akArzwAm
kf	tanAdi	parasmEpada	luN	praTama	bahu	bAlakAH-bAlikAHakArzuH
kf	tanAdi	parasmEpada	luN	maDyama	eka	akArzIH
kf	tanAdi	parasmEpada	luN	maDyama	dvi	akArzwam
kf	tanAdi	parasmEpada	luN	maDyama	bahu	akArzwa
kf	tanAdi	parasmEpada	luN	uttama	eka	akArzam
kf	tanAdi	parasmEpada	luN	uttama	dvi	akArzva
kf	tanAdi	parasmEpada	luN	uttama	bahu	akArzma
krI	kryAdi	parasmEpada	law	praTama	eka	krIRAti
krI	kryAdi	parasmEpada	law	praTama	dvi	krIRItaH
krI	kryAdi	parasmEpada	law	praTama	bahu	krIRanti
krI	kryAdi	parasmEpada	law	maDyama	eka	krIRAsi
krI	kryAdi	parasmEpada	law	maDyama	dvi	krIRITaH
krI	kryAdi	parasmEpada	law	maDyama	bahu	krIRITa
krI	kryAdi	parasmEpada	law	uttama	eka	krIRAmi
krI	kryAdi	parasmEpada	law	uttama	dvi	krIRIvaH
krI	kryAdi	parasmEpada	law	uttama	bahu	krIRImaH
krI	kryAdi	parasmEpada	low	praTama	eka	krIRAtu
krI	kryAdi	parasmEpada	low	praTama	dvi	krIRItAm
krI	kryAdi	parasmEpada	low	praTama	bahu	krIRantu
krI	kryAdi	parasmEpada	low	maDyama	eka	krIRIhi
krI	kryAdi	parasmEpada	low	maDyama	dvi	krIRItam
krI	kryAdi	parasmEpada	low	maDyama	bahu	krIRIta
krI	kryAdi	parasmEpada	low	uttama	eka	krIRAni
krI	kryAdi	parasmEpada	low	uttama	dvi	krIRAva
krI	kryAdi	parasmEpada	low	uttama	bahu	krIRAma
krI	kryAdi	parasmEpada	laN	praTama	eka	akrIRAt
krI	kryAdi	parasmEpada	laN	praTama	dvi	akrIRItAm
krI	kryAdi	parasmEpada	laN	praTama	bahu	akrIRan
krI	kryAdi	parasmEpada	laN	maDyama	eka	akrIRaH
krI	kryAdi	parasmEpada	laN	maDyama	dvi	akrIRItam
krI	kryAdi	parasmEpada	laN	maDyama	bahu	akrIRIta
krI	kryAdi	parasmEpada	laN	uttama	eka	akrIRAm
krI	kryAdi	parasmEpada	laN	uttama	dvi	akrIRIva
krI	kryAdi	parasmEpada	laN	uttama	bahu	akrIRIma
krI	kryAdi	parasmEpada	viDiliN	praTama	eka	krIRIyAt
krI	kryAdi	parasmEpada	viDiliN	praTama	dvi	krIRIyAtAm
krI	kryAdi	parasmEpada	viDiliN	praTama	bahu	krIRIyuH
krI	kryAdi	parasmEpada	viDiliN	maDyama	eka	krIRIyAH
krI	kryAdi	parasmEpada	viDiliN	maDyama	dvi	krIRIyAtam
krI	kryAdi	parasmEpada	viDiliN	maDyama	bahu	krIRIyAta
krI	kryAdi	parasmEpada	viDiliN	uttama	eka	krIRIyAm
krI	kryAdi	parasmEpada	viDiliN	uttama	dvi	krIRIyAva
krI	kryAdi	parasmEpada	viDiliN	uttama	bahu	krIRIyAma
krI	kryAdi	parasmEpada	lfw	praTama	eka	krezyati
krI	kryAdi	parasmEpada	lfw	praTama	dvi	krezyataH
krI	kryAdi	parasmEpada	lfw	praTama	bahu	krezyanti
krI	kryAdi	parasmEpada	lfw	maDyama	eka	krezyasi
krI	kryAdi	parasmEpada	lfw	maDyama	dvi	krezyaTaH
krI	kryAdi	parasmEpada	lfw	maDyama	bahu	krezyaTa
krI	kryAdi	parasmEpada	lfw	uttama	eka	krezyAmi
krI	kryAdi	parasmEpada	lfw	uttama	dvi	krezyAvaH
krI	kryAdi	parasmEpada	lfw	uttama	bahu	krezyAmaH
krI	kryAdi	parasmEpada	luw	praTama	eka	kretA
krI	kryAdi	parasmEpada	luw	praTama	dvi	kretArO
krI	kryAdi	parasmEpada	luw	praTama	bahu	kretAraH
krI	kryAdi	parasmEpada	luw	maDyama	eka	kretAsi
krI	kryAdi	parasmEpada	luw	maDyama	dvi	kretAsTaH
krI	kryAdi	parasmEpada	luw	maDyama	bahu	kretAsTa
krI	kryAdi	parasmEpada	luw	uttama	eka	kretAsmi
krI	kryAdi	parasmEpada	luw	uttama	dvi	kretAsvaH
krI	kryAdi	parasmEpada	luw	uttama	bahu	kretAsmaH
krI	kryAdi	parasmEpada	ASIrliN	praTama	eka	krIyAt
krI	kryAdi	parasmEpada	ASIrliN	praTama	dvi	krIyAstAm
krI	kryAdi	parasmEpada	ASIrliN	praTama	bahu	krIyAsuH
krI	kryAdi	parasmEpada	ASIrliN	maDyama	eka	krIyAH
krI	kryAdi	parasmEpada	ASIrliN	maDyama	dvi	krIyAstam
krI	kryAdi	parasmEpada	ASIrliN	maDyama	bahu	krIyAsta
krI	kryAdi	parasmEpada	ASIrliN	uttama	eka	krIyAsam
krI	kryAdi	parasmEpada	ASIrliN	uttama	dvi	krIyAsva
krI	kryAdi	parasmEpada	ASIrliN	uttama	bahu	krIyAsma
krI	kryAdi	parasmEpada	lfN	praTama	eka	akrezyat
krI	kryAdi	parasmEpada	lfN	praTama	dvi	akrezyatAm
krI	kryAdi	parasmEpada	lfN	praTama	bahu	akrezyan
krI	kryAdi	parasmEpada	lfN	maDyama	eka	akrezyaH
krI	kryAdi	parasmEpada	lfN	maDyama	dvi	akrezyatam
krI	kryAdi	parasmEpada	lfN	maDyama	bahu	akrezyata
krI	kryAdi	parasmEpada	lfN	uttama	eka	akrezyam
krI	kryAdi	parasmEpada	lfN	uttama	dvi	akrezyAva
krI	kryAdi	parasmEpada	lfN	uttama	bahu	akrezyAma
krI	kryAdi	parasmEpada	liw	praTama	eka	cikrAya
krI	kryAdi	parasmEpada	liw	praTama	dvi	cikriyatuH
krI	kryAdi	parasmEpada	liw	praTama	bahu	cikriyuH
krI	kryAdi	parasmEpada	liw	maDyama	eka	cikreTa
krI	kryAdi	parasmEpada	liw	maDyama	dvi	cikriyaTuH
krI	kryAdi	parasmEpada	liw	maDyama	bahu	cikriya
krI	kryAdi	parasmEpada	liw	uttama	eka	cikrAya
krI	kryAdi	parasmEpada	liw	uttama	dvi	cikriyiva
krI	kryAdi	parasmEpada	liw	uttama	bahu	cikriyima
krI	kryAdi	parasmEpada	luN	praTama	eka	akrEzIt
krI	kryAdi	parasmEpada	luN	praTama	dvi	akrEzwAm
krI	kryAdi	parasmEpada	luN	praTama	bahu	akrEzuH
krI	kryAdi	parasmEpada	luN	maDyama	eka	akrEzIH
krI	kryAdi	parasmEpada	luN	maDyama	dvi	akrEzwam
krI	kryAdi	parasmEpada	luN	maDyama	bahu	akrEzwa
krI	kryAdi	parasmEpada	luN	uttama	eka	akrEzam
krI	kryAdi	parasmEpada	luN	uttama	dvi	akrEzva
krI	kryAdi	parasmEpada	luN	uttama	bahu	akrEzma
kaT	curAdi	parasmEpada	law	praTama	eka	kaTayati
kaT	curAdi	parasmEpada	law	praTama	dvi	kaTayataH
kaT	curAdi	parasmEpada	law	praTama	bahu	kaTayanti
kaT	curAdi	parasmEpada	law	maDyama	eka	kaTayasi
kaT	curAdi	parasmEpada	law	maDyama	dvi	kaTayaTaH
kaT	curAdi	parasmEpada	law	maDyama	bahu	kaTayaTa
kaT	curAdi	parasmEpada	law	uttama	eka	kaTayAmi
kaT	curAdi	parasmEpada	law	uttama	dvi	kaTayAvaH
kaT	curAdi	parasmEpada	law	uttama	bahu	kaTayAmaH
kaT	curAdi	parasmEpada	low	praTama	eka	kaTayatu
kaT	curAdi	parasmEpada	low	praTama	dvi	kaTayatAm
kaT	curAdi	parasmEpada	low	praTama	bahu	kaTayantu
kaT	curAdi	parasmEpada	low	maDyama	eka	kaTayasi
kaT	curAdi	parasmEpada	low	maDyama	dvi	kaTayaTaH
kaT	curAdi	parasmEpada	low	maDyama	bahu	kaTayaTa
kaT	curAdi	parasmEpada	low	uttama	eka	kaTayAmi
kaT	curAdi	parasmEpada	low	uttama	dvi	kaTayAvaH
kaT	curAdi	parasmEpada	low	uttama	bahu	kaTayAmaH
kaT	curAdi	parasmEpada	laN	praTama	eka	akaTayat
kaT	curAdi	parasmEpada	laN	praTama	dvi	akaTayatAm
kaT	curAdi	parasmEpada	laN	praTama	bahu	akaTayan
kaT	curAdi	parasmEpada	laN	maDyama	eka	akaTayaH
kaT	curAdi	parasmEpada	laN	maDyama	dvi	akaTayatam
kaT	curAdi	parasmEpada	laN	maDyama	bahu	akaTayata
kaT	curAdi	parasmEpada	laN	uttama	eka	akaTayam
kaT	curAdi	parasmEpada	laN	uttama	dvi	akaTayAva
kaT	curAdi	parasmEpada	laN	uttama	bahu	akaTayAma
kaT	curAdi	parasmEpada	viDiliN	praTama	eka	kaTayet
kaT	curAdi	parasmEpada	viDiliN	praTama	dvi	kaTayetAm
kaT	curAdi	parasmEpada	viDiliN	praTama	bahu	kaTayeyuH
kaT	curAdi	parasmEpada	viDiliN	maDyama	eka	kaTayeH
kaT	curAdi	parasmEpada	viDiliN	maDyama	dvi	kaTayetam
kaT	curAdi	parasmEpada	viDiliN	maDyama	bahu	kaTayeta
kaT	curAdi	parasmEpada	viDiliN	uttama	eka	kaTayeyam
kaT	curAdi	parasmEpada	viDiliN	uttama	dvi	kaTayeva
kaT	curAdi	parasmEpada	viDiliN	uttama	bahu	kaTayema
kaT	curAdi	parasmEpada	lfw	praTama	eka	kaTayizyati
kaT	curAdi	parasmEpada	lfw	praTama	dvi	kaTayizyataH
kaT	curAdi	parasmEpada	lfw	praTama	bahu	kaTayizyanti
kaT	curAdi	parasmEpada	lfw	maDyama	eka	kaTayizyasi
kaT	curAdi	parasmEpada	lfw	maDyama	dvi	kaTayizyaTaH
kaT	curAdi	parasmEpada	lfw	maDyama	bahu	kaTayizyaTa
kaT	curAdi	parasmEpada	lfw	uttama	eka	kaTayizyAmi
kaT	curAdi	parasmEpada	lfw	uttama	dvi	kaTayizyAvaH
kaT	curAdi	parasmEpada	lfw	uttama	bahu	kaTayizyAmaH
kaT	curAdi	parasmEpada	luw	praTama	eka	kaTayitA
kaT	curAdi	parasmEpada	luw	praTama	dvi	kaTayitArO
kaT	curAdi	parasmEpada	luw	praTama	bahu	kaTayitAraH
kaT	curAdi	parasmEpada	luw	maDyama	eka	kaTayitAsi
kaT	curAdi	parasmEpada	luw	maDyama	dvi	kaTayitAsTaH
kaT	curAdi	parasmEpada	luw	maDyama	bahu	kaTayitAsTa
kaT	curAdi	parasmEpada	luw	uttama	eka	kaTayitAsmi
kaT	curAdi	parasmEpada	luw	uttama	dvi	kaTayitAsvaH
kaT	curAdi	parasmEpada	luw	uttama	bahu	kaTayitAsmaH
kaT	curAdi	parasmEpada	ASIrliN	praTama	eka	kaTyAt
kaT	curAdi	parasmEpada	ASIrliN	praTama	dvi	kaTyAstAm
kaT	curAdi	parasmEpada	ASIrliN	praTama	bahu	kaTyAsuH
kaT	curAdi	parasmEpada	ASIrliN	maDyama	eka	kaTyAH
kaT	curAdi	parasmEpada	ASIrliN	maDyama	dvi	kaTyAstam
kaT	curAdi	parasmEpada	ASIrliN	maDyama	bahu	kaTyAsta
kaT	curAdi	parasmEpada	ASIrliN	uttama	eka	kaTyAsmi
kaT	curAdi	parasmEpada	ASIrliN	uttama	dvi	kaTyAsva
kaT	curAdi	parasmEpada	ASIrliN	uttama	bahu	kaTyAsma
kaT	curAdi	parasmEpada	lfN	praTama	eka	akaTayizyat
kaT	curAdi	parasmEpada	lfN	praTama	dvi	akaTayizyatAm
kaT	curAdi	parasmEpada	lfN	praTama	bahu	akaTayizyan
kaT	curAdi	parasmEpada	lfN	maDyama	eka	akaTayizyaH
kaT	curAdi	parasmEpada	lfN	maDyama	dvi	akaTayizyatam
kaT	curAdi	parasmEpada	lfN	maDyama	bahu	akaTayizyata
kaT	curAdi	parasmEpada	lfN	uttama	eka	akaTayizyam
kaT	curAdi	parasmEpada	lfN	uttama	dvi	akaTayizyAva
kaT	curAdi	parasmEpada	lfN	uttama	bahu	akaTayizyAma
kaT	curAdi	parasmEpada	liw	praTama	eka	kaTayAYcakAra
kaT	curAdi	parasmEpada	liw	praTama	dvi	kaTayAYcakratuH
kaT	curAdi	parasmEpada	liw	praTama	bahu	kaTayAYcakruH
kaT	curAdi	parasmEpada	liw	maDyama	eka	kaTayAYcakarTa
kaT	curAdi	parasmEpada	liw	maDyama	dvi	kaTayAYcakraTuH
kaT	curAdi	parasmEpada	liw	maDyama	bahu	kaTayAYcakra
kaT	curAdi	parasmEpada	liw	uttama	eka	cakara
kaT	curAdi	parasmEpada	liw	uttama	dvi	kaTayAYcakfva
kaT	curAdi	parasmEpada	liw	uttama	bahu	kaTayAYcakfma
kaT	curAdi	parasmEpada	luN	praTama	eka	acakaTat
kaT	curAdi	parasmEpada	luN	praTama	dvi	acakaTatAm
kaT	curAdi	parasmEpada	luN	praTama	bahu	acakaTan
kaT	curAdi	parasmEpada	luN	maDyama	eka	acakaTAH
kaT	curAdi	parasmEpada	luN	maDyama	dvi	acakaTatam
kaT	curAdi	parasmEpada	luN	maDyama	bahu	acakaTata
kaT	curAdi	parasmEpada	luN	uttama	eka	acakaTam
kaT	curAdi	parasmEpada	luN	uttama	dvi	acakaTAva
kaT	curAdi	parasmEpada	luN	uttama	bahu	acakaTAma
