prAtipadika	nAmapada	liNgam	viBakti	vacanam	rUpam
rAma	nAma	puM	praTamA	eka	rAmaH
rAma	nAma	puM	praTamA	dvi	rAmO
rAma	nAma	puM	praTamA	bahu	rAmAH
rAma	nAma	puM	dvitIyA	eka	rAmam
rAma	nAma	puM	dvitIyA	dvi	rAmO
rAma	nAma	puM	dvitIyA	bahu	rAmAn
rAma	nAma	puM	tftIyA	eka	rAmeRa
rAma	nAma	puM	tftIyA	dvi	rAmAByAm
rAma	nAma	puM	tftIyA	bahu	rAmEH
rAma	nAma	puM	caturTI	eka	rAmAya
rAma	nAma	puM	caturTI	dvi	rAmAByAm
rAma	nAma	puM	caturTI	bahu	rAmeByaH
rAma	nAma	puM	paYcamI	eka	rAmAt
rAma	nAma	puM	paYcamI	dvi	rAmAByAm
rAma	nAma	puM	paYcamI	bahu	rAmeByaH
rAma	nAma	puM	zazWI	eka	rAmasya
rAma	nAma	puM	zazWI	dvi	rAmayoH
rAma	nAma	puM	zazWI	bahu	rAmARAm
rAma	nAma	puM	saptamI	eka	rAme
rAma	nAma	puM	saptamI	dvi	rAmayoH
rAma	nAma	puM	saptamI	bahu	rAmezu
rAma	nAma	puM	samboDana	eka	rAma
rAma	nAma	puM	samboDana	dvi	he rAmO
rAma	nAma	puM	samboDana	bahu	rAmAH
hari	nAma	puM	praTamA	eka	hariH
hari	nAma	puM	praTamA	dvi	harI
hari	nAma	puM	praTamA	bahu	harayaH
hari	nAma	puM	dvitIyA	eka	harim
hari	nAma	puM	dvitIyA	dvi	harI
hari	nAma	puM	dvitIyA	bahu	harIn
hari	nAma	puM	tftIyA	eka	hariRA
hari	nAma	puM	tftIyA	dvi	hariByAm
hari	nAma	puM	tftIyA	bahu	hariBiH
hari	nAma	puM	caturTI	eka	haraye
hari	nAma	puM	caturTI	dvi	hariByAm
hari	nAma	puM	caturTI	bahu	hariByaH
hari	nAma	puM	paYcamI	eka	hareH
hari	nAma	puM	paYcamI	dvi	hariByAm
hari	nAma	puM	paYcamI	bahu	hariByaH
hari	nAma	puM	zazWI	eka	hareH
hari	nAma	puM	zazWI	dvi	haryyOH
hari	nAma	puM	zazWI	bahu	harIRAm
hari	nAma	puM	saptamI	eka	harO
hari	nAma	puM	saptamI	dvi	haryyOH
hari	nAma	puM	saptamI	bahu	harizu
hari	nAma	puM	samboDana	eka	hare
hari	nAma	puM	samboDana	dvi	he harI
hari	nAma	puM	samboDana	bahu	harayaH
guru	nAma	puM	praTamA	eka	guruH
guru	nAma	puM	praTamA	dvi	gurU
guru	nAma	puM	praTamA	bahu	guravaH
guru	nAma	puM	dvitIyA	eka	gurum
guru	nAma	puM	dvitIyA	dvi	gurU
guru	nAma	puM	dvitIyA	bahu	gurUn
guru	nAma	puM	tftIyA	eka	guruRA
guru	nAma	puM	tftIyA	dvi	guruByAm
guru	nAma	puM	tftIyA	bahu	guruBiH
guru	nAma	puM	caturTI	eka	gurave
guru	nAma	puM	caturTI	dvi	guruByAm
guru	nAma	puM	caturTI	bahu	guruByaH
guru	nAma	puM	paYcamI	eka	guroH
guru	nAma	puM	paYcamI	dvi	guruByAm
guru	nAma	puM	paYcamI	bahu	guruByaH
guru	nAma	puM	zazWI	eka	guroH
guru	nAma	puM	zazWI	dvi	gurvoH
guru	nAma	puM	zazWI	bahu	gurURAm
guru	nAma	puM	saptamI	eka	gurO
guru	nAma	puM	saptamI	dvi	gurvoH
guru	nAma	puM	saptamI	bahu	guruzu
guru	nAma	puM	samboDana	eka	guro
guru	nAma	puM	samboDana	dvi	he gurU
guru	nAma	puM	samboDana	bahu	guravaH
pitf	nAma	puM	praTamA	eka	pitA
pitf	nAma	puM	praTamA	dvi	pitarO
pitf	nAma	puM	praTamA	bahu	pitaraH
pitf	nAma	puM	dvitIyA	eka	pitaram
pitf	nAma	puM	dvitIyA	dvi	pitarO
pitf	nAma	puM	dvitIyA	bahu	pitFn
pitf	nAma	puM	tftIyA	eka	pitrA
pitf	nAma	puM	tftIyA	dvi	pitfByAm
pitf	nAma	puM	tftIyA	bahu	pitfBiH
pitf	nAma	puM	caturTI	eka	pitre
pitf	nAma	puM	caturTI	dvi	pitarAByAm
pitf	nAma	puM	caturTI	bahu	pitfByaH
pitf	nAma	puM	paYcamI	eka	pituH
pitf	nAma	puM	paYcamI	dvi	pitfByAm
pitf	nAma	puM	paYcamI	bahu	pitfByaH
pitf	nAma	puM	zazWI	eka	pituH
pitf	nAma	puM	zazWI	dvi	pitroH
pitf	nAma	puM	zazWI	bahu	pitFRAm
pitf	nAma	puM	saptamI	eka	pitari
pitf	nAma	puM	saptamI	dvi	pitroH
pitf	nAma	puM	saptamI	bahu	pitfzu
pitf	nAma	puM	samboDana	eka	pitaH
pitf	nAma	puM	samboDana	dvi	pitarO
pitf	nAma	puM	samboDana	bahu	pitaraH
rE	nAma	puM	praTamA	eka	rAH
rE	nAma	puM	praTamA	dvi	rAyO
rE	nAma	puM	praTamA	bahu	rAyaH
rE	nAma	puM	dvitIyA	eka	rAyam
rE	nAma	puM	dvitIyA	dvi	rAyO
rE	nAma	puM	dvitIyA	bahu	rAyaH
rE	nAma	puM	tftIyA	eka	rAyA
rE	nAma	puM	tftIyA	dvi	rAByAm
rE	nAma	puM	tftIyA	bahu	rABiH
rE	nAma	puM	caturTI	eka	rAyE
rE	nAma	puM	caturTI	dvi	rAByAm
rE	nAma	puM	caturTI	bahu	rAByaH
rE	nAma	puM	paYcamI	eka	rAyaH
rE	nAma	puM	paYcamI	dvi	rAByAm
rE	nAma	puM	paYcamI	bahu	rAByaH
rE	nAma	puM	zazWI	eka	rAyaH
rE	nAma	puM	zazWI	dvi	rAyoH
rE	nAma	puM	zazWI	bahu	rAyAm
rE	nAma	puM	saptamI	eka	rAyi
rE	nAma	puM	saptamI	dvi	rAyoH
rE	nAma	puM	saptamI	bahu	rAsu
rE	nAma	puM	samboDana	eka	rAH
rE	nAma	puM	samboDana	dvi	rAyO
rE	nAma	puM	samboDana	bahu	rAyaH
go	nAma	puM	praTamA	eka	gOH
go	nAma	puM	praTamA	dvi	gAvO
go	nAma	puM	praTamA	bahu	gAvaH
go	nAma	puM	dvitIyA	eka	gAm
go	nAma	puM	dvitIyA	dvi	gAvO
go	nAma	puM	dvitIyA	bahu	gAH
go	nAma	puM	tftIyA	eka	gavA
go	nAma	puM	tftIyA	dvi	goByAm
go	nAma	puM	tftIyA	bahu	goBiH
go	nAma	puM	caturTI	eka	gave
go	nAma	puM	caturTI	dvi	goByAm
go	nAma	puM	caturTI	bahu	goByaH
go	nAma	puM	paYcamI	eka	goH
go	nAma	puM	paYcamI	dvi	goByAm
go	nAma	puM	paYcamI	bahu	goByaH
go	nAma	puM	zazWI	eka	goH
go	nAma	puM	zazWI	dvi	gavoH
go	nAma	puM	zazWI	bahu	gavAm
go	nAma	puM	saptamI	eka	gavi
go	nAma	puM	saptamI	dvi	gavoH
go	nAma	puM	saptamI	bahu	gozu
go	nAma	puM	samboDana	eka	gOH
go	nAma	puM	samboDana	dvi	gAvO
go	nAma	puM	samboDana	bahu	gAvaH
glO	nAma	puM	praTamA	eka	glOH
glO	nAma	puM	praTamA	dvi	glAvO
glO	nAma	puM	praTamA	bahu	glAvaH
glO	nAma	puM	dvitIyA	eka	glAvam
glO	nAma	puM	dvitIyA	dvi	glAvO
glO	nAma	puM	dvitIyA	bahu	glAvaH
glO	nAma	puM	tftIyA	eka	glAvA
glO	nAma	puM	tftIyA	dvi	glOByAm
glO	nAma	puM	tftIyA	bahu	glOBiH
glO	nAma	puM	caturTI	eka	glAve
glO	nAma	puM	caturTI	dvi	glOByAm
glO	nAma	puM	caturTI	bahu	glOByaH
glO	nAma	puM	paYcamI	eka	glAvaH
glO	nAma	puM	paYcamI	dvi	glOByAm
glO	nAma	puM	paYcamI	bahu	glOByaH
glO	nAma	puM	zazWI	eka	glAvaH
glO	nAma	puM	zazWI	dvi	glAvoH
glO	nAma	puM	zazWI	bahu	glAvAm
glO	nAma	puM	saptamI	eka	glAvi
glO	nAma	puM	saptamI	dvi	glAvoH
glO	nAma	puM	saptamI	bahu	glOzu
glO	nAma	puM	samboDana	eka	glOH
glO	nAma	puM	samboDana	dvi	glAvO
glO	nAma	puM	samboDana	bahu	glAvaH
payomuc	nAma	puM	praTamA	eka	payomuk
payomuc	nAma	puM	praTamA	dvi	payomucO
payomuc	nAma	puM	praTamA	bahu	payomucaH
payomuc	nAma	puM	dvitIyA	eka	payomucam
payomuc	nAma	puM	dvitIyA	dvi	payomucO
payomuc	nAma	puM	dvitIyA	bahu	payomucaH
payomuc	nAma	puM	tftIyA	eka	payomucA
payomuc	nAma	puM	tftIyA	dvi	payomugByAm
payomuc	nAma	puM	tftIyA	bahu	payomugBiH
payomuc	nAma	puM	caturTI	eka	payomuce
payomuc	nAma	puM	caturTI	dvi	payomugByAm
payomuc	nAma	puM	caturTI	bahu	payomugByaH
payomuc	nAma	puM	paYcamI	eka	payomucaH
payomuc	nAma	puM	paYcamI	dvi	payomugByAm
payomuc	nAma	puM	paYcamI	bahu	payomugByaH
payomuc	nAma	puM	zazWI	eka	payomucaH
payomuc	nAma	puM	zazWI	dvi	payomucoH
payomuc	nAma	puM	zazWI	bahu	payomucAm
payomuc	nAma	puM	saptamI	eka	payomuci
payomuc	nAma	puM	saptamI	dvi	payomucoH
payomuc	nAma	puM	saptamI	bahu	payomukzu
payomuc	nAma	puM	samboDana	eka	payomuk
payomuc	nAma	puM	samboDana	dvi	payOmucO
payomuc	nAma	puM	samboDana	bahu	payomucaH
vaRij	nAma	puM	praTamA	eka	vaRik
vaRij	nAma	puM	praTamA	dvi	vaRijO
vaRij	nAma	puM	praTamA	bahu	vaRijaH
vaRij	nAma	puM	dvitIyA	eka	vaRijam
vaRij	nAma	puM	dvitIyA	dvi	vaRijO
vaRij	nAma	puM	dvitIyA	bahu	vaRijaH
vaRij	nAma	puM	tftIyA	eka	vaRijA
vaRij	nAma	puM	tftIyA	dvi	vaRigByAm
vaRij	nAma	puM	tftIyA	bahu	vaRigBiH
vaRij	nAma	puM	caturTI	eka	vaRije
vaRij	nAma	puM	caturTI	dvi	vaRigByAm
vaRij	nAma	puM	caturTI	bahu	vaRigByaH
vaRij	nAma	puM	paYcamI	eka	vaRijaH
vaRij	nAma	puM	paYcamI	dvi	vaRigByAm
vaRij	nAma	puM	paYcamI	bahu	vaRigByaH
vaRij	nAma	puM	zazWI	eka	vaRijaH
vaRij	nAma	puM	zazWI	dvi	vaRijoH
vaRij	nAma	puM	zazWI	bahu	vaRijAm
vaRij	nAma	puM	saptamI	eka	vaRiji
vaRij	nAma	puM	saptamI	dvi	vaRijoH
vaRij	nAma	puM	saptamI	bahu	vaRikzu
vaRij	nAma	puM	samboDana	eka	vaRik
vaRij	nAma	puM	samboDana	dvi	vaRijO
vaRij	nAma	puM	samboDana	bahu	vaRijaH
marut	nAma	puM	praTamA	eka	marut
marut	nAma	puM	praTamA	dvi	marutO
marut	nAma	puM	praTamA	bahu	marutaH
marut	nAma	puM	dvitIyA	eka	marutam
marut	nAma	puM	dvitIyA	dvi	marutO
marut	nAma	puM	dvitIyA	bahu	marutaH
marut	nAma	puM	tftIyA	eka	marutA
marut	nAma	puM	tftIyA	dvi	marudByAm
marut	nAma	puM	tftIyA	bahu	marudBiH
marut	nAma	puM	caturTI	eka	marute
marut	nAma	puM	caturTI	dvi	marudByAm
marut	nAma	puM	caturTI	bahu	marudByaH
marut	nAma	puM	paYcamI	eka	marutaH
marut	nAma	puM	paYcamI	dvi	marudByAm
marut	nAma	puM	paYcamI	bahu	marudByaH
marut	nAma	puM	zazWI	eka	marutaH
marut	nAma	puM	zazWI	dvi	marutoH
marut	nAma	puM	zazWI	bahu	marutAm
marut	nAma	puM	saptamI	eka	maruti
marut	nAma	puM	saptamI	dvi	marutoH
marut	nAma	puM	saptamI	bahu	marutsu
marut	nAma	puM	samboDana	eka	marut
marut	nAma	puM	samboDana	dvi	marutO
marut	nAma	puM	samboDana	bahu	marutaH
suhft	nAma	puM	praTamA	eka	suhft
suhft	nAma	puM	praTamA	dvi	suhfdO
suhft	nAma	puM	praTamA	bahu	suhfdaH
suhft	nAma	puM	dvitIyA	eka	suhfdam
suhft	nAma	puM	dvitIyA	dvi	suhfdO
suhft	nAma	puM	dvitIyA	bahu	suhfdaH
suhft	nAma	puM	tftIyA	eka	suhfdA
suhft	nAma	puM	tftIyA	dvi	suhfdByAm
suhft	nAma	puM	tftIyA	bahu	suhfdBiH
suhft	nAma	puM	caturTI	eka	suhfde
suhft	nAma	puM	caturTI	dvi	suhfdByAm
suhft	nAma	puM	caturTI	bahu	suhfdByaH
suhft	nAma	puM	paYcamI	eka	suhfdaH
suhft	nAma	puM	paYcamI	dvi	suhfdByAm
suhft	nAma	puM	paYcamI	bahu	suhfdByaH
suhft	nAma	puM	zazWI	eka	suhfdaH
suhft	nAma	puM	zazWI	dvi	suhfdoH
suhft	nAma	puM	zazWI	bahu	suhfdAm
suhft	nAma	puM	saptamI	eka	suhfdi
suhft	nAma	puM	saptamI	dvi	suhfdoH
suhft	nAma	puM	saptamI	bahu	suhftsu
suhft	nAma	puM	samboDana	eka	suhft
suhft	nAma	puM	samboDana	dvi	suhfdO
suhft	nAma	puM	samboDana	bahu	suhfdaH
buD	nAma	puM	praTamA	eka	But
buD	nAma	puM	praTamA	dvi	buDO
buD	nAma	puM	praTamA	bahu	buDaH
buD	nAma	puM	dvitIyA	eka	buDam
buD	nAma	puM	dvitIyA	dvi	buDO
buD	nAma	puM	dvitIyA	bahu	buDaH
buD	nAma	puM	tftIyA	eka	buDA
buD	nAma	puM	tftIyA	dvi	BudByAm
buD	nAma	puM	tftIyA	bahu	BudBiH
buD	nAma	puM	caturTI	eka	buDe
buD	nAma	puM	caturTI	dvi	BudByAm
buD	nAma	puM	caturTI	bahu	BudByaH
buD	nAma	puM	paYcamI	eka	buDaH
buD	nAma	puM	paYcamI	dvi	BudByAm
buD	nAma	puM	paYcamI	bahu	BudByaH
buD	nAma	puM	zazWI	eka	buDaH
buD	nAma	puM	zazWI	dvi	buDoH
buD	nAma	puM	zazWI	bahu	buDAm
buD	nAma	puM	saptamI	eka	buDi
buD	nAma	puM	saptamI	dvi	buDoH
buD	nAma	puM	saptamI	bahu	Butsu
buD	nAma	puM	samboDana	eka	But
buD	nAma	puM	samboDana	dvi	buDO
buD	nAma	puM	samboDana	bahu	buDaH
Atman 	nAma	puM	praTamA	eka	AtmA
Atman 	nAma	puM	praTamA	dvi	AtmAnO
Atman 	nAma	puM	praTamA	bahu	AtmAnaH
Atman 	nAma	puM	dvitIyA	eka	AtmAnam
Atman 	nAma	puM	dvitIyA	dvi	AtmAnO
Atman 	nAma	puM	dvitIyA	bahu	AtmanaH
Atman 	nAma	puM	tftIyA	eka	AtmanA
Atman 	nAma	puM	tftIyA	dvi	AtmaByAm
Atman 	nAma	puM	tftIyA	bahu	AtmaBiH
Atman 	nAma	puM	caturTI	eka	Atmane
Atman 	nAma	puM	caturTI	dvi	AtmaByAm
Atman 	nAma	puM	caturTI	bahu	AtmaByaH
Atman 	nAma	puM	paYcamI	eka	AtmanaH
Atman 	nAma	puM	paYcamI	dvi	AtmaByAm
Atman 	nAma	puM	paYcamI	bahu	AtmaByaH
Atman 	nAma	puM	zazWI	eka	AtmanaH
Atman 	nAma	puM	zazWI	dvi	AtmanoH
Atman 	nAma	puM	zazWI	bahu	AtmanAm
Atman 	nAma	puM	saptamI	eka	Atmani
Atman 	nAma	puM	saptamI	dvi	AtmanoH
Atman 	nAma	puM	saptamI	bahu	Atmasu
Atman 	nAma	puM	samboDana	eka	Atman
Atman 	nAma	puM	samboDana	dvi	he AtmAnO
Atman 	nAma	puM	samboDana	bahu	AtmAnaH
tAdfS	nAma	puM	praTamA	eka	tAdfk
tAdfS	nAma	puM	praTamA	dvi	tAdfSI
tAdfS	nAma	puM	praTamA	bahu	tAdfMSi
tAdfS	nAma	puM	dvitIyA	eka	tAdfk
tAdfS	nAma	puM	dvitIyA	dvi	tAdfSI
tAdfS	nAma	puM	dvitIyA	bahu	tAdfMSi
tAdfS	nAma	puM	tftIyA	eka	tAdfSA
tAdfS	nAma	puM	tftIyA	dvi	tAdfgByAm
tAdfS	nAma	puM	tftIyA	bahu	tAdfgBiH
tAdfS	nAma	puM	caturTI	eka	tAdfSe
tAdfS	nAma	puM	caturTI	dvi	tAdfgByAm
tAdfS	nAma	puM	caturTI	bahu	tAdfgByaH
tAdfS	nAma	puM	paYcamI	eka	tAdfSaH
tAdfS	nAma	puM	paYcamI	dvi	tAdfgByAm
tAdfS	nAma	puM	paYcamI	bahu	tAdfgByaH
tAdfS	nAma	puM	zazWI	eka	tAdfSaH
tAdfS	nAma	puM	zazWI	dvi	tAdfSoH
tAdfS	nAma	puM	zazWI	bahu	tAdfSAm
tAdfS	nAma	puM	saptamI	eka	tAdfSi
tAdfS	nAma	puM	saptamI	dvi	tAdfSoH
tAdfS	nAma	puM	saptamI	bahu	tAdfgzu
tAdfS	nAma	puM	samboDana	eka	tAdfk
tAdfS	nAma	puM	samboDana	dvi	tAdfSO
tAdfS	nAma	puM	samboDana	bahu	tAdfMSi
candramas	nAma	puM	praTamA	eka	candramAH
candramas	nAma	puM	praTamA	dvi	candramasO
candramas	nAma	puM	praTamA	bahu	candramasaH
candramas	nAma	puM	dvitIyA	eka	candramasam
candramas	nAma	puM	dvitIyA	dvi	candramasO
candramas	nAma	puM	dvitIyA	bahu	candramasaH
candramas	nAma	puM	tftIyA	eka	candramasA
candramas	nAma	puM	tftIyA	dvi	candramoByAm
candramas	nAma	puM	tftIyA	bahu	candramoBiH
candramas	nAma	puM	caturTI	eka	candramase
candramas	nAma	puM	caturTI	dvi	candramoByAm
candramas	nAma	puM	caturTI	bahu	candramoByaH
candramas	nAma	puM	paYcamI	eka	candramasaH
candramas	nAma	puM	paYcamI	dvi	candramoByAm
candramas	nAma	puM	paYcamI	bahu	candramoByaH
candramas	nAma	puM	zazWI	eka	candramasaH
candramas	nAma	puM	zazWI	dvi	candramasoH
candramas	nAma	puM	zazWI	bahu	candramasAm
candramas	nAma	puM	saptamI	eka	candramasi
candramas	nAma	puM	saptamI	dvi	candramasoH
candramas	nAma	puM	saptamI	bahu	candramassu
candramas	nAma	puM	samboDana	eka	candramaH
candramas	nAma	puM	samboDana	dvi	he candramasO
candramas	nAma	puM	samboDana	bahu	candramasaH
anaquh	nAma	puM	praTamA	eka	anaqvAn
anaquh	nAma	puM	praTamA	dvi	anaqvAhO
anaquh	nAma	puM	praTamA	bahu	anaqvAhaH
anaquh	nAma	puM	dvitIyA	eka	anaqvAham
anaquh	nAma	puM	dvitIyA	dvi	anaqvAhO
anaquh	nAma	puM	dvitIyA	bahu	anaquhaH
anaquh	nAma	puM	tftIyA	eka	anaquhA
anaquh	nAma	puM	tftIyA	dvi	anaqudByAm
anaquh	nAma	puM	tftIyA	bahu	anaqudBiH
anaquh	nAma	puM	caturTI	eka	anaquhe
anaquh	nAma	puM	caturTI	dvi	anaqudByAm
anaquh	nAma	puM	caturTI	bahu	anaqudByaH
anaquh	nAma	puM	paYcamI	eka	anaquhaH
anaquh	nAma	puM	paYcamI	dvi	anaqudByAm
anaquh	nAma	puM	paYcamI	bahu	anaqudByaH
anaquh	nAma	puM	zazWI	eka	anaquhaH
anaquh	nAma	puM	zazWI	dvi	anaquhoH
anaquh	nAma	puM	zazWI	bahu	anaquhAm
anaquh	nAma	puM	saptamI	eka	anaquhi
anaquh	nAma	puM	saptamI	dvi	anaquhoH
anaquh	nAma	puM	saptamI	bahu	anaqutsu
anaquh	nAma	puM	samboDana	eka	anaquvan
anaquh	nAma	puM	samboDana	dvi	anaqvAhO
anaquh	nAma	puM	samboDana	bahu	anaqvAhaH
kartf	nAma	puM	praTamA	eka	kartA
kartf	nAma	puM	praTamA	dvi	kartArO
kartf	nAma	puM	praTamA	bahu	kartAraH
kartf	nAma	puM	dvitIyA	eka	kartAram
kartf	nAma	puM	dvitIyA	dvi	kartArO
kartf	nAma	puM	dvitIyA	bahu	kartFn
kartf	nAma	puM	tftIyA	eka	kartrA
kartf	nAma	puM	tftIyA	dvi	kartfByAm
kartf	nAma	puM	tftIyA	bahu	kartfBiH
kartf	nAma	puM	caturTI	eka	kartre
kartf	nAma	puM	caturTI	dvi	kartfByAm
kartf	nAma	puM	caturTI	bahu	kartfByaH
kartf	nAma	puM	paYcamI	eka	kartuH
kartf	nAma	puM	paYcamI	dvi	kartfByAm
kartf	nAma	puM	paYcamI	bahu	kartfByaH
kartf	nAma	puM	zazWI	eka	kartuH
kartf	nAma	puM	zazWI	dvi	kartroH
kartf	nAma	puM	zazWI	bahu	katFRAm
kartf	nAma	puM	saptamI	eka	kartari
kartf	nAma	puM	saptamI	dvi	kartroH
kartf	nAma	puM	saptamI	bahu	kartfzu
kartf	nAma	puM	samboDana	eka	kartaH
kartf	nAma	puM	samboDana	dvi	he kartArO
kartf	nAma	puM	samboDana	bahu	kartAraH
Bavat	nAma	puM	praTamA	eka	BavAn
Bavat	nAma	puM	praTamA	dvi	BavantO
Bavat	nAma	puM	praTamA	bahu	BavantaH
Bavat	nAma	puM	dvitIyA	eka	Bavantam
Bavat	nAma	puM	dvitIyA	dvi	BavantO
Bavat	nAma	puM	dvitIyA	bahu	BavataH
Bavat	nAma	puM	tftIyA	eka	BavatA
Bavat	nAma	puM	tftIyA	dvi	BavadByAm
Bavat	nAma	puM	tftIyA	bahu	BavadBiH
Bavat	nAma	puM	caturTI	eka	Bavate
Bavat	nAma	puM	caturTI	dvi	BavadByAm
Bavat	nAma	puM	caturTI	bahu	BavadByaH
Bavat	nAma	puM	paYcamI	eka	BavataH
Bavat	nAma	puM	paYcamI	dvi	BavadByAm
Bavat	nAma	puM	paYcamI	bahu	BavadByaH
Bavat	nAma	puM	zazWI	eka	BavataH
Bavat	nAma	puM	zazWI	dvi	BavatoH
Bavat	nAma	puM	zazWI	bahu	BavatAm
Bavat	nAma	puM	saptamI	eka	Bavati
Bavat	nAma	puM	saptamI	dvi	BavatoH
Bavat	nAma	puM	saptamI	bahu	Bavatsu
Bavat	nAma	puM	samboDana	eka	Bavan
Bavat	nAma	puM	samboDana	dvi	BavantO
Bavat	nAma	puM	samboDana	bahu	BavantaH
karin	nAma	puM	praTamA	eka	karI
karin	nAma	puM	praTamA	dvi	kariRO
karin	nAma	puM	praTamA	bahu	kariRaH
karin	nAma	puM	dvitIyA	eka	kariRam
karin	nAma	puM	dvitIyA	dvi	kariRO
karin	nAma	puM	dvitIyA	bahu	kariRaH
karin	nAma	puM	tftIyA	eka	kariRA
karin	nAma	puM	tftIyA	dvi	kariByAm
karin	nAma	puM	tftIyA	bahu	kariBiH
karin	nAma	puM	caturTI	eka	kariRe
karin	nAma	puM	caturTI	dvi	kariByAm
karin	nAma	puM	caturTI	bahu	kariByaH
karin	nAma	puM	paYcamI	eka	kariRaH
karin	nAma	puM	paYcamI	dvi	kariByAm
karin	nAma	puM	paYcamI	bahu	kariByaH
karin	nAma	puM	zazWI	eka	kariRaH
karin	nAma	puM	zazWI	dvi	kariRoH
karin	nAma	puM	zazWI	bahu	karIRAm
karin	nAma	puM	saptamI	eka	kariRi
karin	nAma	puM	saptamI	dvi	kariRoH
karin	nAma	puM	saptamI	bahu	karizu
karin	nAma	puM	samboDana	eka	karin
karin	nAma	puM	samboDana	dvi	he kariRO
karin	nAma	puM	samboDana	bahu	kariRaH
Bagavat	nAma	puM	praTamA	eka	BagavAn
Bagavat	nAma	puM	praTamA	dvi	BagavantO
Bagavat	nAma	puM	praTamA	bahu	BagavantaH
Bagavat	nAma	puM	dvitIyA	eka	Bagavantam
Bagavat	nAma	puM	dvitIyA	dvi	BagavantO
Bagavat	nAma	puM	dvitIyA	bahu	BagavataH
Bagavat	nAma	puM	tftIyA	eka	BagavatA
Bagavat	nAma	puM	tftIyA	dvi	BagavadByAm
Bagavat	nAma	puM	tftIyA	bahu	BagavadBiH
Bagavat	nAma	puM	caturTI	eka	Bagavate
Bagavat	nAma	puM	caturTI	dvi	BagavadByAm
Bagavat	nAma	puM	caturTI	bahu	BagavadByaH
Bagavat	nAma	puM	paYcamI	eka	BagavataH
Bagavat	nAma	puM	paYcamI	dvi	BagavadByAm
Bagavat	nAma	puM	paYcamI	bahu	BagavadByaH
Bagavat	nAma	puM	zazWI	eka	BagavataH
Bagavat	nAma	puM	zazWI	dvi	BagavatoH
Bagavat	nAma	puM	zazWI	bahu	BagavatAm
Bagavat	nAma	puM	saptamI	eka	Bagavati
Bagavat	nAma	puM	saptamI	dvi	BagavatoH
Bagavat	nAma	puM	saptamI	bahu	Bagavatsu
Bagavat	nAma	puM	samboDana	eka	Bagavan
Bagavat	nAma	puM	samboDana	dvi	he BagavantO
Bagavat	nAma	puM	samboDana	bahu	BagavantaH
DImat	nAma	puM	praTamA	eka	DImAn
DImat	nAma	puM	praTamA	dvi	DImantO
DImat	nAma	puM	praTamA	bahu	DImantaH
DImat	nAma	puM	dvitIyA	eka	DImantam
DImat	nAma	puM	dvitIyA	dvi	DImantO
DImat	nAma	puM	dvitIyA	bahu	DImataH
DImat	nAma	puM	tftIyA	eka	DImatA
DImat	nAma	puM	tftIyA	dvi	DImadByAm
DImat	nAma	puM	tftIyA	bahu	DImadBiH
DImat	nAma	puM	caturTI	eka	DImate
DImat	nAma	puM	caturTI	dvi	DImadByAm
DImat	nAma	puM	caturTI	bahu	DImadByaH
DImat	nAma	puM	paYcamI	eka	DImataH
DImat	nAma	puM	paYcamI	dvi	DImadByAm
DImat	nAma	puM	paYcamI	bahu	DImadByaH
DImat	nAma	puM	zazWI	eka	DImataH
DImat	nAma	puM	zazWI	dvi	DImatoH
DImat	nAma	puM	zazWI	bahu	DImatAm
DImat	nAma	puM	saptamI	eka	DImati
DImat	nAma	puM	saptamI	dvi	DImatoH
DImat	nAma	puM	saptamI	bahu	DImatsu
DImat	nAma	puM	samboDana	eka	DIman
DImat	nAma	puM	samboDana	dvi	DImantO
DImat	nAma	puM	samboDana	bahu	DImantaH
vidvas	nAma	puM	praTamA	eka	vidvAn
vidvas	nAma	puM	praTamA	dvi	vidvAMsO
vidvas	nAma	puM	praTamA	bahu	vidvAMsaH
vidvas	nAma	puM	dvitIyA	eka	vidvAMsam
vidvas	nAma	puM	dvitIyA	dvi	vidvAMsO
vidvas	nAma	puM	dvitIyA	bahu	viduzaH
vidvas	nAma	puM	tftIyA	eka	viduzA
vidvas	nAma	puM	tftIyA	dvi	vidvadByAm
vidvas	nAma	puM	tftIyA	bahu	vidvadBiH
vidvas	nAma	puM	caturTI	eka	viduze
vidvas	nAma	puM	caturTI	dvi	vidvadByAm
vidvas	nAma	puM	caturTI	bahu	vidvadByaH
vidvas	nAma	puM	paYcamI	eka	viduzaH
vidvas	nAma	puM	paYcamI	dvi	vidvadByAm
vidvas	nAma	puM	paYcamI	bahu	vidvadByaH
vidvas	nAma	puM	zazWI	eka	viduzaH
vidvas	nAma	puM	zazWI	dvi	viduzoH
vidvas	nAma	puM	zazWI	bahu	viduzAm
vidvas	nAma	puM	saptamI	eka	viduzi
vidvas	nAma	puM	saptamI	dvi	viduzoH
vidvas	nAma	puM	saptamI	bahu	vidvatsu
vidvas	nAma	puM	samboDana	eka	vidvan
vidvas	nAma	puM	samboDana	dvi	vidvAMsO
vidvas	nAma	puM	samboDana	bahu	vidvAMsaH
Sreyas	nAma	puM	praTamA	eka	SreyAn
Sreyas	nAma	puM	praTamA	dvi	SreyAMsO
Sreyas	nAma	puM	praTamA	bahu	
Sreyas	nAma	puM	dvitIyA	eka	SreyAMsam
Sreyas	nAma	puM	dvitIyA	dvi	SreyAMsO
Sreyas	nAma	puM	dvitIyA	bahu	
Sreyas	nAma	puM	tftIyA	eka	SreyasA
Sreyas	nAma	puM	tftIyA	dvi	SreyoByAm
Sreyas	nAma	puM	tftIyA	bahu	
Sreyas	nAma	puM	caturTI	eka	Sreyase
Sreyas	nAma	puM	caturTI	dvi	SreyoByAm
Sreyas	nAma	puM	caturTI	bahu	
Sreyas	nAma	puM	paYcamI	eka	SreyasaH
Sreyas	nAma	puM	paYcamI	dvi	SreyoByAm
Sreyas	nAma	puM	paYcamI	bahu	
Sreyas	nAma	puM	zazWI	eka	SreyasaH
Sreyas	nAma	puM	zazWI	dvi	SreyasoH
Sreyas	nAma	puM	zazWI	bahu	
Sreyas	nAma	puM	saptamI	eka	Sreyasi
Sreyas	nAma	puM	saptamI	dvi	SreyasoH
Sreyas	nAma	puM	saptamI	bahu	
Sreyas	nAma	puM	samboDana	eka	Sreyan
Sreyas	nAma	puM	samboDana	dvi	SreyAMsO
Sreyas	nAma	puM	samboDana	bahu	
viSvapA	nAma	puM	praTamA	eka	viSvapAH
viSvapA	nAma	puM	praTamA	dvi	viSvapO
viSvapA	nAma	puM	praTamA	bahu	viSvapAH
viSvapA	nAma	puM	dvitIyA	eka	viSvapAm
viSvapA	nAma	puM	dvitIyA	dvi	viSvapO
viSvapA	nAma	puM	dvitIyA	bahu	viSvapaH
viSvapA	nAma	puM	tftIyA	eka	viSvapA
viSvapA	nAma	puM	tftIyA	dvi	viSvapAByAm
viSvapA	nAma	puM	tftIyA	bahu	viSvapABiH
viSvapA	nAma	puM	caturTI	eka	viSvape
viSvapA	nAma	puM	caturTI	dvi	viSvapAByAm
viSvapA	nAma	puM	caturTI	bahu	viSvapAByaH
viSvapA	nAma	puM	paYcamI	eka	viSvapaH
viSvapA	nAma	puM	paYcamI	dvi	viSvapAByAm
viSvapA	nAma	puM	paYcamI	bahu	viSvapAByaH
viSvapA	nAma	puM	zazWI	eka	viSvapaH
viSvapA	nAma	puM	zazWI	dvi	viSvapoH
viSvapA	nAma	puM	zazWI	bahu	viSvapAm
viSvapA	nAma	puM	saptamI	eka	viSvapi
viSvapA	nAma	puM	saptamI	dvi	viSvapoH
viSvapA	nAma	puM	saptamI	bahu	viSvapAsu
viSvapA	nAma	puM	samboDana	eka	viSvapAH
viSvapA	nAma	puM	samboDana	dvi	viSvapO
viSvapA	nAma	puM	samboDana	bahu	viSvapAH
grAmaRI	nAma	puM	praTamA	eka	grAmaRIH
grAmaRI	nAma	puM	praTamA	dvi	grAmaRyO
grAmaRI	nAma	puM	praTamA	bahu	grAmaRyaH
grAmaRI	nAma	puM	dvitIyA	eka	grAmaRyam
grAmaRI	nAma	puM	dvitIyA	dvi	grAmaRyO
grAmaRI	nAma	puM	dvitIyA	bahu	grAmaRyaH
grAmaRI	nAma	puM	tftIyA	eka	grAmaRyA
grAmaRI	nAma	puM	tftIyA	dvi	grAmaRIByAm
grAmaRI	nAma	puM	tftIyA	bahu	grAmaRIBiH
grAmaRI	nAma	puM	caturTI	eka	grAmaRye
grAmaRI	nAma	puM	caturTI	dvi	grAmaRIByAm
grAmaRI	nAma	puM	caturTI	bahu	grAmaRIByaH
grAmaRI	nAma	puM	paYcamI	eka	grAmaRyaH
grAmaRI	nAma	puM	paYcamI	dvi	grAmaRIByAm
grAmaRI	nAma	puM	paYcamI	bahu	grAmaRIByaH
grAmaRI	nAma	puM	zazWI	eka	grAmaRyaH
grAmaRI	nAma	puM	zazWI	dvi	grAmaRyoH
grAmaRI	nAma	puM	zazWI	bahu	grAmaRyAm
grAmaRI	nAma	puM	saptamI	eka	grAmaRyAm
grAmaRI	nAma	puM	saptamI	dvi	grAmaRyoH
grAmaRI	nAma	puM	saptamI	bahu	grAmaRIzu
grAmaRI	nAma	puM	samboDana	eka	grAmaRIH
grAmaRI	nAma	puM	samboDana	dvi	grAmaRyO
grAmaRI	nAma	puM	samboDana	bahu	grAmaRyaH
svaBU	nAma	puM	praTamA	eka	svaBUH
svaBU	nAma	puM	praTamA	dvi	svaBuvO
svaBU	nAma	puM	praTamA	bahu	svaBuvaH
svaBU	nAma	puM	dvitIyA	eka	svaBuvam
svaBU	nAma	puM	dvitIyA	dvi	svaBuvO
svaBU	nAma	puM	dvitIyA	bahu	svaBuvaH
svaBU	nAma	puM	tftIyA	eka	svaBuvA
svaBU	nAma	puM	tftIyA	dvi	svaBUByAm
svaBU	nAma	puM	tftIyA	bahu	svaBUBiH
svaBU	nAma	puM	caturTI	eka	svaBuve
svaBU	nAma	puM	caturTI	dvi	svaBUByAm
svaBU	nAma	puM	caturTI	bahu	svaBUByaH
svaBU	nAma	puM	paYcamI	eka	svaBuvaH
svaBU	nAma	puM	paYcamI	dvi	svaBUByAm
svaBU	nAma	puM	paYcamI	bahu	svaBUByaH
svaBU	nAma	puM	zazWI	eka	svaBuvaH
svaBU	nAma	puM	zazWI	dvi	svaBuvoH
svaBU	nAma	puM	zazWI	bahu	svaBuvAm
svaBU	nAma	puM	saptamI	eka	svaBuvi
svaBU	nAma	puM	saptamI	dvi	svaBuvoH
svaBU	nAma	puM	saptamI	bahu	svaBUzu
svaBU	nAma	puM	samboDana	eka	svaBUH
svaBU	nAma	puM	samboDana	dvi	svaBuvO
svaBU	nAma	puM	samboDana	bahu	svaBuvaH
Iyas	nAma	puM	praTamA	eka	
Iyas	nAma	puM	praTamA	dvi	
Iyas	nAma	puM	praTamA	bahu	SreyAMsaH
Iyas	nAma	puM	dvitIyA	eka	
Iyas	nAma	puM	dvitIyA	dvi	
Iyas	nAma	puM	dvitIyA	bahu	SreyasaH
Iyas	nAma	puM	tftIyA	eka	
Iyas	nAma	puM	tftIyA	dvi	
Iyas	nAma	puM	tftIyA	bahu	SreyoBiH
Iyas	nAma	puM	caturTI	eka	
Iyas	nAma	puM	caturTI	dvi	
Iyas	nAma	puM	caturTI	bahu	SreyoByaH
Iyas	nAma	puM	paYcamI	eka	
Iyas	nAma	puM	paYcamI	dvi	
Iyas	nAma	puM	paYcamI	bahu	SreyoByaH
Iyas	nAma	puM	zazWI	eka	
Iyas	nAma	puM	zazWI	dvi	
Iyas	nAma	puM	zazWI	bahu	SreyasAm
Iyas	nAma	puM	saptamI	eka	
Iyas	nAma	puM	saptamI	dvi	
Iyas	nAma	puM	saptamI	bahu	Sreyassu
Iyas	nAma	puM	samboDana	eka	
Iyas	nAma	puM	samboDana	dvi	
Iyas	nAma	puM	samboDana	bahu	SreyAMsaH
sarva	sarvanAma	puM	praTamA	eka	sarvam
sarva	sarvanAma	puM	praTamA	dvi	sarve
sarva	sarvanAma	puM	praTamA	bahu	sarvARi
sarva	sarvanAma	puM	dvitIyA	eka	sarvam
sarva	sarvanAma	puM	dvitIyA	dvi	sarve
sarva	sarvanAma	puM	dvitIyA	bahu	sarvARi
sarva	sarvanAma	puM	tftIyA	eka	sarveRa
sarva	sarvanAma	puM	tftIyA	dvi	sarvAByAm
sarva	sarvanAma	puM	tftIyA	bahu	sarvEH
sarva	sarvanAma	puM	caturTI	eka	sarvasmE
sarva	sarvanAma	puM	caturTI	dvi	sarvAByAm
sarva	sarvanAma	puM	caturTI	bahu	sarveByaH
sarva	sarvanAma	puM	paYcamI	eka	sarvasmAt
sarva	sarvanAma	puM	paYcamI	dvi	sarvAByAm
sarva	sarvanAma	puM	paYcamI	bahu	sarveByaH
sarva	sarvanAma	puM	zazWI	eka	sarvasya
sarva	sarvanAma	puM	zazWI	dvi	sarvayoH
sarva	sarvanAma	puM	zazWI	bahu	sarvezAm
sarva	sarvanAma	puM	saptamI	eka	sarvasmin
sarva	sarvanAma	puM	saptamI	dvi	sarvayoH
sarva	sarvanAma	puM	saptamI	bahu	sarvezu
sarva	sarvanAma	puM	samboDana	eka	
sarva	sarvanAma	puM	samboDana	dvi	
sarva	sarvanAma	puM	samboDana	bahu	
pUrva	sarvanAma	puM	praTamA	eka	pUrvam
pUrva	sarvanAma	puM	praTamA	dvi	pUrve
pUrva	sarvanAma	puM	praTamA	bahu	pUrvARi
pUrva	sarvanAma	puM	dvitIyA	eka	pUrvam
pUrva	sarvanAma	puM	dvitIyA	dvi	pUrve
pUrva	sarvanAma	puM	dvitIyA	bahu	pUrvARi
pUrva	sarvanAma	puM	tftIyA	eka	pUrveRa
pUrva	sarvanAma	puM	tftIyA	dvi	pUrvAByAm
pUrva	sarvanAma	puM	tftIyA	bahu	pUrvEH
pUrva	sarvanAma	puM	caturTI	eka	pUrvasmE
pUrva	sarvanAma	puM	caturTI	dvi	pUrAm
pUrva	sarvanAma	puM	caturTI	bahu	pUrveByaH
pUrva	sarvanAma	puM	paYcamI	eka	pUrvasmAt
pUrva	sarvanAma	puM	paYcamI	dvi	pUrAm
pUrva	sarvanAma	puM	paYcamI	bahu	pUrveByaH
pUrva	sarvanAma	puM	zazWI	eka	pUrvasya
pUrva	sarvanAma	puM	zazWI	dvi	pUrvayoH
pUrva	sarvanAma	puM	zazWI	bahu	pUrvezAm
pUrva	sarvanAma	puM	saptamI	eka	pUrvasmin
pUrva	sarvanAma	puM	saptamI	dvi	pUrvayoH
pUrva	sarvanAma	puM	saptamI	bahu	pUrvezu
pUrva	sarvanAma	puM	samboDana	eka	
pUrva	sarvanAma	puM	samboDana	dvi	
pUrva	sarvanAma	puM	samboDana	bahu	
anya	sarvanAma	puM	praTamA	eka	anyat
anya	sarvanAma	puM	praTamA	dvi	anye
anya	sarvanAma	puM	praTamA	bahu	anyAni
anya	sarvanAma	puM	dvitIyA	eka	anyat
anya	sarvanAma	puM	dvitIyA	dvi	anye
anya	sarvanAma	puM	dvitIyA	bahu	anyAni
anya	sarvanAma	puM	tftIyA	eka	anyena
anya	sarvanAma	puM	tftIyA	dvi	anyAByAm
anya	sarvanAma	puM	tftIyA	bahu	anyEH
anya	sarvanAma	puM	caturTI	eka	anyasmE
anya	sarvanAma	puM	caturTI	dvi	anyAByAm
anya	sarvanAma	puM	caturTI	bahu	anyeByaH
anya	sarvanAma	puM	paYcamI	eka	anyasmAt
anya	sarvanAma	puM	paYcamI	dvi	anyAByAm
anya	sarvanAma	puM	paYcamI	bahu	anyeByaH
anya	sarvanAma	puM	zazWI	eka	anyasya
anya	sarvanAma	puM	zazWI	dvi	anyayoH
anya	sarvanAma	puM	zazWI	bahu	anyezAm
anya	sarvanAma	puM	saptamI	eka	anyasmin
anya	sarvanAma	puM	saptamI	dvi	anyayoH
anya	sarvanAma	puM	saptamI	bahu	anyezu
anya	sarvanAma	puM	samboDana	eka	
anya	sarvanAma	puM	samboDana	dvi	
anya	sarvanAma	puM	samboDana	bahu	
viSva	sarvanAma	puM	praTamA	eka	viSvam
viSva	sarvanAma	puM	praTamA	dvi	viSve
viSva	sarvanAma	puM	praTamA	bahu	viSvAni
viSva	sarvanAma	puM	dvitIyA	eka	viSvam
viSva	sarvanAma	puM	dvitIyA	dvi	viSve
viSva	sarvanAma	puM	dvitIyA	bahu	viSvAni
viSva	sarvanAma	puM	tftIyA	eka	viSvena
viSva	sarvanAma	puM	tftIyA	dvi	viSvAByAm
viSva	sarvanAma	puM	tftIyA	bahu	viSvEH
viSva	sarvanAma	puM	caturTI	eka	viSvasmE
viSva	sarvanAma	puM	caturTI	dvi	viSvAByAm
viSva	sarvanAma	puM	caturTI	bahu	viSveByaH
viSva	sarvanAma	puM	paYcamI	eka	viSvasmAt
viSva	sarvanAma	puM	paYcamI	dvi	viSvAByAm
viSva	sarvanAma	puM	paYcamI	bahu	viSveByaH
viSva	sarvanAma	puM	zazWI	eka	viSvasya
viSva	sarvanAma	puM	zazWI	dvi	viSvayoH
viSva	sarvanAma	puM	zazWI	bahu	viSvezAm
viSva	sarvanAma	puM	saptamI	eka	viSvasmin
viSva	sarvanAma	puM	saptamI	dvi	viSvayoH
viSva	sarvanAma	puM	saptamI	bahu	viSvezu
viSva	sarvanAma	puM	samboDana	eka	
viSva	sarvanAma	puM	samboDana	dvi	
viSva	sarvanAma	puM	samboDana	bahu	
tad	sarvanAma	puM	praTamA	eka	tat
tad	sarvanAma	puM	praTamA	dvi	te
tad	sarvanAma	puM	praTamA	bahu	tAni
tad	sarvanAma	puM	dvitIyA	eka	tat
tad	sarvanAma	puM	dvitIyA	dvi	te
tad	sarvanAma	puM	dvitIyA	bahu	tAni
tad	sarvanAma	puM	tftIyA	eka	tena
tad	sarvanAma	puM	tftIyA	dvi	tAByAm
tad	sarvanAma	puM	tftIyA	bahu	tEH
tad	sarvanAma	puM	caturTI	eka	tasmE
tad	sarvanAma	puM	caturTI	dvi	tAByAm
tad	sarvanAma	puM	caturTI	bahu	teByaH
tad	sarvanAma	puM	paYcamI	eka	tasmAt
tad	sarvanAma	puM	paYcamI	dvi	tAByAm
tad	sarvanAma	puM	paYcamI	bahu	teByaH
tad	sarvanAma	puM	zazWI	eka	tasya
tad	sarvanAma	puM	zazWI	dvi	tayoH
tad	sarvanAma	puM	zazWI	bahu	tezAm
tad	sarvanAma	puM	saptamI	eka	tasmin
tad	sarvanAma	puM	saptamI	dvi	tayoH
tad	sarvanAma	puM	saptamI	bahu	tezu
tad	sarvanAma	puM	samboDana	eka	
tad	sarvanAma	puM	samboDana	dvi	
tad	sarvanAma	puM	samboDana	bahu	
etad	sarvanAma	puM	praTamA	eka	etat
etad	sarvanAma	puM	praTamA	dvi	ete
etad	sarvanAma	puM	praTamA	bahu	etAni
etad	sarvanAma	puM	dvitIyA	eka	etat
etad	sarvanAma	puM	dvitIyA	dvi	ete
etad	sarvanAma	puM	dvitIyA	bahu	etAni
etad	sarvanAma	puM	tftIyA	eka	etena
etad	sarvanAma	puM	tftIyA	dvi	etAByAm
etad	sarvanAma	puM	tftIyA	bahu	etEH
etad	sarvanAma	puM	caturTI	eka	etasmE
etad	sarvanAma	puM	caturTI	dvi	etAByAm
etad	sarvanAma	puM	caturTI	bahu	eteByaH
etad	sarvanAma	puM	paYcamI	eka	etasmAt
etad	sarvanAma	puM	paYcamI	dvi	etAByAm
etad	sarvanAma	puM	paYcamI	bahu	eteByaH
etad	sarvanAma	puM	zazWI	eka	etasya
etad	sarvanAma	puM	zazWI	dvi	etayoH
etad	sarvanAma	puM	zazWI	bahu	etezAm
etad	sarvanAma	puM	saptamI	eka	etasmin
etad	sarvanAma	puM	saptamI	dvi	etayoH
etad	sarvanAma	puM	saptamI	bahu	etezu
etad	sarvanAma	puM	samboDana	eka	
etad	sarvanAma	puM	samboDana	dvi	
etad	sarvanAma	puM	samboDana	bahu	
idam	sarvanAma	puM	praTamA	eka	idam
idam	sarvanAma	puM	praTamA	dvi	ime
idam	sarvanAma	puM	praTamA	bahu	imAni
idam	sarvanAma	puM	dvitIyA	eka	idam-enat-enad
idam	sarvanAma	puM	dvitIyA	dvi	ime-ene
idam	sarvanAma	puM	dvitIyA	bahu	imAni-enAni
idam	sarvanAma	puM	tftIyA	eka	anena-enena
idam	sarvanAma	puM	tftIyA	dvi	AByAm
idam	sarvanAma	puM	tftIyA	bahu	eBiH
idam	sarvanAma	puM	caturTI	eka	asmE
idam	sarvanAma	puM	caturTI	dvi	AByAm
idam	sarvanAma	puM	caturTI	bahu	eByaH
idam	sarvanAma	puM	paYcamI	eka	asmAt
idam	sarvanAma	puM	paYcamI	dvi	AByAm
idam	sarvanAma	puM	paYcamI	bahu	eByaH
idam	sarvanAma	puM	zazWI	eka	asya
idam	sarvanAma	puM	zazWI	dvi	anayoH-enayoH
idam	sarvanAma	puM	zazWI	bahu	ezAm
idam	sarvanAma	puM	saptamI	eka	asmin
idam	sarvanAma	puM	saptamI	dvi	anayoH-enayoH
idam	sarvanAma	puM	saptamI	bahu	ezu
idam	sarvanAma	puM	samboDana	eka	
idam	sarvanAma	puM	samboDana	dvi	
idam	sarvanAma	puM	samboDana	bahu	
adas	sarvanAma	puM	praTamA	eka	adaH
adas	sarvanAma	puM	praTamA	dvi	amU
adas	sarvanAma	puM	praTamA	bahu	amUni
adas	sarvanAma	puM	dvitIyA	eka	adaH
adas	sarvanAma	puM	dvitIyA	dvi	amU
adas	sarvanAma	puM	dvitIyA	bahu	amUni
adas	sarvanAma	puM	tftIyA	eka	amunA
adas	sarvanAma	puM	tftIyA	dvi	amUByAm
adas	sarvanAma	puM	tftIyA	bahu	amIBiH
adas	sarvanAma	puM	caturTI	eka	amuzmE
adas	sarvanAma	puM	caturTI	dvi	amUByAm
adas	sarvanAma	puM	caturTI	bahu	amIByaH
adas	sarvanAma	puM	paYcamI	eka	amuzmAt
adas	sarvanAma	puM	paYcamI	dvi	amUByAm
adas	sarvanAma	puM	paYcamI	bahu	amIByaH
adas	sarvanAma	puM	zazWI	eka	amuzya
adas	sarvanAma	puM	zazWI	dvi	amuyoH
adas	sarvanAma	puM	zazWI	bahu	amIzAm
adas	sarvanAma	puM	saptamI	eka	amuzmin
adas	sarvanAma	puM	saptamI	dvi	amuyoH
adas	sarvanAma	puM	saptamI	bahu	amIzu
adas	sarvanAma	puM	samboDana	eka	
adas	sarvanAma	puM	samboDana	dvi	
adas	sarvanAma	puM	samboDana	bahu	
kim	sarvanAma	puM	praTamA	eka	kim
kim	sarvanAma	puM	praTamA	dvi	ke
kim	sarvanAma	puM	praTamA	bahu	kAni
kim	sarvanAma	puM	dvitIyA	eka	kim
kim	sarvanAma	puM	dvitIyA	dvi	ke
kim	sarvanAma	puM	dvitIyA	bahu	kAni
kim	sarvanAma	puM	tftIyA	eka	kena
kim	sarvanAma	puM	tftIyA	dvi	kAByAm
kim	sarvanAma	puM	tftIyA	bahu	kEH
kim	sarvanAma	puM	caturTI	eka	kasmE
kim	sarvanAma	puM	caturTI	dvi	kAByAm
kim	sarvanAma	puM	caturTI	bahu	keByaH
kim	sarvanAma	puM	paYcamI	eka	kasmAt
kim	sarvanAma	puM	paYcamI	dvi	kAByAm
kim	sarvanAma	puM	paYcamI	bahu	keByaH
kim	sarvanAma	puM	zazWI	eka	kasya
kim	sarvanAma	puM	zazWI	dvi	kayoH
kim	sarvanAma	puM	zazWI	bahu	kezAm
kim	sarvanAma	puM	saptamI	eka	kasmin
kim	sarvanAma	puM	saptamI	dvi	kayoH
kim	sarvanAma	puM	saptamI	bahu	kezu
kim	sarvanAma	puM	samboDana	eka	
kim	sarvanAma	puM	samboDana	dvi	
kim	sarvanAma	puM	samboDana	bahu	
yad	sarvanAma	puM	praTamA	eka	yat
yad	sarvanAma	puM	praTamA	dvi	ye
yad	sarvanAma	puM	praTamA	bahu	yAni
yad	sarvanAma	puM	dvitIyA	eka	yat
yad	sarvanAma	puM	dvitIyA	dvi	ye
yad	sarvanAma	puM	dvitIyA	bahu	yAni
yad	sarvanAma	puM	tftIyA	eka	yena
yad	sarvanAma	puM	tftIyA	dvi	yAByAm
yad	sarvanAma	puM	tftIyA	bahu	yEH
yad	sarvanAma	puM	caturTI	eka	yasmE
yad	sarvanAma	puM	caturTI	dvi	yAByAm
yad	sarvanAma	puM	caturTI	bahu	yeByaH
yad	sarvanAma	puM	paYcamI	eka	yasmAt
yad	sarvanAma	puM	paYcamI	dvi	yAByAm
yad	sarvanAma	puM	paYcamI	bahu	yeByaH
yad	sarvanAma	puM	zazWI	eka	yasya
yad	sarvanAma	puM	zazWI	dvi	yayoH
yad	sarvanAma	puM	zazWI	bahu	yezAm
yad	sarvanAma	puM	saptamI	eka	yasmin
yad	sarvanAma	puM	saptamI	dvi	yayoH
yad	sarvanAma	puM	saptamI	bahu	yezu
yad	sarvanAma	puM	samboDana	eka	
yad	sarvanAma	puM	samboDana	dvi	
yad	sarvanAma	puM	samboDana	bahu	
asmad	sarvanAma	puM	praTamA	eka	aham
asmad	sarvanAma	puM	praTamA	dvi	AvAm
asmad	sarvanAma	puM	praTamA	bahu	vayam
asmad	sarvanAma	puM	dvitIyA	eka	mAm
asmad	sarvanAma	puM	dvitIyA	dvi	AvAm
asmad	sarvanAma	puM	dvitIyA	bahu	asmAn
asmad	sarvanAma	puM	tftIyA	eka	mayA
asmad	sarvanAma	puM	tftIyA	dvi	AvAByAm
asmad	sarvanAma	puM	tftIyA	bahu	asmABiH
asmad	sarvanAma	puM	caturTI	eka	mahyam
asmad	sarvanAma	puM	caturTI	dvi	AvAByAm
asmad	sarvanAma	puM	caturTI	bahu	asmaByam
asmad	sarvanAma	puM	paYcamI	eka	mat
asmad	sarvanAma	puM	paYcamI	dvi	AvAByAm
asmad	sarvanAma	puM	paYcamI	bahu	asmat
asmad	sarvanAma	puM	zazWI	eka	mama
asmad	sarvanAma	puM	zazWI	dvi	AvayoH
asmad	sarvanAma	puM	zazWI	bahu	asmAkam
asmad	sarvanAma	puM	saptamI	eka	mayi
asmad	sarvanAma	puM	saptamI	dvi	AvayoH
asmad	sarvanAma	puM	saptamI	bahu	asmAsu
asmad	sarvanAma	puM	samboDana	eka	
asmad	sarvanAma	puM	samboDana	dvi	
asmad	sarvanAma	puM	samboDana	bahu	
yuzmad	sarvanAma	puM	praTamA	eka	tvam
yuzmad	sarvanAma	puM	praTamA	dvi	yuvAm
yuzmad	sarvanAma	puM	praTamA	bahu	yUyam
yuzmad	sarvanAma	puM	dvitIyA	eka	tvAm
yuzmad	sarvanAma	puM	dvitIyA	dvi	yuvAm
yuzmad	sarvanAma	puM	dvitIyA	bahu	yuzmAn
yuzmad	sarvanAma	puM	tftIyA	eka	tvayA
yuzmad	sarvanAma	puM	tftIyA	dvi	yuvAByAm
yuzmad	sarvanAma	puM	tftIyA	bahu	yuzmABiH
yuzmad	sarvanAma	puM	caturTI	eka	tuByam
yuzmad	sarvanAma	puM	caturTI	dvi	yuvAByAm
yuzmad	sarvanAma	puM	caturTI	bahu	yuzmaByam
yuzmad	sarvanAma	puM	paYcamI	eka	tvat
yuzmad	sarvanAma	puM	paYcamI	dvi	yuvAByAm
yuzmad	sarvanAma	puM	paYcamI	bahu	yuzmat
yuzmad	sarvanAma	puM	zazWI	eka	tava
yuzmad	sarvanAma	puM	zazWI	dvi	yuvayoH
yuzmad	sarvanAma	puM	zazWI	bahu	yuzmAkam
yuzmad	sarvanAma	puM	saptamI	eka	tvayi
yuzmad	sarvanAma	puM	saptamI	dvi	yuvayoH
yuzmad	sarvanAma	puM	saptamI	bahu	yuzmAsu
yuzmad	sarvanAma	puM	samboDana	eka	
yuzmad	sarvanAma	puM	samboDana	dvi	
yuzmad	sarvanAma	puM	samboDana	bahu	
	sarvanAma	puM	praTamA	eka	
	sarvanAma	puM	praTamA	dvi	
	sarvanAma	puM	praTamA	bahu	
	sarvanAma	puM	dvitIyA	eka	
	sarvanAma	puM	dvitIyA	dvi	
	sarvanAma	puM	dvitIyA	bahu	
	sarvanAma	puM	tftIyA	eka	
	sarvanAma	puM	tftIyA	dvi	
	sarvanAma	puM	tftIyA	bahu	
	sarvanAma	puM	caturTI	eka	
	sarvanAma	puM	caturTI	dvi	
	sarvanAma	puM	caturTI	bahu	
	sarvanAma	puM	paYcamI	eka	
	sarvanAma	puM	paYcamI	dvi	
	sarvanAma	puM	paYcamI	bahu	
	sarvanAma	puM	zazWI	eka	
	sarvanAma	puM	zazWI	dvi	
	sarvanAma	puM	zazWI	bahu	
	sarvanAma	puM	saptamI	eka	
	sarvanAma	puM	saptamI	dvi	
	sarvanAma	puM	saptamI	bahu	
	sarvanAma	puM	samboDana	eka	
	sarvanAma	puM	samboDana	dvi	
	sarvanAma	puM	samboDana	bahu	
ramA	nAma	strI	praTamA	eka	ramA
ramA	nAma	strI	praTamA	dvi	rame
ramA	nAma	strI	praTamA	bahu	ramAH
ramA	nAma	strI	dvitIyA	eka	ramAm
ramA	nAma	strI	dvitIyA	dvi	rame
ramA	nAma	strI	dvitIyA	bahu	ramAH
ramA	nAma	strI	tftIyA	eka	ramayA
ramA	nAma	strI	tftIyA	dvi	ramAByAm
ramA	nAma	strI	tftIyA	bahu	ramABiH
ramA	nAma	strI	caturTI	eka	ramAyE
ramA	nAma	strI	caturTI	dvi	ramAByAm
ramA	nAma	strI	caturTI	bahu	ramAByaH
ramA	nAma	strI	paYcamI	eka	ramAyAH
ramA	nAma	strI	paYcamI	dvi	ramAByAm
ramA	nAma	strI	paYcamI	bahu	ramAByaH
ramA	nAma	strI	zazWI	eka	ramAyAH
ramA	nAma	strI	zazWI	dvi	ramayoH
ramA	nAma	strI	zazWI	bahu	ramARAm
ramA	nAma	strI	saptamI	eka	ramAyAm
ramA	nAma	strI	saptamI	dvi	ramayoH
ramA	nAma	strI	saptamI	bahu	ramAsu
ramA	nAma	strI	samboDana	eka	rame
ramA	nAma	strI	samboDana	dvi	he rame
ramA	nAma	strI	samboDana	bahu	ramAH
mati	nAma	strI	praTamA	eka	matiH
mati	nAma	strI	praTamA	dvi	matI
mati	nAma	strI	praTamA	bahu	matayaH
mati	nAma	strI	dvitIyA	eka	matim
mati	nAma	strI	dvitIyA	dvi	matI
mati	nAma	strI	dvitIyA	bahu	matIH
mati	nAma	strI	tftIyA	eka	matyA
mati	nAma	strI	tftIyA	dvi	matiByAm
mati	nAma	strI	tftIyA	bahu	matiBiH
mati	nAma	strI	caturTI	eka	matyE, mataye
mati	nAma	strI	caturTI	dvi	matiByAm
mati	nAma	strI	caturTI	bahu	matiByaH
mati	nAma	strI	paYcamI	eka	matyAH, mateH
mati	nAma	strI	paYcamI	dvi	matiByAm
mati	nAma	strI	paYcamI	bahu	matiByaH
mati	nAma	strI	zazWI	eka	matyAH, mateH
mati	nAma	strI	zazWI	dvi	matyoH
mati	nAma	strI	zazWI	bahu	matInAm
mati	nAma	strI	saptamI	eka	matyAm, matO
mati	nAma	strI	saptamI	dvi	matyoH
mati	nAma	strI	saptamI	bahu	matizu
mati	nAma	strI	samboDana	eka	mate
mati	nAma	strI	samboDana	dvi	he matI
mati	nAma	strI	samboDana	bahu	matayaH
nadI	nAma	strI	praTamA	eka	nadI
nadI	nAma	strI	praTamA	dvi	nadyO
nadI	nAma	strI	praTamA	bahu	nadyaH
nadI	nAma	strI	dvitIyA	eka	nadIm
nadI	nAma	strI	dvitIyA	dvi	nadyO
nadI	nAma	strI	dvitIyA	bahu	nadIH
nadI	nAma	strI	tftIyA	eka	nadyA
nadI	nAma	strI	tftIyA	dvi	nadIByAm
nadI	nAma	strI	tftIyA	bahu	nadIBiH
nadI	nAma	strI	caturTI	eka	nadyE
nadI	nAma	strI	caturTI	dvi	nadIByAm
nadI	nAma	strI	caturTI	bahu	nadIByaH
nadI	nAma	strI	paYcamI	eka	nadyAH
nadI	nAma	strI	paYcamI	dvi	nadIByAm
nadI	nAma	strI	paYcamI	bahu	nadIByaH
nadI	nAma	strI	zazWI	eka	nadyAH
nadI	nAma	strI	zazWI	dvi	nadyoH
nadI	nAma	strI	zazWI	bahu	nadInAm
nadI	nAma	strI	saptamI	eka	nadyAm
nadI	nAma	strI	saptamI	dvi	nadyoH
nadI	nAma	strI	saptamI	bahu	nadIzu
nadI	nAma	strI	samboDana	eka	nadi
nadI	nAma	strI	samboDana	dvi	he nadyO
nadI	nAma	strI	samboDana	bahu	nadyaH
Denu	nAma	strI	praTamA	eka	DenuH
Denu	nAma	strI	praTamA	dvi	DenU
Denu	nAma	strI	praTamA	bahu	DenavaH
Denu	nAma	strI	dvitIyA	eka	Denum
Denu	nAma	strI	dvitIyA	dvi	DenU
Denu	nAma	strI	dvitIyA	bahu	DenUH
Denu	nAma	strI	tftIyA	eka	DenvA
Denu	nAma	strI	tftIyA	dvi	DenuByAm
Denu	nAma	strI	tftIyA	bahu	DenuBiH
Denu	nAma	strI	caturTI	eka	DenvE, Denave
Denu	nAma	strI	caturTI	dvi	DenuByAm
Denu	nAma	strI	caturTI	bahu	DenuByaH
Denu	nAma	strI	paYcamI	eka	DenvAH, DenoH
Denu	nAma	strI	paYcamI	dvi	DenuByAm
Denu	nAma	strI	paYcamI	bahu	DenuByaH
Denu	nAma	strI	zazWI	eka	DenvAH, DenoH
Denu	nAma	strI	zazWI	dvi	DenvoH
Denu	nAma	strI	zazWI	bahu	DenUnAm
Denu	nAma	strI	saptamI	eka	DenvAm, DenO
Denu	nAma	strI	saptamI	dvi	DenvoH
Denu	nAma	strI	saptamI	bahu	Denuzu
Denu	nAma	strI	samboDana	eka	Deno
Denu	nAma	strI	samboDana	dvi	he DenU
Denu	nAma	strI	samboDana	bahu	DenavaH
vaDU	nAma	strI	praTamA	eka	vaDUH
vaDU	nAma	strI	praTamA	dvi	vaDvO
vaDU	nAma	strI	praTamA	bahu	vaDvaH
vaDU	nAma	strI	dvitIyA	eka	vaDUm
vaDU	nAma	strI	dvitIyA	dvi	vaDvO
vaDU	nAma	strI	dvitIyA	bahu	vaDUH
vaDU	nAma	strI	tftIyA	eka	vaDvA
vaDU	nAma	strI	tftIyA	dvi	vaDUByAm
vaDU	nAma	strI	tftIyA	bahu	vaDUBiH
vaDU	nAma	strI	caturTI	eka	vaDvE
vaDU	nAma	strI	caturTI	dvi	vaDUByAm
vaDU	nAma	strI	caturTI	bahu	vaDUByaH
vaDU	nAma	strI	paYcamI	eka	vaDvAH
vaDU	nAma	strI	paYcamI	dvi	vaDUByAm
vaDU	nAma	strI	paYcamI	bahu	vaDUByaH
vaDU	nAma	strI	zazWI	eka	vaDvAH
vaDU	nAma	strI	zazWI	dvi	vaDvoH
vaDU	nAma	strI	zazWI	bahu	vaDUnAm
vaDU	nAma	strI	saptamI	eka	vaDvAm
vaDU	nAma	strI	saptamI	dvi	vaDvoH
vaDU	nAma	strI	saptamI	bahu	vaDUzu
vaDU	nAma	strI	samboDana	eka	vaDu
vaDU	nAma	strI	samboDana	dvi	vaDvO
vaDU	nAma	strI	samboDana	bahu	vaDvaH
svasf	nAma	strI	praTamA	eka	svasA
svasf	nAma	strI	praTamA	dvi	svasArO
svasf	nAma	strI	praTamA	bahu	svasAraH
svasf	nAma	strI	dvitIyA	eka	svasAram
svasf	nAma	strI	dvitIyA	dvi	svasArO
svasf	nAma	strI	dvitIyA	bahu	svasfH
svasf	nAma	strI	tftIyA	eka	svasrA
svasf	nAma	strI	tftIyA	dvi	svasfByAm
svasf	nAma	strI	tftIyA	bahu	svasfBiH
svasf	nAma	strI	caturTI	eka	svasre
svasf	nAma	strI	caturTI	dvi	svasfByAm
svasf	nAma	strI	caturTI	bahu	svasfByaH
svasf	nAma	strI	paYcamI	eka	svasuH
svasf	nAma	strI	paYcamI	dvi	svasfByAm
svasf	nAma	strI	paYcamI	bahu	svasfByaH
svasf	nAma	strI	zazWI	eka	svasuH
svasf	nAma	strI	zazWI	dvi	svastroH
svasf	nAma	strI	zazWI	bahu	svasFRAm
svasf	nAma	strI	saptamI	eka	svasari
svasf	nAma	strI	saptamI	dvi	svastroH
svasf	nAma	strI	saptamI	bahu	svasfzu
svasf	nAma	strI	samboDana	eka	svasaH
svasf	nAma	strI	samboDana	dvi	he svasArO
svasf	nAma	strI	samboDana	bahu	svasAraH
nO	nAma	strI	praTamA	eka	nOH
nO	nAma	strI	praTamA	dvi	glAvO
nO	nAma	strI	praTamA	bahu	nAvaH
nO	nAma	strI	dvitIyA	eka	nAvam
nO	nAma	strI	dvitIyA	dvi	glAvO
nO	nAma	strI	dvitIyA	bahu	nAvaH
nO	nAma	strI	tftIyA	eka	nAvA
nO	nAma	strI	tftIyA	dvi	glOByAm
nO	nAma	strI	tftIyA	bahu	nOBiH
nO	nAma	strI	caturTI	eka	nAve
nO	nAma	strI	caturTI	dvi	glOByAm
nO	nAma	strI	caturTI	bahu	nOByaH
nO	nAma	strI	paYcamI	eka	nAvaH
nO	nAma	strI	paYcamI	dvi	glOByAm
nO	nAma	strI	paYcamI	bahu	nOByaH
nO	nAma	strI	zazWI	eka	nAvaH
nO	nAma	strI	zazWI	dvi	glAvoH
nO	nAma	strI	zazWI	bahu	nAvAm
nO	nAma	strI	saptamI	eka	nAvi
nO	nAma	strI	saptamI	dvi	glAvoH
nO	nAma	strI	saptamI	bahu	nOzu
nO	nAma	strI	samboDana	eka	nOH
nO	nAma	strI	samboDana	dvi	glAvO
nO	nAma	strI	samboDana	bahu	nAvaH
vAc	nAma	strI	praTamA	eka	vAk-g
vAc	nAma	strI	praTamA	dvi	vAcO
vAc	nAma	strI	praTamA	bahu	vAcaH
vAc	nAma	strI	dvitIyA	eka	vAcam
vAc	nAma	strI	dvitIyA	dvi	vAcO
vAc	nAma	strI	dvitIyA	bahu	vAcaH
vAc	nAma	strI	tftIyA	eka	vAcA
vAc	nAma	strI	tftIyA	dvi	vAgByAm
vAc	nAma	strI	tftIyA	bahu	vAgBiH
vAc	nAma	strI	caturTI	eka	vAce
vAc	nAma	strI	caturTI	dvi	vAgByAm
vAc	nAma	strI	caturTI	bahu	vAgByaH
vAc	nAma	strI	paYcamI	eka	vAcaH
vAc	nAma	strI	paYcamI	dvi	vAgByAm
vAc	nAma	strI	paYcamI	bahu	vAgByaH
vAc	nAma	strI	zazWI	eka	vAcaH
vAc	nAma	strI	zazWI	dvi	vAcoH
vAc	nAma	strI	zazWI	bahu	vAcAm
vAc	nAma	strI	saptamI	eka	vAci
vAc	nAma	strI	saptamI	dvi	vAcoH
vAc	nAma	strI	saptamI	bahu	vAkzu
vAc	nAma	strI	samboDana	eka	vAk-g
vAc	nAma	strI	samboDana	dvi	vAcO
vAc	nAma	strI	samboDana	bahu	vAcaH
sraj	nAma	strI	praTamA	eka	srak
sraj	nAma	strI	praTamA	dvi	srajO
sraj	nAma	strI	praTamA	bahu	srajaH
sraj	nAma	strI	dvitIyA	eka	srajam
sraj	nAma	strI	dvitIyA	dvi	srajO
sraj	nAma	strI	dvitIyA	bahu	srajaH
sraj	nAma	strI	tftIyA	eka	srajA
sraj	nAma	strI	tftIyA	dvi	sragByAm
sraj	nAma	strI	tftIyA	bahu	sragBiH
sraj	nAma	strI	caturTI	eka	sraje
sraj	nAma	strI	caturTI	dvi	sragByAm
sraj	nAma	strI	caturTI	bahu	sragByaH
sraj	nAma	strI	paYcamI	eka	srajaH
sraj	nAma	strI	paYcamI	dvi	sragByAm
sraj	nAma	strI	paYcamI	bahu	sragByaH
sraj	nAma	strI	zazWI	eka	srajaH
sraj	nAma	strI	zazWI	dvi	srajoH
sraj	nAma	strI	zazWI	bahu	srajAm
sraj	nAma	strI	saptamI	eka	sraji
sraj	nAma	strI	saptamI	dvi	srajoH
sraj	nAma	strI	saptamI	bahu	srakzu
sraj	nAma	strI	samboDana	eka	srak
sraj	nAma	strI	samboDana	dvi	srajO
sraj	nAma	strI	samboDana	bahu	srajaH
sarit	nAma	strI	praTamA	eka	sarit
sarit	nAma	strI	praTamA	dvi	saritO
sarit	nAma	strI	praTamA	bahu	saritaH
sarit	nAma	strI	dvitIyA	eka	saritam
sarit	nAma	strI	dvitIyA	dvi	saritO
sarit	nAma	strI	dvitIyA	bahu	saritaH
sarit	nAma	strI	tftIyA	eka	saritA
sarit	nAma	strI	tftIyA	dvi	saridByAm
sarit	nAma	strI	tftIyA	bahu	saridBiH
sarit	nAma	strI	caturTI	eka	sarite
sarit	nAma	strI	caturTI	dvi	saridByAm
sarit	nAma	strI	caturTI	bahu	saridByaH
sarit	nAma	strI	paYcamI	eka	saritaH
sarit	nAma	strI	paYcamI	dvi	saridByAm
sarit	nAma	strI	paYcamI	bahu	saridByaH
sarit	nAma	strI	zazWI	eka	saritaH
sarit	nAma	strI	zazWI	dvi	saritoH
sarit	nAma	strI	zazWI	bahu	saritAm
sarit	nAma	strI	saptamI	eka	sariti
sarit	nAma	strI	saptamI	dvi	saritoH
sarit	nAma	strI	saptamI	bahu	saritsu
sarit	nAma	strI	samboDana	eka	sarit
sarit	nAma	strI	samboDana	dvi	saritO
sarit	nAma	strI	samboDana	bahu	saritaH
Apad	nAma	strI	praTamA	eka	Apad
Apad	nAma	strI	praTamA	dvi	ApadO
Apad	nAma	strI	praTamA	bahu	ApadaH
Apad	nAma	strI	dvitIyA	eka	Apadam
Apad	nAma	strI	dvitIyA	dvi	ApadO
Apad	nAma	strI	dvitIyA	bahu	ApadaH
Apad	nAma	strI	tftIyA	eka	ApadA
Apad	nAma	strI	tftIyA	dvi	ApadByAm
Apad	nAma	strI	tftIyA	bahu	ApadBiH
Apad	nAma	strI	caturTI	eka	Apade
Apad	nAma	strI	caturTI	dvi	ApadByAm
Apad	nAma	strI	caturTI	bahu	ApadByaH
Apad	nAma	strI	paYcamI	eka	ApadaH
Apad	nAma	strI	paYcamI	dvi	ApadByAm
Apad	nAma	strI	paYcamI	bahu	ApadByaH
Apad	nAma	strI	zazWI	eka	ApadaH
Apad	nAma	strI	zazWI	dvi	ApadoH
Apad	nAma	strI	zazWI	bahu	ApadByAm
Apad	nAma	strI	saptamI	eka	Apadi
Apad	nAma	strI	saptamI	dvi	ApadoH
Apad	nAma	strI	saptamI	bahu	Apatsu
Apad	nAma	strI	samboDana	eka	Apad
Apad	nAma	strI	samboDana	dvi	ApadO
Apad	nAma	strI	samboDana	bahu	ApadaH
samiD	nAma	strI	praTamA	eka	samit
samiD	nAma	strI	praTamA	dvi	samiDO
samiD	nAma	strI	praTamA	bahu	samiDaH
samiD	nAma	strI	dvitIyA	eka	samiDam
samiD	nAma	strI	dvitIyA	dvi	samiDO
samiD	nAma	strI	dvitIyA	bahu	samiDaH
samiD	nAma	strI	tftIyA	eka	samiDA
samiD	nAma	strI	tftIyA	dvi	samidByAm
samiD	nAma	strI	tftIyA	bahu	samidBiH
samiD	nAma	strI	caturTI	eka	samiDe
samiD	nAma	strI	caturTI	dvi	samidByAm
samiD	nAma	strI	caturTI	bahu	samidByaH
samiD	nAma	strI	paYcamI	eka	samiDaH
samiD	nAma	strI	paYcamI	dvi	samidByAm
samiD	nAma	strI	paYcamI	bahu	samidByaH
samiD	nAma	strI	zazWI	eka	samiDaH
samiD	nAma	strI	zazWI	dvi	samiDoH
samiD	nAma	strI	zazWI	bahu	samiDAm
samiD	nAma	strI	saptamI	eka	samiDi
samiD	nAma	strI	saptamI	dvi	samiDoH
samiD	nAma	strI	saptamI	bahu	samitsu
samiD	nAma	strI	samboDana	eka	samit
samiD	nAma	strI	samboDana	dvi	samiDO
samiD	nAma	strI	samboDana	bahu	samiDaH
sIman	nAma	strI	praTamA	eka	sImA
sIman	nAma	strI	praTamA	dvi	sImnO
sIman	nAma	strI	praTamA	bahu	sImAnaH
sIman	nAma	strI	dvitIyA	eka	sImAnam
sIman	nAma	strI	dvitIyA	dvi	sImnO
sIman	nAma	strI	dvitIyA	bahu	sImnaH
sIman	nAma	strI	tftIyA	eka	sImnA
sIman	nAma	strI	tftIyA	dvi	sImaByAm
sIman	nAma	strI	tftIyA	bahu	sImaBiH
sIman	nAma	strI	caturTI	eka	sImne
sIman	nAma	strI	caturTI	dvi	sImaByAm
sIman	nAma	strI	caturTI	bahu	sImaByaH
sIman	nAma	strI	paYcamI	eka	sImnaH
sIman	nAma	strI	paYcamI	dvi	sImaByAm
sIman	nAma	strI	paYcamI	bahu	sImaByaH
sIman	nAma	strI	zazWI	eka	sImnaH
sIman	nAma	strI	zazWI	dvi	sImnoH
sIman	nAma	strI	zazWI	bahu	sImnAm
sIman	nAma	strI	saptamI	eka	sImni
sIman	nAma	strI	saptamI	dvi	sImnoH
sIman	nAma	strI	saptamI	bahu	sImasu
sIman	nAma	strI	samboDana	eka	sIman
sIman	nAma	strI	samboDana	dvi	sImnO
sIman	nAma	strI	samboDana	bahu	sImAnaH
ap	nAma	strI	praTamA	eka	,,
ap	nAma	strI	praTamA	dvi	
ap	nAma	strI	praTamA	bahu	ApaH
ap	nAma	strI	dvitIyA	eka	
ap	nAma	strI	dvitIyA	dvi	
ap	nAma	strI	dvitIyA	bahu	apaH
ap	nAma	strI	tftIyA	eka	
ap	nAma	strI	tftIyA	dvi	
ap	nAma	strI	tftIyA	bahu	adBiH
ap	nAma	strI	caturTI	eka	
ap	nAma	strI	caturTI	dvi	
ap	nAma	strI	caturTI	bahu	adByaH
ap	nAma	strI	paYcamI	eka	
ap	nAma	strI	paYcamI	dvi	
ap	nAma	strI	paYcamI	bahu	adByaH
ap	nAma	strI	zazWI	eka	
ap	nAma	strI	zazWI	dvi	
ap	nAma	strI	zazWI	bahu	apAm
ap	nAma	strI	saptamI	eka	
ap	nAma	strI	saptamI	dvi	
ap	nAma	strI	saptamI	bahu	apsu
ap	nAma	strI	samboDana	eka	
ap	nAma	strI	samboDana	dvi	
ap	nAma	strI	samboDana	bahu	ApaH
kakuB	nAma	strI	praTamA	eka	kakup
kakuB	nAma	strI	praTamA	dvi	kakuBaH
kakuB	nAma	strI	praTamA	bahu	kakuBaH
kakuB	nAma	strI	dvitIyA	eka	kakuBam
kakuB	nAma	strI	dvitIyA	dvi	kakuBaH
kakuB	nAma	strI	dvitIyA	bahu	kakuBaH
kakuB	nAma	strI	tftIyA	eka	kakuBA
kakuB	nAma	strI	tftIyA	dvi	kakubBiH
kakuB	nAma	strI	tftIyA	bahu	kakubBiH
kakuB	nAma	strI	caturTI	eka	kakuBe
kakuB	nAma	strI	caturTI	dvi	kakubByaH
kakuB	nAma	strI	caturTI	bahu	kakubByaH
kakuB	nAma	strI	paYcamI	eka	kakuBaH
kakuB	nAma	strI	paYcamI	dvi	kakubByaH
kakuB	nAma	strI	paYcamI	bahu	kakubByaH
kakuB	nAma	strI	zazWI	eka	kakuBaH
kakuB	nAma	strI	zazWI	dvi	kakuBAm
kakuB	nAma	strI	zazWI	bahu	kakuBAm
kakuB	nAma	strI	saptamI	eka	kakuBi
kakuB	nAma	strI	saptamI	dvi	kakupsu
kakuB	nAma	strI	saptamI	bahu	kakupsu
kakuB	nAma	strI	samboDana	eka	kakup
kakuB	nAma	strI	samboDana	dvi	kakuBaH
kakuB	nAma	strI	samboDana	bahu	kakuBaH
gir	nAma	strI	praTamA	eka	gIH
gir	nAma	strI	praTamA	dvi	giraH
gir	nAma	strI	praTamA	bahu	giraH
gir	nAma	strI	dvitIyA	eka	giram
gir	nAma	strI	dvitIyA	dvi	giraH
gir	nAma	strI	dvitIyA	bahu	giraH
gir	nAma	strI	tftIyA	eka	girA
gir	nAma	strI	tftIyA	dvi	gIrBiH
gir	nAma	strI	tftIyA	bahu	gIrBiH
gir	nAma	strI	caturTI	eka	gire
gir	nAma	strI	caturTI	dvi	gIrByaH
gir	nAma	strI	caturTI	bahu	gIrByaH
gir	nAma	strI	paYcamI	eka	giraH
gir	nAma	strI	paYcamI	dvi	gIrByaH
gir	nAma	strI	paYcamI	bahu	gIrByaH
gir	nAma	strI	zazWI	eka	giraH
gir	nAma	strI	zazWI	dvi	girAm
gir	nAma	strI	zazWI	bahu	girAm
gir	nAma	strI	saptamI	eka	giri
gir	nAma	strI	saptamI	dvi	gIrzu
gir	nAma	strI	saptamI	bahu	gIrzu
gir	nAma	strI	samboDana	eka	gIH
gir	nAma	strI	samboDana	dvi	giraH
gir	nAma	strI	samboDana	bahu	giraH
div	nAma	strI	praTamA	eka	dyOH
div	nAma	strI	praTamA	dvi	divO
div	nAma	strI	praTamA	bahu	divaH
div	nAma	strI	dvitIyA	eka	divam
div	nAma	strI	dvitIyA	dvi	divO
div	nAma	strI	dvitIyA	bahu	divaH
div	nAma	strI	tftIyA	eka	divA
div	nAma	strI	tftIyA	dvi	dyuByAm
div	nAma	strI	tftIyA	bahu	dyuBiH
div	nAma	strI	caturTI	eka	dive
div	nAma	strI	caturTI	dvi	dyuByAm
div	nAma	strI	caturTI	bahu	dyuByaH
div	nAma	strI	paYcamI	eka	divaH
div	nAma	strI	paYcamI	dvi	dyuByAm
div	nAma	strI	paYcamI	bahu	dyuByaH
div	nAma	strI	zazWI	eka	divaH
div	nAma	strI	zazWI	dvi	divoH
div	nAma	strI	zazWI	bahu	divAm
div	nAma	strI	saptamI	eka	divi
div	nAma	strI	saptamI	dvi	divoH
div	nAma	strI	saptamI	bahu	dyuzu
div	nAma	strI	samboDana	eka	dyOH
div	nAma	strI	samboDana	dvi	divO
div	nAma	strI	samboDana	bahu	divaH
diS	nAma	strI	praTamA	eka	dik
diS	nAma	strI	praTamA	dvi	diSO
diS	nAma	strI	praTamA	bahu	diSaH
diS	nAma	strI	dvitIyA	eka	diSam
diS	nAma	strI	dvitIyA	dvi	diSO
diS	nAma	strI	dvitIyA	bahu	diSaH
diS	nAma	strI	tftIyA	eka	diSA
diS	nAma	strI	tftIyA	dvi	digByAm
diS	nAma	strI	tftIyA	bahu	digBiH
diS	nAma	strI	caturTI	eka	diSe
diS	nAma	strI	caturTI	dvi	digByAm
diS	nAma	strI	caturTI	bahu	digByaH
diS	nAma	strI	paYcamI	eka	diSaH
diS	nAma	strI	paYcamI	dvi	digByAm
diS	nAma	strI	paYcamI	bahu	digByaH
diS	nAma	strI	zazWI	eka	diSaH
diS	nAma	strI	zazWI	dvi	diSoH
diS	nAma	strI	zazWI	bahu	diSAm
diS	nAma	strI	saptamI	eka	diSi
diS	nAma	strI	saptamI	dvi	diSoH
diS	nAma	strI	saptamI	bahu	dikzu
diS	nAma	strI	samboDana	eka	dik
diS	nAma	strI	samboDana	dvi	diSO
diS	nAma	strI	samboDana	bahu	diSaH
prAvfw	nAma	strI	praTamA	eka	prAvfz
prAvfw	nAma	strI	praTamA	dvi	prAvfzO
prAvfw	nAma	strI	praTamA	bahu	prAvfzaH
prAvfw	nAma	strI	dvitIyA	eka	prAvfzam
prAvfw	nAma	strI	dvitIyA	dvi	prAvfzO
prAvfw	nAma	strI	dvitIyA	bahu	prAvfzaH
prAvfw	nAma	strI	tftIyA	eka	prAvfzA
prAvfw	nAma	strI	tftIyA	dvi	prAvfqByAm
prAvfw	nAma	strI	tftIyA	bahu	prAvfqBiH
prAvfw	nAma	strI	caturTI	eka	prAvfze
prAvfw	nAma	strI	caturTI	dvi	prAvfqByAm
prAvfw	nAma	strI	caturTI	bahu	prAvfqByaH
prAvfw	nAma	strI	paYcamI	eka	prAvfzaH
prAvfw	nAma	strI	paYcamI	dvi	prAvfqByAm
prAvfw	nAma	strI	paYcamI	bahu	prAvfqByaH
prAvfw	nAma	strI	zazWI	eka	prAvfzaH
prAvfw	nAma	strI	zazWI	dvi	prAvfzoH
prAvfw	nAma	strI	zazWI	bahu	prAvfzAm
prAvfw	nAma	strI	saptamI	eka	prAvfzi
prAvfw	nAma	strI	saptamI	dvi	prAvfzoH
prAvfw	nAma	strI	saptamI	bahu	prAvfzu
prAvfw	nAma	strI	samboDana	eka	prAvfz
prAvfw	nAma	strI	samboDana	dvi	prAvfzO
prAvfw	nAma	strI	samboDana	bahu	prAvfzaH
BAs	nAma	strI	praTamA	eka	BAH
BAs	nAma	strI	praTamA	dvi	BAsO
BAs	nAma	strI	praTamA	bahu	BAsaH
BAs	nAma	strI	dvitIyA	eka	BAsam
BAs	nAma	strI	dvitIyA	dvi	BAsO
BAs	nAma	strI	dvitIyA	bahu	BAsaH
BAs	nAma	strI	tftIyA	eka	BAsA
BAs	nAma	strI	tftIyA	dvi	BAByAm
BAs	nAma	strI	tftIyA	bahu	BABiH
BAs	nAma	strI	caturTI	eka	BAse
BAs	nAma	strI	caturTI	dvi	BAByAm
BAs	nAma	strI	caturTI	bahu	BAByaH
BAs	nAma	strI	paYcamI	eka	BAsaH
BAs	nAma	strI	paYcamI	dvi	BAByAm
BAs	nAma	strI	paYcamI	bahu	BAByaH
BAs	nAma	strI	zazWI	eka	BAsaH
BAs	nAma	strI	zazWI	dvi	BAsoH
BAs	nAma	strI	zazWI	bahu	BAsAm
BAs	nAma	strI	saptamI	eka	BAsi
BAs	nAma	strI	saptamI	dvi	BAsoH
BAs	nAma	strI	saptamI	bahu	BAsu
BAs	nAma	strI	samboDana	eka	BAH
BAs	nAma	strI	samboDana	dvi	BAsO
BAs	nAma	strI	samboDana	bahu	BAsaH
upAnah	nAma	strI	praTamA	eka	upAnat
upAnah	nAma	strI	praTamA	dvi	upAnahaH
upAnah	nAma	strI	praTamA	bahu	upAnahaH
upAnah	nAma	strI	dvitIyA	eka	upAnaham
upAnah	nAma	strI	dvitIyA	dvi	upAnahaH
upAnah	nAma	strI	dvitIyA	bahu	upAnahaH
upAnah	nAma	strI	tftIyA	eka	upAnahA
upAnah	nAma	strI	tftIyA	dvi	upAnadBiH
upAnah	nAma	strI	tftIyA	bahu	upAnadBiH
upAnah	nAma	strI	caturTI	eka	upAnahe
upAnah	nAma	strI	caturTI	dvi	upAnadByaH
upAnah	nAma	strI	caturTI	bahu	upAnadByaH
upAnah	nAma	strI	paYcamI	eka	upAnahaH
upAnah	nAma	strI	paYcamI	dvi	upAnadByaH
upAnah	nAma	strI	paYcamI	bahu	upAnadByaH
upAnah	nAma	strI	zazWI	eka	upAnahaH
upAnah	nAma	strI	zazWI	dvi	upAnahAm
upAnah	nAma	strI	zazWI	bahu	upAnahAm
upAnah	nAma	strI	saptamI	eka	upAnahi
upAnah	nAma	strI	saptamI	dvi	upAnatsu
upAnah	nAma	strI	saptamI	bahu	upAnatsu
upAnah	nAma	strI	samboDana	eka	upAnat
upAnah	nAma	strI	samboDana	dvi	upAnahaH
upAnah	nAma	strI	samboDana	bahu	upAnahaH
Pala	nAma	napuMsaka	praTamA	eka	Palam
Pala	nAma	napuMsaka	praTamA	dvi	Pale
Pala	nAma	napuMsaka	praTamA	bahu	PalAni
Pala	nAma	napuMsaka	dvitIyA	eka	Palam
Pala	nAma	napuMsaka	dvitIyA	dvi	Pale
Pala	nAma	napuMsaka	dvitIyA	bahu	PalAni
Pala	nAma	napuMsaka	tftIyA	eka	Palena
Pala	nAma	napuMsaka	tftIyA	dvi	PalAByAm
Pala	nAma	napuMsaka	tftIyA	bahu	PalEH
Pala	nAma	napuMsaka	caturTI	eka	PalAya
Pala	nAma	napuMsaka	caturTI	dvi	PalAByAm
Pala	nAma	napuMsaka	caturTI	bahu	PaleByaH
Pala	nAma	napuMsaka	paYcamI	eka	PalAt
Pala	nAma	napuMsaka	paYcamI	dvi	PalAByAm
Pala	nAma	napuMsaka	paYcamI	bahu	PaleByaH
Pala	nAma	napuMsaka	zazWI	eka	Palasya
Pala	nAma	napuMsaka	zazWI	dvi	PalayoH
Pala	nAma	napuMsaka	zazWI	bahu	PalAnAm
Pala	nAma	napuMsaka	saptamI	eka	Pale
Pala	nAma	napuMsaka	saptamI	dvi	PalayoH
Pala	nAma	napuMsaka	saptamI	bahu	Palezu
Pala	nAma	napuMsaka	samboDana	eka	Pala
Pala	nAma	napuMsaka	samboDana	dvi	Pale
Pala	nAma	napuMsaka	samboDana	bahu	he Pala
vAri	nAma	napuMsaka	praTamA	eka	vAri
vAri	nAma	napuMsaka	praTamA	dvi	vArI
vAri	nAma	napuMsaka	praTamA	bahu	vArIRi
vAri	nAma	napuMsaka	dvitIyA	eka	vAri
vAri	nAma	napuMsaka	dvitIyA	dvi	vArI
vAri	nAma	napuMsaka	dvitIyA	bahu	vArIRi
vAri	nAma	napuMsaka	tftIyA	eka	vAriRA
vAri	nAma	napuMsaka	tftIyA	dvi	vArByAm
vAri	nAma	napuMsaka	tftIyA	bahu	vAriBiH
vAri	nAma	napuMsaka	caturTI	eka	vAriRe
vAri	nAma	napuMsaka	caturTI	dvi	vArByAm
vAri	nAma	napuMsaka	caturTI	bahu	vAriByaH
vAri	nAma	napuMsaka	paYcamI	eka	vAriRaH
vAri	nAma	napuMsaka	paYcamI	dvi	vArByAm
vAri	nAma	napuMsaka	paYcamI	bahu	vAriByaH
vAri	nAma	napuMsaka	zazWI	eka	vAriRaH
vAri	nAma	napuMsaka	zazWI	dvi	vAroH
vAri	nAma	napuMsaka	zazWI	bahu	vArIRAm
vAri	nAma	napuMsaka	saptamI	eka	vAriRi
vAri	nAma	napuMsaka	saptamI	dvi	vAroH
vAri	nAma	napuMsaka	saptamI	bahu	vArIzu
vAri	nAma	napuMsaka	samboDana	eka	vAri
vAri	nAma	napuMsaka	samboDana	dvi	he vArI
vAri	nAma	napuMsaka	samboDana	bahu	vArIRi
maDu	nAma	napuMsaka	praTamA	eka	maDu
maDu	nAma	napuMsaka	praTamA	dvi	maDunI
maDu	nAma	napuMsaka	praTamA	bahu	maDUni
maDu	nAma	napuMsaka	dvitIyA	eka	maDu
maDu	nAma	napuMsaka	dvitIyA	dvi	maDunI
maDu	nAma	napuMsaka	dvitIyA	bahu	maDUni
maDu	nAma	napuMsaka	tftIyA	eka	maDunA
maDu	nAma	napuMsaka	tftIyA	dvi	maDuByAm
maDu	nAma	napuMsaka	tftIyA	bahu	maDuBiH
maDu	nAma	napuMsaka	caturTI	eka	maDune
maDu	nAma	napuMsaka	caturTI	dvi	maDuByAm
maDu	nAma	napuMsaka	caturTI	bahu	maDuByaH
maDu	nAma	napuMsaka	paYcamI	eka	maDunaH
maDu	nAma	napuMsaka	paYcamI	dvi	maDuByAm
maDu	nAma	napuMsaka	paYcamI	bahu	maDuByaH
maDu	nAma	napuMsaka	zazWI	eka	maDunaH
maDu	nAma	napuMsaka	zazWI	dvi	maDunoH
maDu	nAma	napuMsaka	zazWI	bahu	maDUnAm
maDu	nAma	napuMsaka	saptamI	eka	maDuni
maDu	nAma	napuMsaka	saptamI	dvi	maDunoH
maDu	nAma	napuMsaka	saptamI	bahu	maDuzu
maDu	nAma	napuMsaka	samboDana	eka	maDo, maDu
maDu	nAma	napuMsaka	samboDana	dvi	he maDunI
maDu	nAma	napuMsaka	samboDana	bahu	maDUni
dAtf	nAma	napuMsaka	praTamA	eka	dAtf
dAtf	nAma	napuMsaka	praTamA	dvi	dAtfRI
dAtf	nAma	napuMsaka	praTamA	bahu	dAtFRi
dAtf	nAma	napuMsaka	dvitIyA	eka	dAtf
dAtf	nAma	napuMsaka	dvitIyA	dvi	dAtfRI
dAtf	nAma	napuMsaka	dvitIyA	bahu	dAtFRi
dAtf	nAma	napuMsaka	tftIyA	eka	dAtfRA
dAtf	nAma	napuMsaka	tftIyA	dvi	dAtfByAm
dAtf	nAma	napuMsaka	tftIyA	bahu	dAtfBiH
dAtf	nAma	napuMsaka	caturTI	eka	dAtfRe
dAtf	nAma	napuMsaka	caturTI	dvi	dAtfByAm
dAtf	nAma	napuMsaka	caturTI	bahu	dAtfByaH
dAtf	nAma	napuMsaka	paYcamI	eka	dAtfRaH
dAtf	nAma	napuMsaka	paYcamI	dvi	dAtfByAm
dAtf	nAma	napuMsaka	paYcamI	bahu	dAtfByaH
dAtf	nAma	napuMsaka	zazWI	eka	dAtfRaH
dAtf	nAma	napuMsaka	zazWI	dvi	dAtfRoH-dAtroH
dAtf	nAma	napuMsaka	zazWI	bahu	dAtFRAm
dAtf	nAma	napuMsaka	saptamI	eka	dAtfRi
dAtf	nAma	napuMsaka	saptamI	dvi	dAtfRoH-dAtroH
dAtf	nAma	napuMsaka	saptamI	bahu	dAtfzu
dAtf	nAma	napuMsaka	samboDana	eka	dAtaH, dAtf
dAtf	nAma	napuMsaka	samboDana	dvi	dAtfRI
dAtf	nAma	napuMsaka	samboDana	bahu	dAtFRi
suvAc	nAma	napuMsaka	praTamA	eka	suvAk
suvAc	nAma	napuMsaka	praTamA	dvi	suvAcI
suvAc	nAma	napuMsaka	praTamA	bahu	suvAYci
suvAc	nAma	napuMsaka	dvitIyA	eka	suvAk
suvAc	nAma	napuMsaka	dvitIyA	dvi	suvAcI
suvAc	nAma	napuMsaka	dvitIyA	bahu	suvAYci
suvAc	nAma	napuMsaka	tftIyA	eka	suvAcA
suvAc	nAma	napuMsaka	tftIyA	dvi	suvAgByAm
suvAc	nAma	napuMsaka	tftIyA	bahu	suvAgBiH
suvAc	nAma	napuMsaka	caturTI	eka	suvAce
suvAc	nAma	napuMsaka	caturTI	dvi	suvAgByAm
suvAc	nAma	napuMsaka	caturTI	bahu	suvAgByaH
suvAc	nAma	napuMsaka	paYcamI	eka	suvAcaH
suvAc	nAma	napuMsaka	paYcamI	dvi	suvAgByAm
suvAc	nAma	napuMsaka	paYcamI	bahu	suvAgByaH
suvAc	nAma	napuMsaka	zazWI	eka	suvAcaH
suvAc	nAma	napuMsaka	zazWI	dvi	suvacoH
suvAc	nAma	napuMsaka	zazWI	bahu	suvacAm
suvAc	nAma	napuMsaka	saptamI	eka	suvAci
suvAc	nAma	napuMsaka	saptamI	dvi	suvacoH
suvAc	nAma	napuMsaka	saptamI	bahu	suvAkzu
suvAc	nAma	napuMsaka	samboDana	eka	suvAk
suvAc	nAma	napuMsaka	samboDana	dvi	suvAcI
suvAc	nAma	napuMsaka	samboDana	bahu	suvAYci
asfj	nAma	napuMsaka	praTamA	eka	asfk
asfj	nAma	napuMsaka	praTamA	dvi	asfjI
asfj	nAma	napuMsaka	praTamA	bahu	asfjaH
asfj	nAma	napuMsaka	dvitIyA	eka	asfk
asfj	nAma	napuMsaka	dvitIyA	dvi	asfjI
asfj	nAma	napuMsaka	dvitIyA	bahu	asfjaH
asfj	nAma	napuMsaka	tftIyA	eka	asfjA
asfj	nAma	napuMsaka	tftIyA	dvi	asfgByAm
asfj	nAma	napuMsaka	tftIyA	bahu	asfgBiH
asfj	nAma	napuMsaka	caturTI	eka	asfje
asfj	nAma	napuMsaka	caturTI	dvi	asfgByAm
asfj	nAma	napuMsaka	caturTI	bahu	asfgByaH
asfj	nAma	napuMsaka	paYcamI	eka	asfjaH
asfj	nAma	napuMsaka	paYcamI	dvi	asfgByAm
asfj	nAma	napuMsaka	paYcamI	bahu	asfgByaH
asfj	nAma	napuMsaka	zazWI	eka	asfjaH
asfj	nAma	napuMsaka	zazWI	dvi	asfjoH
asfj	nAma	napuMsaka	zazWI	bahu	asfjAm
asfj	nAma	napuMsaka	saptamI	eka	asfji
asfj	nAma	napuMsaka	saptamI	dvi	asajoH
asfj	nAma	napuMsaka	saptamI	bahu	asfkzu
asfj	nAma	napuMsaka	samboDana	eka	asfk
asfj	nAma	napuMsaka	samboDana	dvi	asfjI
asfj	nAma	napuMsaka	samboDana	bahu	asfjaH
jagat	nAma	napuMsaka	praTamA	eka	jagat
jagat	nAma	napuMsaka	praTamA	dvi	jagatI
jagat	nAma	napuMsaka	praTamA	bahu	jaganti
jagat	nAma	napuMsaka	dvitIyA	eka	jagat
jagat	nAma	napuMsaka	dvitIyA	dvi	jagatI
jagat	nAma	napuMsaka	dvitIyA	bahu	jaganti
jagat	nAma	napuMsaka	tftIyA	eka	jagatA
jagat	nAma	napuMsaka	tftIyA	dvi	jagadByAm
jagat	nAma	napuMsaka	tftIyA	bahu	jagadBiH
jagat	nAma	napuMsaka	caturTI	eka	jagate
jagat	nAma	napuMsaka	caturTI	dvi	jagadByAm
jagat	nAma	napuMsaka	caturTI	bahu	jagadByaH
jagat	nAma	napuMsaka	paYcamI	eka	jagataH
jagat	nAma	napuMsaka	paYcamI	dvi	jagadByAm
jagat	nAma	napuMsaka	paYcamI	bahu	jagadByaH
jagat	nAma	napuMsaka	zazWI	eka	jagataH
jagat	nAma	napuMsaka	zazWI	dvi	jagatoH
jagat	nAma	napuMsaka	zazWI	bahu	jagatAm
jagat	nAma	napuMsaka	saptamI	eka	jagati
jagat	nAma	napuMsaka	saptamI	dvi	jagatoH
jagat	nAma	napuMsaka	saptamI	bahu	jagatsu
jagat	nAma	napuMsaka	samboDana	eka	jagat
jagat	nAma	napuMsaka	samboDana	dvi	jagatI
jagat	nAma	napuMsaka	samboDana	bahu	jaganti
tudat	nAma	napuMsaka	praTamA	eka	tudat
tudat	nAma	napuMsaka	praTamA	dvi	tudantI-tudatI
tudat	nAma	napuMsaka	praTamA	bahu	tudanti
tudat	nAma	napuMsaka	dvitIyA	eka	tudat
tudat	nAma	napuMsaka	dvitIyA	dvi	tudantI-tudatI
tudat	nAma	napuMsaka	dvitIyA	bahu	tudanti
tudat	nAma	napuMsaka	tftIyA	eka	tudatA
tudat	nAma	napuMsaka	tftIyA	dvi	tudadByAm
tudat	nAma	napuMsaka	tftIyA	bahu	tudadBiH
tudat	nAma	napuMsaka	caturTI	eka	tudate
tudat	nAma	napuMsaka	caturTI	dvi	tudadByAm
tudat	nAma	napuMsaka	caturTI	bahu	tudadByaH
tudat	nAma	napuMsaka	paYcamI	eka	tudataH
tudat	nAma	napuMsaka	paYcamI	dvi	tudadByAm
tudat	nAma	napuMsaka	paYcamI	bahu	tudadByaH
tudat	nAma	napuMsaka	zazWI	eka	tudataH
tudat	nAma	napuMsaka	zazWI	dvi	tudatoH
tudat	nAma	napuMsaka	zazWI	bahu	tudatAm
tudat	nAma	napuMsaka	saptamI	eka	tudati
tudat	nAma	napuMsaka	saptamI	dvi	tudatoH
tudat	nAma	napuMsaka	saptamI	bahu	tudatsu
tudat	nAma	napuMsaka	samboDana	eka	tudat
tudat	nAma	napuMsaka	samboDana	dvi	tudantI-tudatI
tudat	nAma	napuMsaka	samboDana	bahu	tudanti
nAman	nAma	napuMsaka	praTamA	eka	nAma
nAman	nAma	napuMsaka	praTamA	dvi	nAmnI-nAmanI
nAman	nAma	napuMsaka	praTamA	bahu	nAmAni
nAman	nAma	napuMsaka	dvitIyA	eka	nAma
nAman	nAma	napuMsaka	dvitIyA	dvi	nAmnI-nAmanI
nAman	nAma	napuMsaka	dvitIyA	bahu	nAmAni
nAman	nAma	napuMsaka	tftIyA	eka	nAmnA
nAman	nAma	napuMsaka	tftIyA	dvi	nAmaByAm
nAman	nAma	napuMsaka	tftIyA	bahu	nAmaBiH
nAman	nAma	napuMsaka	caturTI	eka	nAmne
nAman	nAma	napuMsaka	caturTI	dvi	nAmaByAm
nAman	nAma	napuMsaka	caturTI	bahu	nAmaByaH
nAman	nAma	napuMsaka	paYcamI	eka	nAmnaH
nAman	nAma	napuMsaka	paYcamI	dvi	nAmaByAm
nAman	nAma	napuMsaka	paYcamI	bahu	nAmaByaH
nAman	nAma	napuMsaka	zazWI	eka	nAmnaH
nAman	nAma	napuMsaka	zazWI	dvi	nAmnoH
nAman	nAma	napuMsaka	zazWI	bahu	nAmnAm
nAman	nAma	napuMsaka	saptamI	eka	nAmni
nAman	nAma	napuMsaka	saptamI	dvi	nAmnoH
nAman	nAma	napuMsaka	saptamI	bahu	nAmasu
nAman	nAma	napuMsaka	samboDana	eka	nAman, nAma
nAman	nAma	napuMsaka	samboDana	dvi	nAmnI-nAmanI
nAman	nAma	napuMsaka	samboDana	bahu	nAmAni
haviz	nAma	napuMsaka	praTamA	eka	haviH
haviz	nAma	napuMsaka	praTamA	dvi	havizI
haviz	nAma	napuMsaka	praTamA	bahu	havIMzi
haviz	nAma	napuMsaka	dvitIyA	eka	haviH
haviz	nAma	napuMsaka	dvitIyA	dvi	havizI
haviz	nAma	napuMsaka	dvitIyA	bahu	havIMzi
haviz	nAma	napuMsaka	tftIyA	eka	havizA
haviz	nAma	napuMsaka	tftIyA	dvi	havirByAm
haviz	nAma	napuMsaka	tftIyA	bahu	havirBiH
haviz	nAma	napuMsaka	caturTI	eka	havize
haviz	nAma	napuMsaka	caturTI	dvi	havirByAm
haviz	nAma	napuMsaka	caturTI	bahu	havirByaH
haviz	nAma	napuMsaka	paYcamI	eka	havizaH
haviz	nAma	napuMsaka	paYcamI	dvi	havirByAm
haviz	nAma	napuMsaka	paYcamI	bahu	havirByaH
haviz	nAma	napuMsaka	zazWI	eka	havizaH
haviz	nAma	napuMsaka	zazWI	dvi	havizoH
haviz	nAma	napuMsaka	zazWI	bahu	havInAm
haviz	nAma	napuMsaka	saptamI	eka	havizi
haviz	nAma	napuMsaka	saptamI	dvi	havizoH
haviz	nAma	napuMsaka	saptamI	bahu	havizzu
haviz	nAma	napuMsaka	samboDana	eka	haviH
haviz	nAma	napuMsaka	samboDana	dvi	havizI
haviz	nAma	napuMsaka	samboDana	bahu	havIMzi
manas	nAma	napuMsaka	praTamA	eka	manaH
manas	nAma	napuMsaka	praTamA	dvi	manasI
manas	nAma	napuMsaka	praTamA	bahu	manAMsi
manas	nAma	napuMsaka	dvitIyA	eka	manaH
manas	nAma	napuMsaka	dvitIyA	dvi	manasI
manas	nAma	napuMsaka	dvitIyA	bahu	manAMsi
manas	nAma	napuMsaka	tftIyA	eka	manasA
manas	nAma	napuMsaka	tftIyA	dvi	manoByAm
manas	nAma	napuMsaka	tftIyA	bahu	manoBiH
manas	nAma	napuMsaka	caturTI	eka	manase
manas	nAma	napuMsaka	caturTI	dvi	manoByAm
manas	nAma	napuMsaka	caturTI	bahu	manoByaH
manas	nAma	napuMsaka	paYcamI	eka	manasaH
manas	nAma	napuMsaka	paYcamI	dvi	manoByAm
manas	nAma	napuMsaka	paYcamI	bahu	manoByaH
manas	nAma	napuMsaka	zazWI	eka	manasaH
manas	nAma	napuMsaka	zazWI	dvi	manasoH
manas	nAma	napuMsaka	zazWI	bahu	manasAm
manas	nAma	napuMsaka	saptamI	eka	manasi
manas	nAma	napuMsaka	saptamI	dvi	manasoH
manas	nAma	napuMsaka	saptamI	bahu	manassu
manas	nAma	napuMsaka	samboDana	eka	manaH
manas	nAma	napuMsaka	samboDana	dvi	manasI
manas	nAma	napuMsaka	samboDana	bahu	manAMsi
amBoruh	nAma	napuMsaka	praTamA	eka	amBoruw
amBoruh	nAma	napuMsaka	praTamA	dvi	amBoruhI
amBoruh	nAma	napuMsaka	praTamA	bahu	amBoruMhi
amBoruh	nAma	napuMsaka	dvitIyA	eka	amBoruw
amBoruh	nAma	napuMsaka	dvitIyA	dvi	amBoruhI
amBoruh	nAma	napuMsaka	dvitIyA	bahu	amBoruMhi
amBoruh	nAma	napuMsaka	tftIyA	eka	amBoruhA
amBoruh	nAma	napuMsaka	tftIyA	dvi	amBoruqByAm
amBoruh	nAma	napuMsaka	tftIyA	bahu	amBoruqBiH
amBoruh	nAma	napuMsaka	caturTI	eka	amBoruhe
amBoruh	nAma	napuMsaka	caturTI	dvi	amBoruqByAm
amBoruh	nAma	napuMsaka	caturTI	bahu	amBoruqByaH
amBoruh	nAma	napuMsaka	paYcamI	eka	amBoruhaH
amBoruh	nAma	napuMsaka	paYcamI	dvi	amBoruqByAm
amBoruh	nAma	napuMsaka	paYcamI	bahu	amBoraqByaH
amBoruh	nAma	napuMsaka	zazWI	eka	amBoruhaH
amBoruh	nAma	napuMsaka	zazWI	dvi	amBoruhoH
amBoruh	nAma	napuMsaka	zazWI	bahu	amBoruhAm
amBoruh	nAma	napuMsaka	saptamI	eka	amBoruhi
amBoruh	nAma	napuMsaka	saptamI	dvi	amBoruhoH
amBoruh	nAma	napuMsaka	saptamI	bahu	amboruwsu
amBoruh	nAma	napuMsaka	samboDana	eka	amBoruw
amBoruh	nAma	napuMsaka	samboDana	dvi	amBoruhI
amBoruh	nAma	napuMsaka	samboDana	bahu	amBoruMhi
